Using pre-set license
Built from '6000.0/release' branch; Version is '6000.0.45f1 (d91bd3d4e081) revision 14228435'; Using compiler version '193933523'; Build Type 'Release'
OS: 'Windows 10  (10.0.19045) 64bit Professional' Language: 'pt' Physical Memory: 40898 MB
BatchMode: 1, IsHumanControllingUs: 0, StartBugReporterOnCrash: 0, Is64bit: 1, IsPro: 1

COMMAND LINE ARGUMENTS:
C:\Program Files\Unity\Hub\Editor\6000.0.45f1\Editor\Unity.exe
-adb2
-batchMode
-noUpm
-name
AssetImportWorker0
-projectPath
C:/Users/GustaPC/Desktop/Unity/Unity parte 1 criação de um jogo de sobrevivência à zumbis para Web/ZumbiGame
-logFile
Logs/AssetImportWorker0.log
-srvPort
49701
-job-worker-count
1
-background-job-worker-count
8
-gc-helper-count
1
Successfully changed project path to: C:/Users/GustaPC/Desktop/Unity/Unity parte 1 criação de um jogo de sobrevivência à zumbis para Web/ZumbiGame
C:/Users/GustaPC/Desktop/Unity/Unity parte 1 criação de um jogo de sobrevivência à zumbis para Web/ZumbiGame
[UnityMemory] Configuration Parameters - Can be set up in boot.config
    "memorysetup-bucket-allocator-granularity=16"
    "memorysetup-bucket-allocator-bucket-count=8"
    "memorysetup-bucket-allocator-block-size=33554432"
    "memorysetup-bucket-allocator-block-count=8"
    "memorysetup-main-allocator-block-size=16777216"
    "memorysetup-thread-allocator-block-size=16777216"
    "memorysetup-gfx-main-allocator-block-size=16777216"
    "memorysetup-gfx-thread-allocator-block-size=16777216"
    "memorysetup-cache-allocator-block-size=4194304"
    "memorysetup-typetree-allocator-block-size=2097152"
    "memorysetup-profiler-bucket-allocator-granularity=16"
    "memorysetup-profiler-bucket-allocator-bucket-count=8"
    "memorysetup-profiler-bucket-allocator-block-size=33554432"
    "memorysetup-profiler-bucket-allocator-block-count=8"
    "memorysetup-profiler-allocator-block-size=16777216"
    "memorysetup-profiler-editor-allocator-block-size=1048576"
    "memorysetup-temp-allocator-size-main=16777216"
    "memorysetup-job-temp-allocator-block-size=2097152"
    "memorysetup-job-temp-allocator-block-size-background=1048576"
    "memorysetup-job-temp-allocator-reduction-small-platforms=262144"
    "memorysetup-allocator-temp-initial-block-size-main=262144"
    "memorysetup-allocator-temp-initial-block-size-worker=262144"
    "memorysetup-temp-allocator-size-background-worker=32768"
    "memorysetup-temp-allocator-size-job-worker=262144"
    "memorysetup-temp-allocator-size-preload-manager=33554432"
    "memorysetup-temp-allocator-size-nav-mesh-worker=65536"
    "memorysetup-temp-allocator-size-audio-worker=65536"
    "memorysetup-temp-allocator-size-cloud-worker=32768"
    "memorysetup-temp-allocator-size-gi-baking-worker=262144"
    "memorysetup-temp-allocator-size-gi-baking-worker=262144"
    "memorysetup-temp-allocator-size-gi-baking-worker=262144"
    "memorysetup-temp-allocator-size-gi-baking-worker=262144"
    "memorysetup-temp-allocator-size-gi-baking-worker=262144"
    "memorysetup-temp-allocator-size-gfx=262144"
Player connection [11424]  Target information:

Player connection [11424]  * "[IP] 192.168.1.180 [Port] 0 [Flags] 2 [Guid] 823889152 [EditorId] 823889152 [Version] 1048832 [Id] WindowsEditor(7,DESKTOP-FGCKNNF) [Debug] 1 [PackageName] WindowsEditor [ProjectName] Editor" 

Player connection [11424] Host joined multi-casting on [225.0.0.222:54997]...
Player connection [11424] Host joined alternative multi-casting on [225.0.0.222:34997]...
JobSystem: Creating JobQueue using job-worker-count value 1
Input System module state changed to: Initialized.
[Physics::Module] Initialized fallback backend.
[Physics::Module] Id: 0xdecafbad
Library Redirect Path: Library/
[Physics::Module] Selected backend.
[Physics::Module] Name: PhysX
[Physics::Module] Id: 0xf2b8ea05
[Physics::Module] SDK Version: 4.1.2
[Physics::Module] Integration Version: 1.0.0
[Physics::Module] Threading Mode: Multi-Threaded
Refreshing native plugins compatible for Editor in 0.00 ms, found 0 plugins.
Preloading 0 native plugins for Editor in 0.00 ms.
Initialize engine version: 6000.0.45f1 (d91bd3d4e081)
[Subsystems] Discovering subsystems at path C:/Program Files/Unity/Hub/Editor/6000.0.45f1/Editor/Data/Resources/UnitySubsystems
[Subsystems] Discovering subsystems at path C:/Users/GustaPC/Desktop/Unity/Unity parte 1 criação de um jogo de sobrevivência à zumbis para Web/ZumbiGame/Assets
GfxDevice: creating device client; kGfxThreadingModeNonThreaded
Direct3D:
    Version:  Direct3D 11.0 [level 11.1]
    Renderer: Radeon RX 580 Series (ID=0x67df)
    Vendor:   ATI
    VRAM:     4074 MB
    Driver:   31.0.21921.1000
Initialize mono
Mono path[0] = 'C:/Program Files/Unity/Hub/Editor/6000.0.45f1/Editor/Data/Managed'
Mono path[1] = 'C:/Program Files/Unity/Hub/Editor/6000.0.45f1/Editor/Data/MonoBleedingEdge/lib/mono/unityjit-win32'
Mono config path = 'C:/Program Files/Unity/Hub/Editor/6000.0.45f1/Editor/Data/MonoBleedingEdge/etc'
Using monoOptions --debugger-agent=transport=dt_socket,embedding=1,server=y,suspend=n,address=127.0.0.1:56860
Begin MonoManager ReloadAssembly
Registering precompiled unity dll's ...
Register platform support module: C:/Program Files/Unity/Hub/Editor/6000.0.45f1/Editor/Data/PlaybackEngines/WebGLSupport/UnityEditor.WebGL.Extensions.dll
Register platform support module: C:/Program Files/Unity/Hub/Editor/6000.0.45f1/Editor/Data/PlaybackEngines/WindowsStandaloneSupport/UnityEditor.WindowsStandalone.Extensions.dll
Registered in 0.004684 seconds.
- Loaded All Assemblies, in  0.489 seconds
Native extension for WindowsStandalone target not found
Native extension for WebGL target not found
Mono: successfully reloaded assembly
- Finished resetting the current domain, in  0.409 seconds
Domain Reload Profiling: 896ms
	BeginReloadAssembly (157ms)
		ExecutionOrderSort (0ms)
		DisableScriptedObjects (0ms)
		BackupInstance (0ms)
		ReleaseScriptingObjects (0ms)
		CreateAndSetChildDomain (1ms)
	RebuildCommonClasses (45ms)
	RebuildNativeTypeToScriptingClass (16ms)
	initialDomainReloadingComplete (61ms)
	LoadAllAssembliesAndSetupDomain (207ms)
		LoadAssemblies (153ms)
		RebuildTransferFunctionScriptingTraits (0ms)
		AnalyzeDomain (203ms)
			TypeCache.Refresh (202ms)
				TypeCache.ScanAssembly (187ms)
			BuildScriptInfoCaches (0ms)
			ResolveRequiredComponents (0ms)
	FinalizeReload (410ms)
		ReleaseScriptCaches (0ms)
		RebuildScriptCaches (0ms)
		SetupLoadedEditorAssemblies (365ms)
			LogAssemblyErrors (0ms)
			InitializePlatformSupportModulesInManaged (25ms)
			SetLoadedEditorAssemblies (5ms)
			BeforeProcessingInitializeOnLoad (68ms)
			ProcessInitializeOnLoadAttributes (185ms)
			ProcessInitializeOnLoadMethodAttributes (82ms)
			AfterProcessingInitializeOnLoad (0ms)
			EditorAssembliesLoaded (0ms)
		ExecutionOrderSort2 (0ms)
		AwakeInstancesAfterBackupRestoration (0ms)
========================================================================
Worker process is ready to serve import requests
Import Worker Mode flag is 0x00
Begin MonoManager ReloadAssembly
- Loaded All Assemblies, in  0.419 seconds
Refreshing native plugins compatible for Editor in 0.00 ms, found 0 plugins.
Native extension for WindowsStandalone target not found
Native extension for WebGL target not found
Mono: successfully reloaded assembly
- Finished resetting the current domain, in  0.416 seconds
Domain Reload Profiling: 831ms
	BeginReloadAssembly (264ms)
		ExecutionOrderSort (0ms)
		DisableScriptedObjects (8ms)
		BackupInstance (0ms)
		ReleaseScriptingObjects (0ms)
		CreateAndSetChildDomain (38ms)
	RebuildCommonClasses (51ms)
	RebuildNativeTypeToScriptingClass (16ms)
	initialDomainReloadingComplete (34ms)
	LoadAllAssembliesAndSetupDomain (49ms)
		LoadAssemblies (143ms)
		RebuildTransferFunctionScriptingTraits (0ms)
		AnalyzeDomain (27ms)
			TypeCache.Refresh (22ms)
				TypeCache.ScanAssembly (4ms)
			BuildScriptInfoCaches (2ms)
			ResolveRequiredComponents (1ms)
	FinalizeReload (416ms)
		ReleaseScriptCaches (0ms)
		RebuildScriptCaches (0ms)
		SetupLoadedEditorAssemblies (267ms)
			LogAssemblyErrors (0ms)
			InitializePlatformSupportModulesInManaged (4ms)
			SetLoadedEditorAssemblies (4ms)
			BeforeProcessingInitializeOnLoad (73ms)
			ProcessInitializeOnLoadAttributes (147ms)
			ProcessInitializeOnLoadMethodAttributes (30ms)
			AfterProcessingInitializeOnLoad (8ms)
			EditorAssembliesLoaded (0ms)
		ExecutionOrderSort2 (0ms)
		AwakeInstancesAfterBackupRestoration (10ms)
Launched and connected shader compiler UnityShaderCompiler.exe after 0.02 seconds
Refreshing native plugins compatible for Editor in 0.00 ms, found 0 plugins.
Preloading 0 native plugins for Editor in 0.00 ms.
Unloading 6 Unused Serialized files (Serialized files now loaded: 0)
Unloading 64 unused Assets / (36.2 KB). Loaded Objects now: 561.
Memory consumption went from 51.8 MB to 51.8 MB.
Total: 4.072800 ms (FindLiveObjects: 0.072700 ms CreateObjectMapping: 0.005900 ms MarkObjects: 3.884200 ms  DeleteObjects: 0.108900 ms)

========================================================================
Received Import Request.
  Time since last request: 119156.475675 seconds.
  path: Assets
  artifactKey: Guid(00000000000000001000000000000000) Importer(815301076,1909f56bfc062723c751e8b465ee728b)
Start importing Assets using Guid(00000000000000001000000000000000) Importer(815301076,1909f56bfc062723c751e8b465ee728b) (PreviewImporter) -> (artifact id: 'c391582d739b6e62a5220f35cbb167ac') in 0.0038803 seconds
Number of updated asset objects reloaded before import = 0Number of asset objects unloaded after import = 0

========================================================================
Received Prepare
Refreshing native plugins compatible for Editor in 0.00 ms, found 0 plugins.
Preloading 0 native plugins for Editor in 0.00 ms.
Unloading 0 Unused Serialized files (Serialized files now loaded: 0)
Unloading 63 unused Assets / (1.0 KB). Loaded Objects now: 564.
Memory consumption went from 51.5 MB to 51.5 MB.
Total: 5.101400 ms (FindLiveObjects: 0.039600 ms CreateObjectMapping: 0.005000 ms MarkObjects: 5.015900 ms  DeleteObjects: 0.039400 ms)

Prepare: number of updated asset objects reloaded= 0
========================================================================
Received Prepare
Begin MonoManager ReloadAssembly
- Loaded All Assemblies, in  0.338 seconds
Refreshing native plugins compatible for Editor in 0.00 ms, found 0 plugins.
Native extension for WindowsStandalone target not found
Native extension for WebGL target not found
Mono: successfully reloaded assembly
- Finished resetting the current domain, in  0.417 seconds
Domain Reload Profiling: 751ms
	BeginReloadAssembly (224ms)
		ExecutionOrderSort (0ms)
		DisableScriptedObjects (7ms)
		BackupInstance (0ms)
		ReleaseScriptingObjects (0ms)
		CreateAndSetChildDomain (30ms)
	RebuildCommonClasses (52ms)
	RebuildNativeTypeToScriptingClass (17ms)
	initialDomainReloadingComplete (26ms)
	LoadAllAssembliesAndSetupDomain (15ms)
		LoadAssemblies (148ms)
		RebuildTransferFunctionScriptingTraits (0ms)
		AnalyzeDomain (10ms)
			TypeCache.Refresh (5ms)
				TypeCache.ScanAssembly (0ms)
			BuildScriptInfoCaches (3ms)
			ResolveRequiredComponents (0ms)
	FinalizeReload (417ms)
		ReleaseScriptCaches (0ms)
		RebuildScriptCaches (0ms)
		SetupLoadedEditorAssemblies (265ms)
			LogAssemblyErrors (0ms)
			InitializePlatformSupportModulesInManaged (4ms)
			SetLoadedEditorAssemblies (4ms)
			BeforeProcessingInitializeOnLoad (72ms)
			ProcessInitializeOnLoadAttributes (144ms)
			ProcessInitializeOnLoadMethodAttributes (31ms)
			AfterProcessingInitializeOnLoad (9ms)
			EditorAssembliesLoaded (0ms)
		ExecutionOrderSort2 (0ms)
		AwakeInstancesAfterBackupRestoration (12ms)
Refreshing native plugins compatible for Editor in 0.00 ms, found 0 plugins.
Preloading 0 native plugins for Editor in 0.00 ms.
Unloading 0 Unused Serialized files (Serialized files now loaded: 0)
Unloading 63 unused Assets / (1.0 KB). Loaded Objects now: 564.
Memory consumption went from 51.3 MB to 51.3 MB.
Total: 3.364800 ms (FindLiveObjects: 0.041200 ms CreateObjectMapping: 0.005700 ms MarkObjects: 3.286400 ms  DeleteObjects: 0.030600 ms)

Prepare: number of updated asset objects reloaded= 0
========================================================================
Received Import Request.
  Time since last request: 15.411522 seconds.
  path: Assets/NewMonoBehaviourScript.cs
  artifactKey: Guid(1efded3eb15b8c146820e72fb3d95211) Importer(815301076,1909f56bfc062723c751e8b465ee728b)
Start importing Assets/NewMonoBehaviourScript.cs using Guid(1efded3eb15b8c146820e72fb3d95211) Importer(815301076,1909f56bfc062723c751e8b465ee728b) (PreviewImporter) -> (artifact id: '41cf706d24b5175058ad17cd0393a6be') in 0.0014956 seconds
Number of updated asset objects reloaded before import = 0Number of asset objects unloaded after import = 0

========================================================================
Received Prepare
Refreshing native plugins compatible for Editor in 0.00 ms, found 0 plugins.
Preloading 0 native plugins for Editor in 0.00 ms.
Unloading 0 Unused Serialized files (Serialized files now loaded: 0)
Unloading 63 unused Assets / (1.0 KB). Loaded Objects now: 564.
Memory consumption went from 51.5 MB to 51.5 MB.
Total: 4.485700 ms (FindLiveObjects: 0.040600 ms CreateObjectMapping: 0.005700 ms MarkObjects: 4.408300 ms  DeleteObjects: 0.030000 ms)

Prepare: number of updated asset objects reloaded= 0
========================================================================
Received Import Request.
  Time since last request: 11.852773 seconds.
  path: Assets/ControlaJogador.cs
  artifactKey: Guid(1efded3eb15b8c146820e72fb3d95211) Importer(815301076,1909f56bfc062723c751e8b465ee728b)
Start importing Assets/ControlaJogador.cs using Guid(1efded3eb15b8c146820e72fb3d95211) Importer(815301076,1909f56bfc062723c751e8b465ee728b) (PreviewImporter) -> (artifact id: 'e0388c73d220331b004857688fcac4e6') in 0.0008188 seconds
Number of updated asset objects reloaded before import = 0Number of asset objects unloaded after import = 0

========================================================================
Received Prepare
Begin MonoManager ReloadAssembly
- Loaded All Assemblies, in  0.397 seconds
Refreshing native plugins compatible for Editor in 0.00 ms, found 0 plugins.
Native extension for WindowsStandalone target not found
Native extension for WebGL target not found
Mono: successfully reloaded assembly
- Finished resetting the current domain, in  0.628 seconds
Domain Reload Profiling: 1023ms
	BeginReloadAssembly (241ms)
		ExecutionOrderSort (0ms)
		DisableScriptedObjects (10ms)
		BackupInstance (0ms)
		ReleaseScriptingObjects (0ms)
		CreateAndSetChildDomain (30ms)
	RebuildCommonClasses (68ms)
	RebuildNativeTypeToScriptingClass (26ms)
	initialDomainReloadingComplete (39ms)
	LoadAllAssembliesAndSetupDomain (21ms)
		LoadAssemblies (169ms)
		RebuildTransferFunctionScriptingTraits (0ms)
		AnalyzeDomain (15ms)
			TypeCache.Refresh (8ms)
				TypeCache.ScanAssembly (0ms)
			BuildScriptInfoCaches (3ms)
			ResolveRequiredComponents (0ms)
	FinalizeReload (629ms)
		ReleaseScriptCaches (0ms)
		RebuildScriptCaches (0ms)
		SetupLoadedEditorAssemblies (408ms)
			LogAssemblyErrors (0ms)
			InitializePlatformSupportModulesInManaged (5ms)
			SetLoadedEditorAssemblies (7ms)
			BeforeProcessingInitializeOnLoad (92ms)
			ProcessInitializeOnLoadAttributes (202ms)
			ProcessInitializeOnLoadMethodAttributes (85ms)
			AfterProcessingInitializeOnLoad (16ms)
			EditorAssembliesLoaded (0ms)
		ExecutionOrderSort2 (0ms)
		AwakeInstancesAfterBackupRestoration (17ms)
Refreshing native plugins compatible for Editor in 0.00 ms, found 0 plugins.
Preloading 0 native plugins for Editor in 0.00 ms.
Unloading 0 Unused Serialized files (Serialized files now loaded: 0)
Unloading 63 unused Assets / (1.0 KB). Loaded Objects now: 564.
Memory consumption went from 51.3 MB to 51.3 MB.
Total: 3.843900 ms (FindLiveObjects: 0.041300 ms CreateObjectMapping: 0.010100 ms MarkObjects: 3.763100 ms  DeleteObjects: 0.028000 ms)

Prepare: number of updated asset objects reloaded= 0
========================================================================
Received Import Request.
  Time since last request: 4.813451 seconds.
  path: Assets/ControlaJogador.cs
  artifactKey: Guid(1efded3eb15b8c146820e72fb3d95211) Importer(815301076,1909f56bfc062723c751e8b465ee728b)
Start importing Assets/ControlaJogador.cs using Guid(1efded3eb15b8c146820e72fb3d95211) Importer(815301076,1909f56bfc062723c751e8b465ee728b) (PreviewImporter) -> (artifact id: '22632e1e68c60053010b9a018369a7e4') in 0.0047888 seconds
Number of updated asset objects reloaded before import = 0Number of asset objects unloaded after import = 0

========================================================================
Received Prepare
Begin MonoManager ReloadAssembly
- Loaded All Assemblies, in  0.361 seconds
Refreshing native plugins compatible for Editor in 0.00 ms, found 0 plugins.
Native extension for WindowsStandalone target not found
Native extension for WebGL target not found
Mono: successfully reloaded assembly
- Finished resetting the current domain, in  0.495 seconds
Domain Reload Profiling: 854ms
	BeginReloadAssembly (257ms)
		ExecutionOrderSort (0ms)
		DisableScriptedObjects (8ms)
		BackupInstance (0ms)
		ReleaseScriptingObjects (0ms)
		CreateAndSetChildDomain (78ms)
	RebuildCommonClasses (45ms)
	RebuildNativeTypeToScriptingClass (15ms)
	initialDomainReloadingComplete (26ms)
	LoadAllAssembliesAndSetupDomain (16ms)
		LoadAssemblies (135ms)
		RebuildTransferFunctionScriptingTraits (0ms)
		AnalyzeDomain (11ms)
			TypeCache.Refresh (5ms)
				TypeCache.ScanAssembly (0ms)
			BuildScriptInfoCaches (3ms)
			ResolveRequiredComponents (0ms)
	FinalizeReload (495ms)
		ReleaseScriptCaches (0ms)
		RebuildScriptCaches (0ms)
		SetupLoadedEditorAssemblies (323ms)
			LogAssemblyErrors (0ms)
			InitializePlatformSupportModulesInManaged (5ms)
			SetLoadedEditorAssemblies (5ms)
			BeforeProcessingInitializeOnLoad (88ms)
			ProcessInitializeOnLoadAttributes (176ms)
			ProcessInitializeOnLoadMethodAttributes (38ms)
			AfterProcessingInitializeOnLoad (10ms)
			EditorAssembliesLoaded (0ms)
		ExecutionOrderSort2 (0ms)
		AwakeInstancesAfterBackupRestoration (13ms)
Refreshing native plugins compatible for Editor in 0.00 ms, found 0 plugins.
Preloading 0 native plugins for Editor in 0.00 ms.
Unloading 0 Unused Serialized files (Serialized files now loaded: 0)
Unloading 63 unused Assets / (1.0 KB). Loaded Objects now: 564.
Memory consumption went from 51.3 MB to 51.3 MB.
Total: 3.906600 ms (FindLiveObjects: 0.043000 ms CreateObjectMapping: 0.005600 ms MarkObjects: 3.826100 ms  DeleteObjects: 0.030700 ms)

Prepare: number of updated asset objects reloaded= 0
========================================================================
Received Import Request.
  Time since last request: 238.380849 seconds.
  path: Assets/ControlaJogador.cs
  artifactKey: Guid(1efded3eb15b8c146820e72fb3d95211) Importer(815301076,1909f56bfc062723c751e8b465ee728b)
Start importing Assets/ControlaJogador.cs using Guid(1efded3eb15b8c146820e72fb3d95211) Importer(815301076,1909f56bfc062723c751e8b465ee728b) (PreviewImporter) -> (artifact id: 'b15ea6a116deddab64f0502fc2c27304') in 0.0016355 seconds
Number of updated asset objects reloaded before import = 0Number of asset objects unloaded after import = 0

========================================================================
Received Prepare
Begin MonoManager ReloadAssembly
- Loaded All Assemblies, in  0.479 seconds
Refreshing native plugins compatible for Editor in 0.00 ms, found 0 plugins.
Native extension for WindowsStandalone target not found
Native extension for WebGL target not found
Mono: successfully reloaded assembly
- Finished resetting the current domain, in  0.541 seconds
Domain Reload Profiling: 1017ms
	BeginReloadAssembly (319ms)
		ExecutionOrderSort (0ms)
		DisableScriptedObjects (10ms)
		BackupInstance (0ms)
		ReleaseScriptingObjects (0ms)
		CreateAndSetChildDomain (37ms)
	RebuildCommonClasses (63ms)
	RebuildNativeTypeToScriptingClass (34ms)
	initialDomainReloadingComplete (38ms)
	LoadAllAssembliesAndSetupDomain (22ms)
		LoadAssemblies (226ms)
		RebuildTransferFunctionScriptingTraits (0ms)
		AnalyzeDomain (13ms)
			TypeCache.Refresh (5ms)
				TypeCache.ScanAssembly (0ms)
			BuildScriptInfoCaches (5ms)
			ResolveRequiredComponents (1ms)
	FinalizeReload (542ms)
		ReleaseScriptCaches (0ms)
		RebuildScriptCaches (0ms)
		SetupLoadedEditorAssemblies (354ms)
			LogAssemblyErrors (0ms)
			InitializePlatformSupportModulesInManaged (6ms)
			SetLoadedEditorAssemblies (4ms)
			BeforeProcessingInitializeOnLoad (93ms)
			ProcessInitializeOnLoadAttributes (192ms)
			ProcessInitializeOnLoadMethodAttributes (49ms)
			AfterProcessingInitializeOnLoad (10ms)
			EditorAssembliesLoaded (0ms)
		ExecutionOrderSort2 (0ms)
		AwakeInstancesAfterBackupRestoration (13ms)
Refreshing native plugins compatible for Editor in 0.00 ms, found 0 plugins.
Preloading 0 native plugins for Editor in 0.00 ms.
Unloading 0 Unused Serialized files (Serialized files now loaded: 0)
Unloading 63 unused Assets / (1.0 KB). Loaded Objects now: 564.
Memory consumption went from 51.3 MB to 51.3 MB.
Total: 5.282100 ms (FindLiveObjects: 0.045800 ms CreateObjectMapping: 0.006100 ms MarkObjects: 5.150000 ms  DeleteObjects: 0.079000 ms)

Prepare: number of updated asset objects reloaded= 0
========================================================================
Received Import Request.
  Time since last request: 88.816662 seconds.
  path: Assets/ControlaJogador.cs
  artifactKey: Guid(1efded3eb15b8c146820e72fb3d95211) Importer(815301076,1909f56bfc062723c751e8b465ee728b)
Start importing Assets/ControlaJogador.cs using Guid(1efded3eb15b8c146820e72fb3d95211) Importer(815301076,1909f56bfc062723c751e8b465ee728b) (PreviewImporter) -> (artifact id: '766534a1a0de4cbae904cdfd9e78cba1') in 0.0017501 seconds
Number of updated asset objects reloaded before import = 0Number of asset objects unloaded after import = 0

========================================================================
Received Prepare
Refreshing native plugins compatible for Editor in 0.00 ms, found 0 plugins.
Preloading 0 native plugins for Editor in 0.00 ms.
Unloading 0 Unused Serialized files (Serialized files now loaded: 0)
Unloading 63 unused Assets / (1.1 KB). Loaded Objects now: 564.
Memory consumption went from 51.5 MB to 51.5 MB.
Total: 6.143800 ms (FindLiveObjects: 0.052800 ms CreateObjectMapping: 0.005300 ms MarkObjects: 6.052800 ms  DeleteObjects: 0.031400 ms)

Prepare: number of updated asset objects reloaded= 0
========================================================================
Received Import Request.
  Time since last request: 159.471150 seconds.
  path: Assets/ControlaJogador.cs
  artifactKey: Guid(1efded3eb15b8c146820e72fb3d95211) Importer(2089858483,192608db42251d675da83286b1cce702)
Start importing Assets/ControlaJogador.cs using Guid(1efded3eb15b8c146820e72fb3d95211) Importer(2089858483,192608db42251d675da83286b1cce702) (ScriptedImporter) -> (artifact id: '1b9a11ef5d6afbde3b3ac13dd4642991') in 0.177068 seconds
Number of updated asset objects reloaded before import = 0Number of asset objects unloaded after import = 0

========================================================================
Received Import Request.
  Time since last request: 0.000850 seconds.
  path: Assets/Materiais/Personagens/Personagem_MulherCasaco.mat
  artifactKey: Guid(7e30f370eea8d8f4592944ff37500f20) Importer(2089858483,192608db42251d675da83286b1cce702)
Start importing Assets/Materiais/Personagens/Personagem_MulherCasaco.mat using Guid(7e30f370eea8d8f4592944ff37500f20) Importer(2089858483,192608db42251d675da83286b1cce702) (ScriptedImporter) -> (artifact id: '8bb570af408a9064a1d54d4dfe98f8d3') in 0.0668774 seconds
Number of updated asset objects reloaded before import = 0Number of asset objects unloaded after import = 2

========================================================================
Received Import Request.
  Time since last request: 0.000024 seconds.
  path: Assets/Modelos3D/Aderecos/Cerca_Destruido_01.fbx
  artifactKey: Guid(d17cfbd90cb4c1e43ad6530a03a993ee) Importer(2089858483,192608db42251d675da83286b1cce702)
Start importing Assets/Modelos3D/Aderecos/Cerca_Destruido_01.fbx using Guid(d17cfbd90cb4c1e43ad6530a03a993ee) Importer(2089858483,192608db42251d675da83286b1cce702) (ScriptedImporter) -> (artifact id: '16440e14a00b8ca0f645e257b7d9ca04') in 0.0775712 seconds
Number of updated asset objects reloaded before import = 0Number of asset objects unloaded after import = 7

========================================================================
Received Import Request.
  Time since last request: 0.000016 seconds.
  path: Assets/Modelos3D/Aderecos/Arvore_04.fbx
  artifactKey: Guid(8f17ff758205f274cb0146170dacac53) Importer(2089858483,192608db42251d675da83286b1cce702)
Start importing Assets/Modelos3D/Aderecos/Arvore_04.fbx using Guid(8f17ff758205f274cb0146170dacac53) Importer(2089858483,192608db42251d675da83286b1cce702) (ScriptedImporter) -> (artifact id: 'c2abd9893c8ed9231cd91563f5614d31') in 0.0282513 seconds
Number of updated asset objects reloaded before import = 0Number of asset objects unloaded after import = 7

========================================================================
Received Import Request.
  Time since last request: 0.000015 seconds.
  path: Assets/game.unity
  artifactKey: Guid(99e1e906b05965e419e91d56329965a4) Importer(2089858483,192608db42251d675da83286b1cce702)
Start importing Assets/game.unity using Guid(99e1e906b05965e419e91d56329965a4) Importer(2089858483,192608db42251d675da83286b1cce702) (ScriptedImporter) -> (artifact id: '49b097416e741f9e9a015e7da75c1021') in 0.0204914 seconds
Number of updated asset objects reloaded before import = 0Number of asset objects unloaded after import = 1

========================================================================
Received Import Request.
  Time since last request: 0.000016 seconds.
  path: Assets/Texturas/Cenario.png
  artifactKey: Guid(4ff1af79d71131d4baa930635e93b073) Importer(2089858483,192608db42251d675da83286b1cce702)
Start importing Assets/Texturas/Cenario.png using Guid(4ff1af79d71131d4baa930635e93b073) Importer(2089858483,192608db42251d675da83286b1cce702) (ScriptedImporter) -> (artifact id: '0ecc32c45731fb43fd7b284e42d0b107') in 0.0790022 seconds
Number of updated asset objects reloaded before import = 0Number of asset objects unloaded after import = 1

========================================================================
Received Import Request.
  Time since last request: 0.000017 seconds.
  path: Assets/Modelos3D/Aderecos/Fogueira.fbx
  artifactKey: Guid(42b5c80bc966e694cbb622db88d3cdcf) Importer(2089858483,192608db42251d675da83286b1cce702)
Start importing Assets/Modelos3D/Aderecos/Fogueira.fbx using Guid(42b5c80bc966e694cbb622db88d3cdcf) Importer(2089858483,192608db42251d675da83286b1cce702) (ScriptedImporter) -> (artifact id: '975b3294a510e7494615c17927b1307a') in 0.0289224 seconds
Number of updated asset objects reloaded before import = 0Number of asset objects unloaded after import = 7

========================================================================
Received Import Request.
  Time since last request: 0.000025 seconds.
  path: Assets/Materiais/Corpos/Corpo_02.mat
  artifactKey: Guid(a2ddc97a73c8810468c1016f0005bab1) Importer(2089858483,192608db42251d675da83286b1cce702)
Start importing Assets/Materiais/Corpos/Corpo_02.mat using Guid(a2ddc97a73c8810468c1016f0005bab1) Importer(2089858483,192608db42251d675da83286b1cce702) (ScriptedImporter) -> (artifact id: '7d073cf6aa58eb48c84b7c23697de343') in 0.0156744 seconds
Number of updated asset objects reloaded before import = 0Number of asset objects unloaded after import = 2

========================================================================
Received Import Request.
  Time since last request: 0.000015 seconds.
  path: Assets/Materiais/Personagens/Personagem_Cacador.mat
  artifactKey: Guid(b4590bd08a4e55d4cba6716fe121eb66) Importer(2089858483,192608db42251d675da83286b1cce702)
Start importing Assets/Materiais/Personagens/Personagem_Cacador.mat using Guid(b4590bd08a4e55d4cba6716fe121eb66) Importer(2089858483,192608db42251d675da83286b1cce702) (ScriptedImporter) -> (artifact id: 'e7f633ee351a66cf36865163e029aef3') in 0.0185181 seconds
Number of updated asset objects reloaded before import = 0Number of asset objects unloaded after import = 2

========================================================================
Received Import Request.
  Time since last request: 0.000016 seconds.
  path: Assets/Modelos3D/Aderecos/Estatua.fbx
  artifactKey: Guid(53838a413de90464c8f8d70fb534e675) Importer(2089858483,192608db42251d675da83286b1cce702)
Start importing Assets/Modelos3D/Aderecos/Estatua.fbx using Guid(53838a413de90464c8f8d70fb534e675) Importer(2089858483,192608db42251d675da83286b1cce702) (ScriptedImporter) -> (artifact id: '2cf860ddc78be4bd756384dc56065ceb') in 0.0268912 seconds
Number of updated asset objects reloaded before import = 0Number of asset objects unloaded after import = 7

========================================================================
Received Import Request.
  Time since last request: 0.000016 seconds.
  path: Assets/Modelos3D/Aderecos/Cerca_Destruido_03.fbx
  artifactKey: Guid(efd53736d4b930446acc3b7774645936) Importer(2089858483,192608db42251d675da83286b1cce702)
Start importing Assets/Modelos3D/Aderecos/Cerca_Destruido_03.fbx using Guid(efd53736d4b930446acc3b7774645936) Importer(2089858483,192608db42251d675da83286b1cce702) (ScriptedImporter) -> (artifact id: 'e864aee480b5d49bcb8ed2270dc33396') in 0.0251234 seconds
Number of updated asset objects reloaded before import = 0Number of asset objects unloaded after import = 7

========================================================================
Received Import Request.
  Time since last request: 0.000030 seconds.
  path: Assets/Materiais/Zumbis/Zumbi_Bombeiro.mat
  artifactKey: Guid(d1e26b3a3707be744b01eb7df7046c87) Importer(2089858483,192608db42251d675da83286b1cce702)
Start importing Assets/Materiais/Zumbis/Zumbi_Bombeiro.mat using Guid(d1e26b3a3707be744b01eb7df7046c87) Importer(2089858483,192608db42251d675da83286b1cce702) (ScriptedImporter) -> (artifact id: '035d465478fabe3fc19ccfeab956b9a4') in 0.0163156 seconds
Number of updated asset objects reloaded before import = 0Number of asset objects unloaded after import = 2

========================================================================
Received Import Request.
  Time since last request: 0.000062 seconds.
  path: Assets/Materiais/Personagens/Personagem_Piromaniaca.mat
  artifactKey: Guid(2e4689a309edb8444b920d28c9b1ecd0) Importer(2089858483,192608db42251d675da83286b1cce702)
Start importing Assets/Materiais/Personagens/Personagem_Piromaniaca.mat using Guid(2e4689a309edb8444b920d28c9b1ecd0) Importer(2089858483,192608db42251d675da83286b1cce702) (ScriptedImporter) -> (artifact id: '3c952f896bd46d78d6bae0a824dda733') in 0.0180071 seconds
Number of updated asset objects reloaded before import = 0Number of asset objects unloaded after import = 2

========================================================================
Received Import Request.
  Time since last request: 0.000016 seconds.
  path: Assets/Materiais/Personagens/Personagem_Heroina.mat
  artifactKey: Guid(b78b82e7e9aa4ce438403d803a345a8b) Importer(2089858483,192608db42251d675da83286b1cce702)
Start importing Assets/Materiais/Personagens/Personagem_Heroina.mat using Guid(b78b82e7e9aa4ce438403d803a345a8b) Importer(2089858483,192608db42251d675da83286b1cce702) (ScriptedImporter) -> (artifact id: '4da6de2cba9d44ef26d9dd1754607ccb') in 0.0142389 seconds
Number of updated asset objects reloaded before import = 0Number of asset objects unloaded after import = 2

========================================================================
Received Import Request.
  Time since last request: 0.000015 seconds.
  path: Assets/Modelos3D/Aderecos/Barreira_03.fbx
  artifactKey: Guid(de5220f5e2d07b446a7e54d23899d04c) Importer(2089858483,192608db42251d675da83286b1cce702)
Start importing Assets/Modelos3D/Aderecos/Barreira_03.fbx using Guid(de5220f5e2d07b446a7e54d23899d04c) Importer(2089858483,192608db42251d675da83286b1cce702) (ScriptedImporter) -> (artifact id: 'f27b5f9362b3472ef148efca816b2a42') in 0.0207071 seconds
Number of updated asset objects reloaded before import = 0Number of asset objects unloaded after import = 7

========================================================================
Received Import Request.
  Time since last request: 0.000016 seconds.
  path: Assets/Modelos3D/Aderecos/Barreira_02.fbx
  artifactKey: Guid(eedc9d90192cf6c45add15403e807c0e) Importer(2089858483,192608db42251d675da83286b1cce702)
Start importing Assets/Modelos3D/Aderecos/Barreira_02.fbx using Guid(eedc9d90192cf6c45add15403e807c0e) Importer(2089858483,192608db42251d675da83286b1cce702) (ScriptedImporter) -> (artifact id: '8364ff2dedb71e9573c825dcfe5c907a') in 0.0243602 seconds
Number of updated asset objects reloaded before import = 0Number of asset objects unloaded after import = 7

========================================================================
Received Import Request.
  Time since last request: 0.000032 seconds.
  path: Assets/Modelos3D/Aderecos/Cerca_Destruido_02.fbx
  artifactKey: Guid(5ba9ad3e5d48b674387bf1639057a698) Importer(2089858483,192608db42251d675da83286b1cce702)
Start importing Assets/Modelos3D/Aderecos/Cerca_Destruido_02.fbx using Guid(5ba9ad3e5d48b674387bf1639057a698) Importer(2089858483,192608db42251d675da83286b1cce702) (ScriptedImporter) -> (artifact id: 'b8eaec2febb3f13c422c2f15802c082a') in 0.0596206 seconds
Number of updated asset objects reloaded before import = 0Number of asset objects unloaded after import = 7

========================================================================
Received Import Request.
  Time since last request: 0.000023 seconds.
  path: Assets/MaterialCenario.mat
  artifactKey: Guid(3ceb88acf24a1d142940f83b12d64508) Importer(2089858483,192608db42251d675da83286b1cce702)
Start importing Assets/MaterialCenario.mat using Guid(3ceb88acf24a1d142940f83b12d64508) Importer(2089858483,192608db42251d675da83286b1cce702) (ScriptedImporter) -> (artifact id: 'ce5ba4dd1e931692725a8326d311c3c3') in 0.0529253 seconds
Number of updated asset objects reloaded before import = 0Number of asset objects unloaded after import = 2

========================================================================
Received Import Request.
  Time since last request: 0.000228 seconds.
  path: Assets/Materiais/Zumbis/Zumbi_SegurancaAeroporto.mat
  artifactKey: Guid(3811677930c7b3946abaf2ce9cdfea21) Importer(2089858483,192608db42251d675da83286b1cce702)
Start importing Assets/Materiais/Zumbis/Zumbi_SegurancaAeroporto.mat using Guid(3811677930c7b3946abaf2ce9cdfea21) Importer(2089858483,192608db42251d675da83286b1cce702) (ScriptedImporter) -> (artifact id: '86038124bc727d538e084a542ddd47fe') in 0.0329202 seconds
Number of updated asset objects reloaded before import = 0Number of asset objects unloaded after import = 2

========================================================================
Received Import Request.
  Time since last request: 0.000018 seconds.
  path: Assets/Materiais/Zumbis/Zumbi_ControleAeroporto.mat
  artifactKey: Guid(9b7d9f32b8833a34aaff9ff4040ef8e8) Importer(2089858483,192608db42251d675da83286b1cce702)
Start importing Assets/Materiais/Zumbis/Zumbi_ControleAeroporto.mat using Guid(9b7d9f32b8833a34aaff9ff4040ef8e8) Importer(2089858483,192608db42251d675da83286b1cce702) (ScriptedImporter) -> (artifact id: 'cc298435c3cf56dfbacff24ba2c27051') in 0.0316324 seconds
Number of updated asset objects reloaded before import = 0Number of asset objects unloaded after import = 2

========================================================================
Received Import Request.
  Time since last request: 0.000063 seconds.
  path: Assets/Modelos3D/Aderecos/Copo.fbx
  artifactKey: Guid(0e71467b069169b4884fd1a88005ac12) Importer(2089858483,192608db42251d675da83286b1cce702)
Start importing Assets/Modelos3D/Aderecos/Copo.fbx using Guid(0e71467b069169b4884fd1a88005ac12) Importer(2089858483,192608db42251d675da83286b1cce702) (ScriptedImporter) -> (artifact id: '2686ec936ac7a0c7f5c7a14c89c9f5e2') in 0.0891213 seconds
Number of updated asset objects reloaded before import = 0Number of asset objects unloaded after import = 7

========================================================================
Received Import Request.
  Time since last request: 0.000066 seconds.
  path: Assets/Modelos3D/Aderecos/Destrocos_01.fbx
  artifactKey: Guid(162336203cedfab4f86d396d177ba7ae) Importer(2089858483,192608db42251d675da83286b1cce702)
Start importing Assets/Modelos3D/Aderecos/Destrocos_01.fbx using Guid(162336203cedfab4f86d396d177ba7ae) Importer(2089858483,192608db42251d675da83286b1cce702) (ScriptedImporter) -> (artifact id: 'f0f23ae1506a34bf50d311853f164da4') in 0.0332832 seconds
Number of updated asset objects reloaded before import = 0Number of asset objects unloaded after import = 7

========================================================================
Received Import Request.
  Time since last request: 0.000119 seconds.
  path: Assets/Modelos3D/Aderecos/Grama_02.fbx
  artifactKey: Guid(4ee657a274164f848b05b5199966495c) Importer(2089858483,192608db42251d675da83286b1cce702)
Start importing Assets/Modelos3D/Aderecos/Grama_02.fbx using Guid(4ee657a274164f848b05b5199966495c) Importer(2089858483,192608db42251d675da83286b1cce702) (ScriptedImporter) -> (artifact id: '605e1be4eddc2a75c61ace5e347c5bc9') in 0.0950418 seconds
Number of updated asset objects reloaded before import = 0Number of asset objects unloaded after import = 7

========================================================================
Received Import Request.
  Time since last request: 0.000018 seconds.
  path: Assets/Modelos3D/Aderecos/Mala_03.fbx
  artifactKey: Guid(a6ea598405bc22d4ba993226a6e0086b) Importer(2089858483,192608db42251d675da83286b1cce702)
Start importing Assets/Modelos3D/Aderecos/Mala_03.fbx using Guid(a6ea598405bc22d4ba993226a6e0086b) Importer(2089858483,192608db42251d675da83286b1cce702) (ScriptedImporter) -> (artifact id: '53913fdabce70bd640d7204b7300c769') in 0.0693041 seconds
Number of updated asset objects reloaded before import = 0Number of asset objects unloaded after import = 7

========================================================================
Received Import Request.
  Time since last request: 0.000024 seconds.
  path: Assets/Modelos3D/Aderecos/PilhaDeLixo_02.fbx
  artifactKey: Guid(7edb8192bd5a81943a0b77e5fd4d1c3b) Importer(2089858483,192608db42251d675da83286b1cce702)
Start importing Assets/Modelos3D/Aderecos/PilhaDeLixo_02.fbx using Guid(7edb8192bd5a81943a0b77e5fd4d1c3b) Importer(2089858483,192608db42251d675da83286b1cce702) (ScriptedImporter) -> (artifact id: 'b67b288b1abfc271054706410b3ae0fb') in 0.0369213 seconds
Number of updated asset objects reloaded before import = 0Number of asset objects unloaded after import = 7

========================================================================
Received Import Request.
  Time since last request: 0.000017 seconds.
  path: Assets/Materiais/Personagens/Personagem_Construtor.mat
  artifactKey: Guid(ef1f51bd99702a34696e8f15a2a6c324) Importer(2089858483,192608db42251d675da83286b1cce702)
Start importing Assets/Materiais/Personagens/Personagem_Construtor.mat using Guid(ef1f51bd99702a34696e8f15a2a6c324) Importer(2089858483,192608db42251d675da83286b1cce702) (ScriptedImporter) -> (artifact id: 'ae897c9699693fe913fd1484523be2bc') in 0.0187879 seconds
Number of updated asset objects reloaded before import = 0Number of asset objects unloaded after import = 2

========================================================================
Received Import Request.
  Time since last request: 0.000018 seconds.
  path: Assets/Materiais/Personagens/Personagem_Sobrevivente02.mat
  artifactKey: Guid(67693494296a5a74fb90edd013c0b0b6) Importer(2089858483,192608db42251d675da83286b1cce702)
Start importing Assets/Materiais/Personagens/Personagem_Sobrevivente02.mat using Guid(67693494296a5a74fb90edd013c0b0b6) Importer(2089858483,192608db42251d675da83286b1cce702) (ScriptedImporter) -> (artifact id: '875b11d10f004c6d895541174d8b18dc') in 0.0213351 seconds
Number of updated asset objects reloaded before import = 0Number of asset objects unloaded after import = 2

========================================================================
Received Import Request.
  Time since last request: 0.000019 seconds.
  path: Assets/Materiais/Zumbis/Zumbi_Caminhoneiro.mat
  artifactKey: Guid(614d2a64adcf4434e8a116a2a5302e3b) Importer(2089858483,192608db42251d675da83286b1cce702)
Start importing Assets/Materiais/Zumbis/Zumbi_Caminhoneiro.mat using Guid(614d2a64adcf4434e8a116a2a5302e3b) Importer(2089858483,192608db42251d675da83286b1cce702) (ScriptedImporter) -> (artifact id: '56600ad0e6da63ff3400a1340eed17ac') in 0.0208785 seconds
Number of updated asset objects reloaded before import = 0Number of asset objects unloaded after import = 2

========================================================================
Received Import Request.
  Time since last request: 0.000017 seconds.
  path: Assets/Modelos3D/Aderecos/Grama_01.fbx
  artifactKey: Guid(00b149cdb4a352047846b6f56739bf37) Importer(2089858483,192608db42251d675da83286b1cce702)
Start importing Assets/Modelos3D/Aderecos/Grama_01.fbx using Guid(00b149cdb4a352047846b6f56739bf37) Importer(2089858483,192608db42251d675da83286b1cce702) (ScriptedImporter) -> (artifact id: '9271d9827d5978b28940a1d699f3a2e4') in 0.0287911 seconds
Number of updated asset objects reloaded before import = 0Number of asset objects unloaded after import = 7

========================================================================
Received Import Request.
  Time since last request: 0.000017 seconds.
  path: Assets/Modelos3D/Aderecos/Maquina_Venda_Destruido_01.fbx
  artifactKey: Guid(f2f5ef8adb16d204a8d67dc02f36f029) Importer(2089858483,192608db42251d675da83286b1cce702)
Start importing Assets/Modelos3D/Aderecos/Maquina_Venda_Destruido_01.fbx using Guid(f2f5ef8adb16d204a8d67dc02f36f029) Importer(2089858483,192608db42251d675da83286b1cce702) (ScriptedImporter) -> (artifact id: 'd3e30d83ac14e0c2248e686768821448') in 0.0278894 seconds
Number of updated asset objects reloaded before import = 0Number of asset objects unloaded after import = 7

========================================================================
Received Import Request.
  Time since last request: 0.000017 seconds.
  path: Assets/Materiais/Personagens/Personagem_Fazendeiro.mat
  artifactKey: Guid(f8672fff81932364d94b22fbcd3933f8) Importer(2089858483,192608db42251d675da83286b1cce702)
Start importing Assets/Materiais/Personagens/Personagem_Fazendeiro.mat using Guid(f8672fff81932364d94b22fbcd3933f8) Importer(2089858483,192608db42251d675da83286b1cce702) (ScriptedImporter) -> (artifact id: '5ee85bd0c00a7464d3f4fcc3d08ac35b') in 0.0177572 seconds
Number of updated asset objects reloaded before import = 0Number of asset objects unloaded after import = 2

========================================================================
Received Import Request.
  Time since last request: 0.000016 seconds.
  path: Assets/Materiais/Zumbis/Zumbi_Avo.mat
  artifactKey: Guid(472a4c2afde17a24ca60cd83bff77f96) Importer(2089858483,192608db42251d675da83286b1cce702)
Start importing Assets/Materiais/Zumbis/Zumbi_Avo.mat using Guid(472a4c2afde17a24ca60cd83bff77f96) Importer(2089858483,192608db42251d675da83286b1cce702) (ScriptedImporter) -> (artifact id: '2ab3f3c49c144d27297e1595313e78a9') in 0.0251993 seconds
Number of updated asset objects reloaded before import = 0Number of asset objects unloaded after import = 2

========================================================================
Received Import Request.
  Time since last request: 0.000018 seconds.
  path: Assets/Materiais/Personagens/Personagem_HomemSobrevivente01.mat
  artifactKey: Guid(74639c217af71f3468b6251d0e5b26fe) Importer(2089858483,192608db42251d675da83286b1cce702)
Start importing Assets/Materiais/Personagens/Personagem_HomemSobrevivente01.mat using Guid(74639c217af71f3468b6251d0e5b26fe) Importer(2089858483,192608db42251d675da83286b1cce702) (ScriptedImporter) -> (artifact id: '8b214ab40da62b7968c783ae03d55274') in 0.024569 seconds
Number of updated asset objects reloaded before import = 0Number of asset objects unloaded after import = 2

========================================================================
Received Import Request.
  Time since last request: 0.000018 seconds.
  path: Assets/Modelos3D/Aderecos/Caixa_Pizza_02.fbx
  artifactKey: Guid(c68d12b21c980f942bfdffc4dd6edcaf) Importer(2089858483,192608db42251d675da83286b1cce702)
Start importing Assets/Modelos3D/Aderecos/Caixa_Pizza_02.fbx using Guid(c68d12b21c980f942bfdffc4dd6edcaf) Importer(2089858483,192608db42251d675da83286b1cce702) (ScriptedImporter) -> (artifact id: 'a840cc1abbc451245219c4d77629fe86') in 0.0288044 seconds
Number of updated asset objects reloaded before import = 0Number of asset objects unloaded after import = 7

========================================================================
Received Import Request.
  Time since last request: 0.000024 seconds.
  path: Assets/Materiais/Personagens/Personagem_Xerife.mat
  artifactKey: Guid(ce41d95c92d9f2e47845250c463e2a5a) Importer(2089858483,192608db42251d675da83286b1cce702)
Start importing Assets/Materiais/Personagens/Personagem_Xerife.mat using Guid(ce41d95c92d9f2e47845250c463e2a5a) Importer(2089858483,192608db42251d675da83286b1cce702) (ScriptedImporter) -> (artifact id: 'fb4f6d4c26799ecc537e4e090204ea0c') in 0.0202445 seconds
Number of updated asset objects reloaded before import = 0Number of asset objects unloaded after import = 2

========================================================================
Received Import Request.
  Time since last request: 0.000020 seconds.
  path: Assets/Materiais/Personagens/Personagem_Machucado.mat
  artifactKey: Guid(1e309550b4cf2bb44bf90b600ffb9723) Importer(2089858483,192608db42251d675da83286b1cce702)
Start importing Assets/Materiais/Personagens/Personagem_Machucado.mat using Guid(1e309550b4cf2bb44bf90b600ffb9723) Importer(2089858483,192608db42251d675da83286b1cce702) (ScriptedImporter) -> (artifact id: 'f84ea774b158e533ed60d0f9cdcd6306') in 0.0221317 seconds
Number of updated asset objects reloaded before import = 0Number of asset objects unloaded after import = 2

========================================================================
Received Import Request.
  Time since last request: 0.000018 seconds.
  path: Assets/Materiais/Personagens/Personagem_Sobrevivente01.mat
  artifactKey: Guid(22c283d0da5c2d844b4e375afbcc8cb6) Importer(2089858483,192608db42251d675da83286b1cce702)
Start importing Assets/Materiais/Personagens/Personagem_Sobrevivente01.mat using Guid(22c283d0da5c2d844b4e375afbcc8cb6) Importer(2089858483,192608db42251d675da83286b1cce702) (ScriptedImporter) -> (artifact id: '8f1ad01b1a8a68c0aa6c3cea0568281d') in 0.0269994 seconds
Number of updated asset objects reloaded before import = 0Number of asset objects unloaded after import = 2

========================================================================
Received Import Request.
  Time since last request: 0.000017 seconds.
  path: Assets/Modelos3D/Aderecos/Arvore_03.fbx
  artifactKey: Guid(fb6728d0fff48d640a22014cda7ed717) Importer(2089858483,192608db42251d675da83286b1cce702)
Start importing Assets/Modelos3D/Aderecos/Arvore_03.fbx using Guid(fb6728d0fff48d640a22014cda7ed717) Importer(2089858483,192608db42251d675da83286b1cce702) (ScriptedImporter) -> (artifact id: '0f68f992ede410279bd34ec3bea70132') in 0.0305832 seconds
Number of updated asset objects reloaded before import = 0Number of asset objects unloaded after import = 7

========================================================================
Received Import Request.
  Time since last request: 0.000017 seconds.
  path: Assets/Modelos3D/Aderecos/Estatua_Destruido_01.fbx
  artifactKey: Guid(c8133c55c94d7844284aa58d15fdb6ad) Importer(2089858483,192608db42251d675da83286b1cce702)
Start importing Assets/Modelos3D/Aderecos/Estatua_Destruido_01.fbx using Guid(c8133c55c94d7844284aa58d15fdb6ad) Importer(2089858483,192608db42251d675da83286b1cce702) (ScriptedImporter) -> (artifact id: '0e1edfa2e5720e0d430daa0fa043b15b') in 0.0261547 seconds
Number of updated asset objects reloaded before import = 0Number of asset objects unloaded after import = 7

========================================================================
Received Import Request.
  Time since last request: 0.000014 seconds.
  path: Assets/Modelos3D/Aderecos/Grama_04.fbx
  artifactKey: Guid(6071dd8da87d42a44a399663e11083a5) Importer(2089858483,192608db42251d675da83286b1cce702)
Start importing Assets/Modelos3D/Aderecos/Grama_04.fbx using Guid(6071dd8da87d42a44a399663e11083a5) Importer(2089858483,192608db42251d675da83286b1cce702) (ScriptedImporter) -> (artifact id: '41624268ac0cbfa390148616b82e4441') in 0.0266544 seconds
Number of updated asset objects reloaded before import = 0Number of asset objects unloaded after import = 7

========================================================================
Received Import Request.
  Time since last request: 0.000014 seconds.
  path: Assets/Materiais/Zumbis/Zumbi_PapaiNoel.mat
  artifactKey: Guid(81e9636b7e1fc8b45bcd58639405eea4) Importer(2089858483,192608db42251d675da83286b1cce702)
Start importing Assets/Materiais/Zumbis/Zumbi_PapaiNoel.mat using Guid(81e9636b7e1fc8b45bcd58639405eea4) Importer(2089858483,192608db42251d675da83286b1cce702) (ScriptedImporter) -> (artifact id: '677f9b5af7f5d7d55e12694d248d0ad1') in 0.0165334 seconds
Number of updated asset objects reloaded before import = 0Number of asset objects unloaded after import = 2

========================================================================
Received Import Request.
  Time since last request: 0.000016 seconds.
  path: Assets/Materiais/Zumbis/Zumbi_Ladrao.mat
  artifactKey: Guid(d494968b4d1d6234cab1b5fd40c8f378) Importer(2089858483,192608db42251d675da83286b1cce702)
Start importing Assets/Materiais/Zumbis/Zumbi_Ladrao.mat using Guid(d494968b4d1d6234cab1b5fd40c8f378) Importer(2089858483,192608db42251d675da83286b1cce702) (ScriptedImporter) -> (artifact id: 'ef837ee54044191442abe43b80cdf9df') in 0.0327995 seconds
Number of updated asset objects reloaded before import = 0Number of asset objects unloaded after import = 2

========================================================================
Received Import Request.
  Time since last request: 0.000037 seconds.
  path: Assets/Modelos3D/Aderecos/Sangue_02.fbx
  artifactKey: Guid(d3c2fc7fa24dd6449a7f284a512dbf99) Importer(2089858483,192608db42251d675da83286b1cce702)
Start importing Assets/Modelos3D/Aderecos/Sangue_02.fbx using Guid(d3c2fc7fa24dd6449a7f284a512dbf99) Importer(2089858483,192608db42251d675da83286b1cce702) (ScriptedImporter) -> (artifact id: 'd33b844f19a3f91ba3ac1e750296fc54') in 0.0362124 seconds
Number of updated asset objects reloaded before import = 0Number of asset objects unloaded after import = 7

========================================================================
Received Import Request.
  Time since last request: 0.000036 seconds.
  path: Assets/Modelos3D/Aderecos/SacoDeDormir_01.fbx
  artifactKey: Guid(e4023a2683a71e148966c25e20914abe) Importer(2089858483,192608db42251d675da83286b1cce702)
Start importing Assets/Modelos3D/Aderecos/SacoDeDormir_01.fbx using Guid(e4023a2683a71e148966c25e20914abe) Importer(2089858483,192608db42251d675da83286b1cce702) (ScriptedImporter) -> (artifact id: '9d4a4ae07a95c2bb279ba358deed0bb1') in 0.041838 seconds
Number of updated asset objects reloaded before import = 0Number of asset objects unloaded after import = 7

========================================================================
Received Import Request.
  Time since last request: 0.000014 seconds.
  path: Assets/Modelos3D/Aderecos/PosteDeLuz.fbx
  artifactKey: Guid(08e6c716232391b468360245643d8a2c) Importer(2089858483,192608db42251d675da83286b1cce702)
Start importing Assets/Modelos3D/Aderecos/PosteDeLuz.fbx using Guid(08e6c716232391b468360245643d8a2c) Importer(2089858483,192608db42251d675da83286b1cce702) (ScriptedImporter) -> (artifact id: '2c307baaf36dc667f7f68932e744b7f2') in 0.0279837 seconds
Number of updated asset objects reloaded before import = 0Number of asset objects unloaded after import = 7

========================================================================
Received Import Request.
  Time since last request: 0.000014 seconds.
  path: Assets/Modelos3D/Aderecos/PosteDeLuz_Destruido_02.fbx
  artifactKey: Guid(6025bfa6a518f674eb0df43faf4db63c) Importer(2089858483,192608db42251d675da83286b1cce702)
Start importing Assets/Modelos3D/Aderecos/PosteDeLuz_Destruido_02.fbx using Guid(6025bfa6a518f674eb0df43faf4db63c) Importer(2089858483,192608db42251d675da83286b1cce702) (ScriptedImporter) -> (artifact id: '7b81734205a836f456ceb457fff065dd') in 0.0272684 seconds
Number of updated asset objects reloaded before import = 0Number of asset objects unloaded after import = 7

========================================================================
Received Import Request.
  Time since last request: 0.000015 seconds.
  path: Assets/Modelos3D/Aderecos/Pilha_Caixas_Grande_01.fbx
  artifactKey: Guid(e775178888e92dc4caa7f9c0c56698ad) Importer(2089858483,192608db42251d675da83286b1cce702)
Start importing Assets/Modelos3D/Aderecos/Pilha_Caixas_Grande_01.fbx using Guid(e775178888e92dc4caa7f9c0c56698ad) Importer(2089858483,192608db42251d675da83286b1cce702) (ScriptedImporter) -> (artifact id: '14bb1083db55b123999f042e57435dc6') in 0.0312532 seconds
Number of updated asset objects reloaded before import = 0Number of asset objects unloaded after import = 7

========================================================================
Received Import Request.
  Time since last request: 0.000109 seconds.
  path: Assets/Modelos3D/Aderecos/Pilha_Caixas_Pequena_01.fbx
  artifactKey: Guid(a374fe4259f97004ba44447a35f5872b) Importer(2089858483,192608db42251d675da83286b1cce702)
Start importing Assets/Modelos3D/Aderecos/Pilha_Caixas_Pequena_01.fbx using Guid(a374fe4259f97004ba44447a35f5872b) Importer(2089858483,192608db42251d675da83286b1cce702) (ScriptedImporter) -> (artifact id: '643f312bb262fedd868bdb303c221442') in 0.0312576 seconds
Number of updated asset objects reloaded before import = 0Number of asset objects unloaded after import = 7

========================================================================
Received Import Request.
  Time since last request: 0.000017 seconds.
  path: Assets/Modelos3D/Aderecos/Sangue_03.fbx
  artifactKey: Guid(efd9e4eb85d428f4289d0e9e583b5473) Importer(2089858483,192608db42251d675da83286b1cce702)
Start importing Assets/Modelos3D/Aderecos/Sangue_03.fbx using Guid(efd9e4eb85d428f4289d0e9e583b5473) Importer(2089858483,192608db42251d675da83286b1cce702) (ScriptedImporter) -> (artifact id: '9534ee82e0bb8df87b0f760a27f2fa73') in 0.0288221 seconds
Number of updated asset objects reloaded before import = 0Number of asset objects unloaded after import = 7

========================================================================
Received Import Request.
  Time since last request: 0.000014 seconds.
  path: Assets/Modelos3D/Aderecos/Mala_Aberta_01.fbx
  artifactKey: Guid(e4e617dc35ce68747b36baddb5ce888e) Importer(2089858483,192608db42251d675da83286b1cce702)
Start importing Assets/Modelos3D/Aderecos/Mala_Aberta_01.fbx using Guid(e4e617dc35ce68747b36baddb5ce888e) Importer(2089858483,192608db42251d675da83286b1cce702) (ScriptedImporter) -> (artifact id: '9b267e8e6f8415a03e17be32c39612ff') in 0.0273037 seconds
Number of updated asset objects reloaded before import = 0Number of asset objects unloaded after import = 12

========================================================================
Received Import Request.
  Time since last request: 0.000047 seconds.
  path: Assets/Modelos3D/Aderecos/Barril_Caido_02.fbx
  artifactKey: Guid(50d12d31a9d247742b175ca0ca938cc1) Importer(2089858483,192608db42251d675da83286b1cce702)
Start importing Assets/Modelos3D/Aderecos/Barril_Caido_02.fbx using Guid(50d12d31a9d247742b175ca0ca938cc1) Importer(2089858483,192608db42251d675da83286b1cce702) (ScriptedImporter) -> (artifact id: 'b42ebec741669917d76b93ce9b987e41') in 0.0328866 seconds
Number of updated asset objects reloaded before import = 0Number of asset objects unloaded after import = 7

========================================================================
Received Import Request.
  Time since last request: 0.000254 seconds.
  path: Assets/Modelos3D/Aderecos/Colchao_01.fbx
  artifactKey: Guid(9a9dc31f27715694d955e4e9221b76d1) Importer(2089858483,192608db42251d675da83286b1cce702)
Start importing Assets/Modelos3D/Aderecos/Colchao_01.fbx using Guid(9a9dc31f27715694d955e4e9221b76d1) Importer(2089858483,192608db42251d675da83286b1cce702) (ScriptedImporter) -> (artifact id: '17fc59134d4cb08496529df9aaa8a136') in 0.0259602 seconds
Number of updated asset objects reloaded before import = 0Number of asset objects unloaded after import = 7

========================================================================
Received Import Request.
  Time since last request: 0.000014 seconds.
  path: Assets/Materiais/Personagens/Personagem_Empresario.mat
  artifactKey: Guid(c9ac1eb5c4a6ae8469c12da438812424) Importer(2089858483,192608db42251d675da83286b1cce702)
Start importing Assets/Materiais/Personagens/Personagem_Empresario.mat using Guid(c9ac1eb5c4a6ae8469c12da438812424) Importer(2089858483,192608db42251d675da83286b1cce702) (ScriptedImporter) -> (artifact id: '8e309d37599c699ef7a88e7054c7ca97') in 0.0225759 seconds
Number of updated asset objects reloaded before import = 0Number of asset objects unloaded after import = 2

========================================================================
Received Import Request.
  Time since last request: 0.001666 seconds.
  path: Assets/Modelos3D/Aderecos/PilhaDeLixo_01.fbx
  artifactKey: Guid(77d65589d9eeece4eab577f79318ae19) Importer(2089858483,192608db42251d675da83286b1cce702)
Start importing Assets/Modelos3D/Aderecos/PilhaDeLixo_01.fbx using Guid(77d65589d9eeece4eab577f79318ae19) Importer(2089858483,192608db42251d675da83286b1cce702) (ScriptedImporter) -> (artifact id: 'c782b7f07af38eb595968be05c8237d2') in 0.0514023 seconds
Number of updated asset objects reloaded before import = 0Number of asset objects unloaded after import = 7

========================================================================
Received Import Request.
  Time since last request: 0.000151 seconds.
  path: Assets/Modelos3D/Aderecos/Destrocos_03.fbx
  artifactKey: Guid(cd287f37f6545d044a1bf76c7ef7b6b6) Importer(2089858483,192608db42251d675da83286b1cce702)
Start importing Assets/Modelos3D/Aderecos/Destrocos_03.fbx using Guid(cd287f37f6545d044a1bf76c7ef7b6b6) Importer(2089858483,192608db42251d675da83286b1cce702) (ScriptedImporter) -> (artifact id: 'a5eac845ca16727ae6b253e70f5a25af') in 0.0320612 seconds
Number of updated asset objects reloaded before import = 0Number of asset objects unloaded after import = 7

========================================================================
Received Import Request.
  Time since last request: 0.000358 seconds.
  path: Assets/Materiais/Zumbis/Zumbi_Executivo.mat
  artifactKey: Guid(89538bd2e255e6a44953e29ea5c50d30) Importer(2089858483,192608db42251d675da83286b1cce702)
Start importing Assets/Materiais/Zumbis/Zumbi_Executivo.mat using Guid(89538bd2e255e6a44953e29ea5c50d30) Importer(2089858483,192608db42251d675da83286b1cce702) (ScriptedImporter) -> (artifact id: 'f56d0ae62f9a10bd308c2e558080b90a') in 0.0206115 seconds
Number of updated asset objects reloaded before import = 0Number of asset objects unloaded after import = 2

========================================================================
Received Import Request.
  Time since last request: 0.000017 seconds.
  path: Assets/Materiais/Personagens/Personagem_HomemSobrevivente03.mat
  artifactKey: Guid(394c086367e935840965a57deec8ed7f) Importer(2089858483,192608db42251d675da83286b1cce702)
Start importing Assets/Materiais/Personagens/Personagem_HomemSobrevivente03.mat using Guid(394c086367e935840965a57deec8ed7f) Importer(2089858483,192608db42251d675da83286b1cce702) (ScriptedImporter) -> (artifact id: '072faf67f825cc6660c252a07a3d2a77') in 0.0279425 seconds
Number of updated asset objects reloaded before import = 0Number of asset objects unloaded after import = 2

========================================================================
Received Import Request.
  Time since last request: 0.000219 seconds.
  path: Assets/Modelos3D/Aderecos/Cerca_01.fbx
  artifactKey: Guid(9c7c0330743041d41bbc9b55441af5e2) Importer(2089858483,192608db42251d675da83286b1cce702)
Start importing Assets/Modelos3D/Aderecos/Cerca_01.fbx using Guid(9c7c0330743041d41bbc9b55441af5e2) Importer(2089858483,192608db42251d675da83286b1cce702) (ScriptedImporter) -> (artifact id: '0d6a289a2a5ae427a71ade8b574577a5') in 0.0844476 seconds
Number of updated asset objects reloaded before import = 0Number of asset objects unloaded after import = 7

========================================================================
Received Import Request.
  Time since last request: 0.000022 seconds.
  path: Assets/Modelos3D/Aderecos/Sofa_Destruido_02.fbx
  artifactKey: Guid(bb628d0d19b98e949a3b7673844a4844) Importer(2089858483,192608db42251d675da83286b1cce702)
Start importing Assets/Modelos3D/Aderecos/Sofa_Destruido_02.fbx using Guid(bb628d0d19b98e949a3b7673844a4844) Importer(2089858483,192608db42251d675da83286b1cce702) (ScriptedImporter) -> (artifact id: '27fc6421f406a5430e31ad373cbc252a') in 0.0242394 seconds
Number of updated asset objects reloaded before import = 0Number of asset objects unloaded after import = 7

========================================================================
Received Import Request.
  Time since last request: 0.000018 seconds.
  path: Assets/Modelos3D/Aderecos/Semaforo.fbx
  artifactKey: Guid(de68115f8bebc754b9f30e43f596e44a) Importer(2089858483,192608db42251d675da83286b1cce702)
Start importing Assets/Modelos3D/Aderecos/Semaforo.fbx using Guid(de68115f8bebc754b9f30e43f596e44a) Importer(2089858483,192608db42251d675da83286b1cce702) (ScriptedImporter) -> (artifact id: '7eed7c595a83262f30fb0e46cdb82464') in 0.0213323 seconds
Number of updated asset objects reloaded before import = 0Number of asset objects unloaded after import = 7

========================================================================
Received Import Request.
  Time since last request: 0.000019 seconds.
  path: Assets/Modelos3D/Ambiente/Corpo_02.fbx
  artifactKey: Guid(26b9102efcfeb5c4391d29bea28ac016) Importer(2089858483,192608db42251d675da83286b1cce702)
Start importing Assets/Modelos3D/Ambiente/Corpo_02.fbx using Guid(26b9102efcfeb5c4391d29bea28ac016) Importer(2089858483,192608db42251d675da83286b1cce702) (ScriptedImporter) -> (artifact id: '66bcda13de6fdf2f64cb79336efc6f51') in 0.0197303 seconds
Number of updated asset objects reloaded before import = 0Number of asset objects unloaded after import = 7

========================================================================
Received Import Request.
  Time since last request: 0.000015 seconds.
  path: Assets/Modelos3D/Ambiente/ParedeTijolos_02.fbx
  artifactKey: Guid(bbf094c0fbd33824ca31d5058294cbc8) Importer(2089858483,192608db42251d675da83286b1cce702)
Start importing Assets/Modelos3D/Ambiente/ParedeTijolos_02.fbx using Guid(bbf094c0fbd33824ca31d5058294cbc8) Importer(2089858483,192608db42251d675da83286b1cce702) (ScriptedImporter) -> (artifact id: 'ab95c798e9328018f72df0cf7488b34d') in 0.0261086 seconds
Number of updated asset objects reloaded before import = 0Number of asset objects unloaded after import = 7

========================================================================
Received Import Request.
  Time since last request: 0.000057 seconds.
  path: Assets/Modelos3D/Aderecos/Semaforo_Destruido_01.fbx
  artifactKey: Guid(f99a555650b7a1d46ac6e60dc965ead7) Importer(2089858483,192608db42251d675da83286b1cce702)
Start importing Assets/Modelos3D/Aderecos/Semaforo_Destruido_01.fbx using Guid(f99a555650b7a1d46ac6e60dc965ead7) Importer(2089858483,192608db42251d675da83286b1cce702) (ScriptedImporter) -> (artifact id: '780dbdb8fcd007ba18627ee4424356b0') in 0.0272255 seconds
Number of updated asset objects reloaded before import = 0Number of asset objects unloaded after import = 7

========================================================================
Received Import Request.
  Time since last request: 0.000016 seconds.
  path: Assets/Modelos3D/Aderecos/Semaforo_Destruido_02.fbx
  artifactKey: Guid(916c61d106727384691e7cc1c02e5aed) Importer(2089858483,192608db42251d675da83286b1cce702)
Start importing Assets/Modelos3D/Aderecos/Semaforo_Destruido_02.fbx using Guid(916c61d106727384691e7cc1c02e5aed) Importer(2089858483,192608db42251d675da83286b1cce702) (ScriptedImporter) -> (artifact id: '3041d52308b62d4e3697421297b1b141') in 0.0240064 seconds
Number of updated asset objects reloaded before import = 0Number of asset objects unloaded after import = 7

========================================================================
Received Import Request.
  Time since last request: 0.000016 seconds.
  path: Assets/Modelos3D/Aderecos/VasoSanitario.fbx
  artifactKey: Guid(89cd6f7312b58154295fc13f1f013bb8) Importer(2089858483,192608db42251d675da83286b1cce702)
Start importing Assets/Modelos3D/Aderecos/VasoSanitario.fbx using Guid(89cd6f7312b58154295fc13f1f013bb8) Importer(2089858483,192608db42251d675da83286b1cce702) (ScriptedImporter) -> (artifact id: '9cda471b171d5aef961b9cdc0419eb85') in 0.0369343 seconds
Number of updated asset objects reloaded before import = 0Number of asset objects unloaded after import = 7

========================================================================
Received Import Request.
  Time since last request: 0.000016 seconds.
  path: Assets/Modelos3D/Aderecos/TV_Destruido.fbx
  artifactKey: Guid(82cd8618bcacc51448f30d2999045a93) Importer(2089858483,192608db42251d675da83286b1cce702)
Start importing Assets/Modelos3D/Aderecos/TV_Destruido.fbx using Guid(82cd8618bcacc51448f30d2999045a93) Importer(2089858483,192608db42251d675da83286b1cce702) (ScriptedImporter) -> (artifact id: 'efbd552da21aeb8c8bf67c1c06b87609') in 0.0207544 seconds
Number of updated asset objects reloaded before import = 0Number of asset objects unloaded after import = 7

========================================================================
Received Import Request.
  Time since last request: 0.000020 seconds.
  path: Assets/Modelos3D/Ambiente/Concreto.fbx
  artifactKey: Guid(76254b4a1339aa24aa6f075338cc3176) Importer(2089858483,192608db42251d675da83286b1cce702)
Start importing Assets/Modelos3D/Ambiente/Concreto.fbx using Guid(76254b4a1339aa24aa6f075338cc3176) Importer(2089858483,192608db42251d675da83286b1cce702) (ScriptedImporter) -> (artifact id: 'ea659781417613e9a28a65b0e4c54aba') in 0.0211622 seconds
Number of updated asset objects reloaded before import = 0Number of asset objects unloaded after import = 7

========================================================================
Received Import Request.
  Time since last request: 0.000024 seconds.
  path: Assets/Modelos3D/Aderecos/TorreDeVigia.fbx
  artifactKey: Guid(f6c3b62aabac2d64381528f0ae93165c) Importer(2089858483,192608db42251d675da83286b1cce702)
Start importing Assets/Modelos3D/Aderecos/TorreDeVigia.fbx using Guid(f6c3b62aabac2d64381528f0ae93165c) Importer(2089858483,192608db42251d675da83286b1cce702) (ScriptedImporter) -> (artifact id: '75f82d6dadcfa4782d8b02b965d69060') in 0.0223082 seconds
Number of updated asset objects reloaded before import = 0Number of asset objects unloaded after import = 7

========================================================================
Received Import Request.
  Time since last request: 0.000015 seconds.
  path: Assets/Modelos3D/Aderecos/Mala_Aberta_04.fbx
  artifactKey: Guid(1cf1a01ecbc620b418a6b7ec40f9cc7a) Importer(2089858483,192608db42251d675da83286b1cce702)
Start importing Assets/Modelos3D/Aderecos/Mala_Aberta_04.fbx using Guid(1cf1a01ecbc620b418a6b7ec40f9cc7a) Importer(2089858483,192608db42251d675da83286b1cce702) (ScriptedImporter) -> (artifact id: '162be93c52c63284d28406b423d4afe1') in 0.0207666 seconds
Number of updated asset objects reloaded before import = 0Number of asset objects unloaded after import = 7

========================================================================
Received Import Request.
  Time since last request: 0.000016 seconds.
  path: Assets/Materiais/Zumbis/Zumbi_Fazendeiro.mat
  artifactKey: Guid(e5cc05ed45de54f44a492689c311bd00) Importer(2089858483,192608db42251d675da83286b1cce702)
Start importing Assets/Materiais/Zumbis/Zumbi_Fazendeiro.mat using Guid(e5cc05ed45de54f44a492689c311bd00) Importer(2089858483,192608db42251d675da83286b1cce702) (ScriptedImporter) -> (artifact id: 'c66c8451c596ff7fe52f78462563e789') in 0.0158123 seconds
Number of updated asset objects reloaded before import = 0Number of asset objects unloaded after import = 2

========================================================================
Received Import Request.
  Time since last request: 0.000016 seconds.
  path: Assets/Materiais/Zumbis/Zumbi_LiderDeTorcida.mat
  artifactKey: Guid(816d75ac8fe95ec49bfc02efdd78cd92) Importer(2089858483,192608db42251d675da83286b1cce702)
Start importing Assets/Materiais/Zumbis/Zumbi_LiderDeTorcida.mat using Guid(816d75ac8fe95ec49bfc02efdd78cd92) Importer(2089858483,192608db42251d675da83286b1cce702) (ScriptedImporter) -> (artifact id: '1816125939cea2164f113d766963dee5') in 0.0156185 seconds
Number of updated asset objects reloaded before import = 0Number of asset objects unloaded after import = 2

========================================================================
Received Import Request.
  Time since last request: 0.000016 seconds.
  path: Assets/Modelos3D/Aderecos/Sofa_Destruido_03.fbx
  artifactKey: Guid(d8ae94d0b54c35840b99f15a444c87e1) Importer(2089858483,192608db42251d675da83286b1cce702)
Start importing Assets/Modelos3D/Aderecos/Sofa_Destruido_03.fbx using Guid(d8ae94d0b54c35840b99f15a444c87e1) Importer(2089858483,192608db42251d675da83286b1cce702) (ScriptedImporter) -> (artifact id: 'f800575790cef1076555a529cafcfa2c') in 0.0195478 seconds
Number of updated asset objects reloaded before import = 0Number of asset objects unloaded after import = 7

========================================================================
Received Import Request.
  Time since last request: 0.000016 seconds.
  path: Assets/Materiais/Zumbis/Zumbi_Industrial.mat
  artifactKey: Guid(cad8e3f80e0443d43a61c4e1124449da) Importer(2089858483,192608db42251d675da83286b1cce702)
Start importing Assets/Materiais/Zumbis/Zumbi_Industrial.mat using Guid(cad8e3f80e0443d43a61c4e1124449da) Importer(2089858483,192608db42251d675da83286b1cce702) (ScriptedImporter) -> (artifact id: '86537a084146cc505889b40d3aca2cd8') in 0.1481413 seconds
Number of updated asset objects reloaded before import = 0Number of asset objects unloaded after import = 2

========================================================================
Received Import Request.
  Time since last request: 0.000023 seconds.
  path: Assets/Modelos3D/Aderecos/Gerador_Iluminacao.fbx
  artifactKey: Guid(91a6e867b06b8a446ad3e5637aa357df) Importer(2089858483,192608db42251d675da83286b1cce702)
Start importing Assets/Modelos3D/Aderecos/Gerador_Iluminacao.fbx using Guid(91a6e867b06b8a446ad3e5637aa357df) Importer(2089858483,192608db42251d675da83286b1cce702) (ScriptedImporter) -> (artifact id: '77592bc5a24cf482f46e872ff8baea76') in 0.1358845 seconds
Number of updated asset objects reloaded before import = 0Number of asset objects unloaded after import = 17

========================================================================
Received Import Request.
  Time since last request: 0.000257 seconds.
  path: Assets/Modelos3D/Ambiente/Rua_Destruido.fbx
  artifactKey: Guid(50e2f60b4cb03bc4697739fcbcc6f157) Importer(2089858483,192608db42251d675da83286b1cce702)
Start importing Assets/Modelos3D/Ambiente/Rua_Destruido.fbx using Guid(50e2f60b4cb03bc4697739fcbcc6f157) Importer(2089858483,192608db42251d675da83286b1cce702) (ScriptedImporter) -> (artifact id: '359aeeb6c1131eac584cd50530dc7a54') in 0.0337012 seconds
Number of updated asset objects reloaded before import = 0Number of asset objects unloaded after import = 7

========================================================================
Received Import Request.
  Time since last request: 0.000015 seconds.
  path: Assets/Modelos3D/Ambiente/Rua_Cruz.fbx
  artifactKey: Guid(48fbb206d26b0fd4db4b8c24d3e67104) Importer(2089858483,192608db42251d675da83286b1cce702)
Start importing Assets/Modelos3D/Ambiente/Rua_Cruz.fbx using Guid(48fbb206d26b0fd4db4b8c24d3e67104) Importer(2089858483,192608db42251d675da83286b1cce702) (ScriptedImporter) -> (artifact id: '45aad476efc40e976d31dbe92154b24a') in 0.0258672 seconds
Number of updated asset objects reloaded before import = 0Number of asset objects unloaded after import = 7

========================================================================
Received Import Request.
  Time since last request: 0.000016 seconds.
  path: Assets/Modelos3D/Ambiente/Rua_Reta_Destruido.fbx
  artifactKey: Guid(50ef5f6555fc8d1449e69d8ec0e2a76e) Importer(2089858483,192608db42251d675da83286b1cce702)
Start importing Assets/Modelos3D/Ambiente/Rua_Reta_Destruido.fbx using Guid(50ef5f6555fc8d1449e69d8ec0e2a76e) Importer(2089858483,192608db42251d675da83286b1cce702) (ScriptedImporter) -> (artifact id: 'df017c29541dd80d41bca13aaf8a810e') in 0.0248259 seconds
Number of updated asset objects reloaded before import = 0Number of asset objects unloaded after import = 7

========================================================================
Received Import Request.
  Time since last request: 0.000016 seconds.
  path: Assets/Modelos3D/Ambiente/ParedeTijolos_Destruido_01.fbx
  artifactKey: Guid(639b91e54ae205a4984c55bdcd1706cd) Importer(2089858483,192608db42251d675da83286b1cce702)
Start importing Assets/Modelos3D/Ambiente/ParedeTijolos_Destruido_01.fbx using Guid(639b91e54ae205a4984c55bdcd1706cd) Importer(2089858483,192608db42251d675da83286b1cce702) (ScriptedImporter) -> (artifact id: 'd9842d138bb0a3fd0cf5766222b8a07b') in 0.0253438 seconds
Number of updated asset objects reloaded before import = 0Number of asset objects unloaded after import = 7

========================================================================
Received Import Request.
  Time since last request: 0.000016 seconds.
  path: Assets/Modelos3D/Ambiente/Placa_Perigo.fbx
  artifactKey: Guid(5a8079970ce622947946f9359fda68fa) Importer(2089858483,192608db42251d675da83286b1cce702)
Start importing Assets/Modelos3D/Ambiente/Placa_Perigo.fbx using Guid(5a8079970ce622947946f9359fda68fa) Importer(2089858483,192608db42251d675da83286b1cce702) (ScriptedImporter) -> (artifact id: '058e6fd7acc1c2dbf98a568f8e0c0e64') in 0.0256015 seconds
Number of updated asset objects reloaded before import = 0Number of asset objects unloaded after import = 7

========================================================================
Received Import Request.
  Time since last request: 0.000014 seconds.
  path: Assets/Modelos3D/Ambiente/Quadra.fbx
  artifactKey: Guid(ddd402de8d1820b4b8dcf877167a31ae) Importer(2089858483,192608db42251d675da83286b1cce702)
Start importing Assets/Modelos3D/Ambiente/Quadra.fbx using Guid(ddd402de8d1820b4b8dcf877167a31ae) Importer(2089858483,192608db42251d675da83286b1cce702) (ScriptedImporter) -> (artifact id: '804399550a040ced24b5412c7540d082') in 0.0230565 seconds
Number of updated asset objects reloaded before import = 0Number of asset objects unloaded after import = 7

========================================================================
Received Import Request.
  Time since last request: 0.000016 seconds.
  path: Assets/Modelos3D/Ambiente/Rua_Curva_Direita_01.fbx
  artifactKey: Guid(98896959725bc6747990c46e40a868fb) Importer(2089858483,192608db42251d675da83286b1cce702)
Start importing Assets/Modelos3D/Ambiente/Rua_Curva_Direita_01.fbx using Guid(98896959725bc6747990c46e40a868fb) Importer(2089858483,192608db42251d675da83286b1cce702) (ScriptedImporter) -> (artifact id: '7d0f560330f64cbcf7c916b4317e68f2') in 0.0267044 seconds
Number of updated asset objects reloaded before import = 0Number of asset objects unloaded after import = 7

========================================================================
Received Import Request.
  Time since last request: 0.000015 seconds.
  path: Assets/Modelos3D/Ambiente/Rua_FaixaDePedestre_01.fbx
  artifactKey: Guid(5f516ac64a098ac48ab9668b40be6d32) Importer(2089858483,192608db42251d675da83286b1cce702)
Start importing Assets/Modelos3D/Ambiente/Rua_FaixaDePedestre_01.fbx using Guid(5f516ac64a098ac48ab9668b40be6d32) Importer(2089858483,192608db42251d675da83286b1cce702) (ScriptedImporter) -> (artifact id: '7cd6e269f3150bac94ea31a5b3f915a4') in 0.0238769 seconds
Number of updated asset objects reloaded before import = 0Number of asset objects unloaded after import = 7

========================================================================
Received Import Request.
  Time since last request: 0.000017 seconds.
  path: Assets/Modelos3D/Ambiente/Rua_Canto.fbx
  artifactKey: Guid(f1c4e7cad77043d4eb1da10b11215f6a) Importer(2089858483,192608db42251d675da83286b1cce702)
Start importing Assets/Modelos3D/Ambiente/Rua_Canto.fbx using Guid(f1c4e7cad77043d4eb1da10b11215f6a) Importer(2089858483,192608db42251d675da83286b1cce702) (ScriptedImporter) -> (artifact id: 'f6094d0bfe7cdfc54c026b8b92d07287') in 0.0224176 seconds
Number of updated asset objects reloaded before import = 0Number of asset objects unloaded after import = 7

========================================================================
Received Import Request.
  Time since last request: 0.000023 seconds.
  path: Assets/Modelos3D/Ambiente/Piscina.fbx
  artifactKey: Guid(7250cf1f963dcc84f991aee29ba102e5) Importer(2089858483,192608db42251d675da83286b1cce702)
Start importing Assets/Modelos3D/Ambiente/Piscina.fbx using Guid(7250cf1f963dcc84f991aee29ba102e5) Importer(2089858483,192608db42251d675da83286b1cce702) (ScriptedImporter) -> (artifact id: 'b026aaf30a55563dcfe79f16b87a3e4f') in 0.0240996 seconds
Number of updated asset objects reloaded before import = 0Number of asset objects unloaded after import = 17

========================================================================
Received Import Request.
  Time since last request: 0.000016 seconds.
  path: Assets/Modelos3D/Ambiente/Rua_Reta.fbx
  artifactKey: Guid(1f634d818d14cbc4eadbdf6d2bbd35c6) Importer(2089858483,192608db42251d675da83286b1cce702)
Start importing Assets/Modelos3D/Ambiente/Rua_Reta.fbx using Guid(1f634d818d14cbc4eadbdf6d2bbd35c6) Importer(2089858483,192608db42251d675da83286b1cce702) (ScriptedImporter) -> (artifact id: 'aa25eb182c4f31261561794e9618f443') in 0.0213266 seconds
Number of updated asset objects reloaded before import = 0Number of asset objects unloaded after import = 7

========================================================================
Received Import Request.
  Time since last request: 0.000016 seconds.
  path: Assets/Modelos3D/Aderecos/SacoDeDormir_02.fbx
  artifactKey: Guid(f4b5f477beb6ab54589b91bd6a9a903f) Importer(2089858483,192608db42251d675da83286b1cce702)
Start importing Assets/Modelos3D/Aderecos/SacoDeDormir_02.fbx using Guid(f4b5f477beb6ab54589b91bd6a9a903f) Importer(2089858483,192608db42251d675da83286b1cce702) (ScriptedImporter) -> (artifact id: 'c042262fadc62906356130303255c2e6') in 0.0195409 seconds
Number of updated asset objects reloaded before import = 0Number of asset objects unloaded after import = 7

========================================================================
Received Import Request.
  Time since last request: 0.000030 seconds.
  path: Assets/Materiais/Personagens/Personagem_Explorador.mat
  artifactKey: Guid(70535cd9e2b507c45b018cfd9adec4e6) Importer(2089858483,192608db42251d675da83286b1cce702)
Start importing Assets/Materiais/Personagens/Personagem_Explorador.mat using Guid(70535cd9e2b507c45b018cfd9adec4e6) Importer(2089858483,192608db42251d675da83286b1cce702) (ScriptedImporter) -> (artifact id: 'a17066fa045d76fa41f41a66e0ddd046') in 0.013933 seconds
Number of updated asset objects reloaded before import = 0Number of asset objects unloaded after import = 2

========================================================================
Received Import Request.
  Time since last request: 0.000016 seconds.
  path: Assets/Modelos3D/Aderecos/Barril_02.fbx
  artifactKey: Guid(c42f61f3af44b0d45875f8fe24b2b194) Importer(2089858483,192608db42251d675da83286b1cce702)
Start importing Assets/Modelos3D/Aderecos/Barril_02.fbx using Guid(c42f61f3af44b0d45875f8fe24b2b194) Importer(2089858483,192608db42251d675da83286b1cce702) (ScriptedImporter) -> (artifact id: '43c0ba91b00dc91821dc6ce80b2b529b') in 0.0214587 seconds
Number of updated asset objects reloaded before import = 0Number of asset objects unloaded after import = 7

========================================================================
Received Import Request.
  Time since last request: 0.000047 seconds.
  path: Assets/Modelos3D/Aderecos/Pilha_Caixas_Media_01.fbx
  artifactKey: Guid(2cafd3be2e09ce6468d2f7500a1bd661) Importer(2089858483,192608db42251d675da83286b1cce702)
Start importing Assets/Modelos3D/Aderecos/Pilha_Caixas_Media_01.fbx using Guid(2cafd3be2e09ce6468d2f7500a1bd661) Importer(2089858483,192608db42251d675da83286b1cce702) (ScriptedImporter) -> (artifact id: '31e691cd4de7de91edf0a3365078a82f') in 0.0478387 seconds
Number of updated asset objects reloaded before import = 0Number of asset objects unloaded after import = 7

========================================================================
Received Import Request.
  Time since last request: 0.000017 seconds.
  path: Assets/Modelos3D/Aderecos/Ruina_Predio_05.fbx
  artifactKey: Guid(482dd304117e3b54ab1ca328b55c7090) Importer(2089858483,192608db42251d675da83286b1cce702)
Start importing Assets/Modelos3D/Aderecos/Ruina_Predio_05.fbx using Guid(482dd304117e3b54ab1ca328b55c7090) Importer(2089858483,192608db42251d675da83286b1cce702) (ScriptedImporter) -> (artifact id: 'e16bffb65229dcd064d8f5968ff8aaab') in 0.0528946 seconds
Number of updated asset objects reloaded before import = 0Number of asset objects unloaded after import = 7

========================================================================
Received Import Request.
  Time since last request: 0.000315 seconds.
  path: Assets/Modelos3D/Aderecos/Barreira_01.fbx
  artifactKey: Guid(6bebb462738073b49b04fda2d21f73ad) Importer(2089858483,192608db42251d675da83286b1cce702)
Start importing Assets/Modelos3D/Aderecos/Barreira_01.fbx using Guid(6bebb462738073b49b04fda2d21f73ad) Importer(2089858483,192608db42251d675da83286b1cce702) (ScriptedImporter) -> (artifact id: '854720f6dc6cb67ec7566a408cb48cb2') in 0.0588452 seconds
Number of updated asset objects reloaded before import = 0Number of asset objects unloaded after import = 7

========================================================================
Received Import Request.
  Time since last request: 0.000022 seconds.
  path: Assets/Modelos3D/Aderecos/ConeDeRua.fbx
  artifactKey: Guid(e19083493f4d02041b25b9d8d06292dd) Importer(2089858483,192608db42251d675da83286b1cce702)
Start importing Assets/Modelos3D/Aderecos/ConeDeRua.fbx using Guid(e19083493f4d02041b25b9d8d06292dd) Importer(2089858483,192608db42251d675da83286b1cce702) (ScriptedImporter) -> (artifact id: 'aa7aefd328daa969c0d7cc61748abd23') in 0.0512366 seconds
Number of updated asset objects reloaded before import = 0Number of asset objects unloaded after import = 7

========================================================================
Received Import Request.
  Time since last request: 0.000072 seconds.
  path: Assets/Materiais/Zumbis/Zumbi_MoradorDeAreaLivre.mat
  artifactKey: Guid(79dc7048d67d0d447958856ab6cc8837) Importer(2089858483,192608db42251d675da83286b1cce702)
Start importing Assets/Materiais/Zumbis/Zumbi_MoradorDeAreaLivre.mat using Guid(79dc7048d67d0d447958856ab6cc8837) Importer(2089858483,192608db42251d675da83286b1cce702) (ScriptedImporter) -> (artifact id: '609e4b62fc9d75256d3c9c6d798143e5') in 0.2505651 seconds
Number of updated asset objects reloaded before import = 0Number of asset objects unloaded after import = 2

========================================================================
Received Import Request.
  Time since last request: 0.000220 seconds.
  path: Assets/Modelos3D/Aderecos/LataDeLixo.fbx
  artifactKey: Guid(76c77ffa5a7e4c6489c09a1c5724796f) Importer(2089858483,192608db42251d675da83286b1cce702)
Start importing Assets/Modelos3D/Aderecos/LataDeLixo.fbx using Guid(76c77ffa5a7e4c6489c09a1c5724796f) Importer(2089858483,192608db42251d675da83286b1cce702) (ScriptedImporter) -> (artifact id: '68da5761e1b5663f34c8ec93ebec2429') in 0.0209698 seconds
Number of updated asset objects reloaded before import = 0Number of asset objects unloaded after import = 7

========================================================================
Received Import Request.
  Time since last request: 0.000016 seconds.
  path: Assets/Modelos3D/Aderecos/Ruina_Predio_04.fbx
  artifactKey: Guid(b8285aac8734fb340b7e4a597db8ad80) Importer(2089858483,192608db42251d675da83286b1cce702)
Start importing Assets/Modelos3D/Aderecos/Ruina_Predio_04.fbx using Guid(b8285aac8734fb340b7e4a597db8ad80) Importer(2089858483,192608db42251d675da83286b1cce702) (ScriptedImporter) -> (artifact id: '1f8cb703132c82df8969e0eb78b8b659') in 0.0209568 seconds
Number of updated asset objects reloaded before import = 0Number of asset objects unloaded after import = 7

========================================================================
Received Import Request.
  Time since last request: 0.000016 seconds.
  path: Assets/Materiais/Zumbis/Zumbi_Piloto.mat
  artifactKey: Guid(cfb0dc6328d3072429fa1f26b60cc7f2) Importer(2089858483,192608db42251d675da83286b1cce702)
Start importing Assets/Materiais/Zumbis/Zumbi_Piloto.mat using Guid(cfb0dc6328d3072429fa1f26b60cc7f2) Importer(2089858483,192608db42251d675da83286b1cce702) (ScriptedImporter) -> (artifact id: 'e8e0602b499d83cad2f456bde6fef870') in 0.0167424 seconds
Number of updated asset objects reloaded before import = 0Number of asset objects unloaded after import = 2

========================================================================
Received Import Request.
  Time since last request: 0.000017 seconds.
  path: Assets/Materiais/Personagens/Personagem_Medico.mat
  artifactKey: Guid(da96650ea8b2add42becd7da8c653d16) Importer(2089858483,192608db42251d675da83286b1cce702)
Start importing Assets/Materiais/Personagens/Personagem_Medico.mat using Guid(da96650ea8b2add42becd7da8c653d16) Importer(2089858483,192608db42251d675da83286b1cce702) (ScriptedImporter) -> (artifact id: '51aac0f7459f6e5164525bec21137b59') in 0.015286 seconds
Number of updated asset objects reloaded before import = 0Number of asset objects unloaded after import = 2

========================================================================
Received Import Request.
  Time since last request: 0.000017 seconds.
  path: Assets/Materiais/Personagens/Personagem_Prisioneiro.mat
  artifactKey: Guid(ec2d7aa20135a0545b166a29249d0fb3) Importer(2089858483,192608db42251d675da83286b1cce702)
Start importing Assets/Materiais/Personagens/Personagem_Prisioneiro.mat using Guid(ec2d7aa20135a0545b166a29249d0fb3) Importer(2089858483,192608db42251d675da83286b1cce702) (ScriptedImporter) -> (artifact id: '8fab2a98fb6e7052c8d1abc279c7e744') in 0.01587 seconds
Number of updated asset objects reloaded before import = 0Number of asset objects unloaded after import = 2

========================================================================
Received Import Request.
  Time since last request: 0.000016 seconds.
  path: Assets/Modelos3D/Aderecos/Arvore_05.fbx
  artifactKey: Guid(531f525c95b610c4ba3d256dc2c66834) Importer(2089858483,192608db42251d675da83286b1cce702)
Start importing Assets/Modelos3D/Aderecos/Arvore_05.fbx using Guid(531f525c95b610c4ba3d256dc2c66834) Importer(2089858483,192608db42251d675da83286b1cce702) (ScriptedImporter) -> (artifact id: 'a8affd483d560379dcb5acfc9cda0e67') in 0.0200214 seconds
Number of updated asset objects reloaded before import = 0Number of asset objects unloaded after import = 7

========================================================================
Received Import Request.
  Time since last request: 0.000016 seconds.
  path: Assets/Materiais/Zumbis/Zumbi_JogadorBasket.mat
  artifactKey: Guid(16763f16be2139e428bb3c7e0a6f8fcd) Importer(2089858483,192608db42251d675da83286b1cce702)
Start importing Assets/Materiais/Zumbis/Zumbi_JogadorBasket.mat using Guid(16763f16be2139e428bb3c7e0a6f8fcd) Importer(2089858483,192608db42251d675da83286b1cce702) (ScriptedImporter) -> (artifact id: '95a5f5d9a2618799f3f6aeba5a084fb4') in 0.0159357 seconds
Number of updated asset objects reloaded before import = 0Number of asset objects unloaded after import = 2

========================================================================
Received Import Request.
  Time since last request: 0.000015 seconds.
  path: Assets/Materiais/Corpos/Corpo_04.mat
  artifactKey: Guid(b24d7085606a2254aadab445ec3ab11a) Importer(2089858483,192608db42251d675da83286b1cce702)
Start importing Assets/Materiais/Corpos/Corpo_04.mat using Guid(b24d7085606a2254aadab445ec3ab11a) Importer(2089858483,192608db42251d675da83286b1cce702) (ScriptedImporter) -> (artifact id: 'f21fa374c15acabc4fddeb992d6bcff5') in 0.0144659 seconds
Number of updated asset objects reloaded before import = 0Number of asset objects unloaded after import = 2

========================================================================
Received Import Request.
  Time since last request: 0.000017 seconds.
  path: Assets/Materiais/Zumbis/Zumbi_Soldado.mat
  artifactKey: Guid(ce2170e4bada3de43a95f7e6e70975fa) Importer(2089858483,192608db42251d675da83286b1cce702)
Start importing Assets/Materiais/Zumbis/Zumbi_Soldado.mat using Guid(ce2170e4bada3de43a95f7e6e70975fa) Importer(2089858483,192608db42251d675da83286b1cce702) (ScriptedImporter) -> (artifact id: 'cce16eae43fc495ce741c0b36db6584a') in 0.0143471 seconds
Number of updated asset objects reloaded before import = 0Number of asset objects unloaded after import = 2

========================================================================
Received Import Request.
  Time since last request: 0.000015 seconds.
  path: Assets/Modelos3D/Ambiente/Rua_Cruz_Destruido.fbx
  artifactKey: Guid(1624998e2bde87248b984d1e371f53df) Importer(2089858483,192608db42251d675da83286b1cce702)
Start importing Assets/Modelos3D/Ambiente/Rua_Cruz_Destruido.fbx using Guid(1624998e2bde87248b984d1e371f53df) Importer(2089858483,192608db42251d675da83286b1cce702) (ScriptedImporter) -> (artifact id: 'f87cfd5896bbf7ca454e8274205a087d') in 0.0232941 seconds
Number of updated asset objects reloaded before import = 0Number of asset objects unloaded after import = 7

========================================================================
Received Import Request.
  Time since last request: 0.000016 seconds.
  path: Assets/Materiais/Zumbis/Zumbi_Corredor.mat
  artifactKey: Guid(4759575715544fa409b1d5ad319beb4b) Importer(2089858483,192608db42251d675da83286b1cce702)
Start importing Assets/Materiais/Zumbis/Zumbi_Corredor.mat using Guid(4759575715544fa409b1d5ad319beb4b) Importer(2089858483,192608db42251d675da83286b1cce702) (ScriptedImporter) -> (artifact id: '83c279d1fbcf5b420038b249ad083329') in 0.0151331 seconds
Number of updated asset objects reloaded before import = 0Number of asset objects unloaded after import = 2

========================================================================
Received Import Request.
  Time since last request: 0.000027 seconds.
  path: Assets/Modelos3D/Aderecos/Barril_Queimado.fbx
  artifactKey: Guid(141c2f4ce26f4464eb1bf750347564aa) Importer(2089858483,192608db42251d675da83286b1cce702)
Start importing Assets/Modelos3D/Aderecos/Barril_Queimado.fbx using Guid(141c2f4ce26f4464eb1bf750347564aa) Importer(2089858483,192608db42251d675da83286b1cce702) (ScriptedImporter) -> (artifact id: 'a5bc029682b643f491f4abc1d0486694') in 0.023413 seconds
Number of updated asset objects reloaded before import = 0Number of asset objects unloaded after import = 7

========================================================================
Received Import Request.
  Time since last request: 0.000021 seconds.
  path: Assets/Modelos3D/Aderecos/PosteDeLuz_Destruido_01.fbx
  artifactKey: Guid(4ae48b25a0c3a4748a99560a72cf70cc) Importer(2089858483,192608db42251d675da83286b1cce702)
Start importing Assets/Modelos3D/Aderecos/PosteDeLuz_Destruido_01.fbx using Guid(4ae48b25a0c3a4748a99560a72cf70cc) Importer(2089858483,192608db42251d675da83286b1cce702) (ScriptedImporter) -> (artifact id: '9c4b7f4c1351df5468728d0e5ff2de43') in 0.0201465 seconds
Number of updated asset objects reloaded before import = 0Number of asset objects unloaded after import = 7

========================================================================
Received Import Request.
  Time since last request: 0.000044 seconds.
  path: Assets/Materiais/Zumbis/Zumbi_Palhaco.mat
  artifactKey: Guid(a4e0e781815064b4db59980b78af2175) Importer(2089858483,192608db42251d675da83286b1cce702)
Start importing Assets/Materiais/Zumbis/Zumbi_Palhaco.mat using Guid(a4e0e781815064b4db59980b78af2175) Importer(2089858483,192608db42251d675da83286b1cce702) (ScriptedImporter) -> (artifact id: 'c8f44fcf319efc4b92d40fef161d44de') in 0.0132988 seconds
Number of updated asset objects reloaded before import = 0Number of asset objects unloaded after import = 2

========================================================================
Received Import Request.
  Time since last request: 0.000015 seconds.
  path: Assets/Modelos3D/Aderecos/SacoDeDormir_03.fbx
  artifactKey: Guid(0dd84f834201a9745bd598e5efe1bea4) Importer(2089858483,192608db42251d675da83286b1cce702)
Start importing Assets/Modelos3D/Aderecos/SacoDeDormir_03.fbx using Guid(0dd84f834201a9745bd598e5efe1bea4) Importer(2089858483,192608db42251d675da83286b1cce702) (ScriptedImporter) -> (artifact id: 'de5578accfca7b65ff8a968a4e2acc7f') in 0.0216864 seconds
Number of updated asset objects reloaded before import = 0Number of asset objects unloaded after import = 7

========================================================================
Received Import Request.
  Time since last request: 0.000015 seconds.
  path: Assets/Modelos3D/Aderecos/LataDeLixo_02.fbx
  artifactKey: Guid(a05f583ee46101344acdf8afe14fa6ce) Importer(2089858483,192608db42251d675da83286b1cce702)
Start importing Assets/Modelos3D/Aderecos/LataDeLixo_02.fbx using Guid(a05f583ee46101344acdf8afe14fa6ce) Importer(2089858483,192608db42251d675da83286b1cce702) (ScriptedImporter) -> (artifact id: '3301e68e9f78a411999f2629b20a5035') in 0.0488884 seconds
Number of updated asset objects reloaded before import = 0Number of asset objects unloaded after import = 7

========================================================================
Received Import Request.
  Time since last request: 0.000017 seconds.
  path: Assets/Modelos3D/Aderecos/Sangue_01.fbx
  artifactKey: Guid(274785cf828f34f4496b49d9cb162f87) Importer(2089858483,192608db42251d675da83286b1cce702)
Start importing Assets/Modelos3D/Aderecos/Sangue_01.fbx using Guid(274785cf828f34f4496b49d9cb162f87) Importer(2089858483,192608db42251d675da83286b1cce702) (ScriptedImporter) -> (artifact id: '094f6a3fbbcb598a90931fd171d9170b') in 0.0308085 seconds
Number of updated asset objects reloaded before import = 0Number of asset objects unloaded after import = 7

========================================================================
Received Import Request.
  Time since last request: 0.000017 seconds.
  path: Assets/Modelos3D/Aderecos/Lata_02.fbx
  artifactKey: Guid(1c1a05f61e11f2e4abb28a8e50dc1b26) Importer(2089858483,192608db42251d675da83286b1cce702)
Start importing Assets/Modelos3D/Aderecos/Lata_02.fbx using Guid(1c1a05f61e11f2e4abb28a8e50dc1b26) Importer(2089858483,192608db42251d675da83286b1cce702) (ScriptedImporter) -> (artifact id: '0c8db2dac39aff688f06b3fcf0131dfe') in 0.023172 seconds
Number of updated asset objects reloaded before import = 0Number of asset objects unloaded after import = 7

========================================================================
Received Import Request.
  Time since last request: 0.000016 seconds.
  path: Assets/Modelos3D/Ambiente/Corpo_01.fbx
  artifactKey: Guid(cc5a07fa4e2d1de49b881e387c33daa6) Importer(2089858483,192608db42251d675da83286b1cce702)
Start importing Assets/Modelos3D/Ambiente/Corpo_01.fbx using Guid(cc5a07fa4e2d1de49b881e387c33daa6) Importer(2089858483,192608db42251d675da83286b1cce702) (ScriptedImporter) -> (artifact id: 'ea6d88024e34ebed065dab35f258d7dd') in 0.0239683 seconds
Number of updated asset objects reloaded before import = 0Number of asset objects unloaded after import = 7

========================================================================
Received Import Request.
  Time since last request: 0.000016 seconds.
  path: Assets/Materiais/Personagens/Personagem_MulherSoldado.mat
  artifactKey: Guid(4ef445f123c0c284caa5fba6d1ee00bf) Importer(2089858483,192608db42251d675da83286b1cce702)
Start importing Assets/Materiais/Personagens/Personagem_MulherSoldado.mat using Guid(4ef445f123c0c284caa5fba6d1ee00bf) Importer(2089858483,192608db42251d675da83286b1cce702) (ScriptedImporter) -> (artifact id: '561f93c05f7c6e3d375ae76f7bc85b50') in 0.0167968 seconds
Number of updated asset objects reloaded before import = 0Number of asset objects unloaded after import = 2

========================================================================
Received Import Request.
  Time since last request: 0.000018 seconds.
  path: Assets/Modelos3D/Aderecos/Pilha_Caixas_Grande_02.fbx
  artifactKey: Guid(40ed480bf4173e6448b94c844050b939) Importer(2089858483,192608db42251d675da83286b1cce702)
Start importing Assets/Modelos3D/Aderecos/Pilha_Caixas_Grande_02.fbx using Guid(40ed480bf4173e6448b94c844050b939) Importer(2089858483,192608db42251d675da83286b1cce702) (ScriptedImporter) -> (artifact id: 'bee9de19b8a96691787e9a3077ca935a') in 0.0213236 seconds
Number of updated asset objects reloaded before import = 0Number of asset objects unloaded after import = 7

========================================================================
Received Import Request.
  Time since last request: 0.000020 seconds.
  path: Assets/Materiais/Personagens/Personagem_HomemSobrevivente02.mat
  artifactKey: Guid(aa3bf6c6b6d585b44aa372b34cbf948b) Importer(2089858483,192608db42251d675da83286b1cce702)
Start importing Assets/Materiais/Personagens/Personagem_HomemSobrevivente02.mat using Guid(aa3bf6c6b6d585b44aa372b34cbf948b) Importer(2089858483,192608db42251d675da83286b1cce702) (ScriptedImporter) -> (artifact id: '2ea437fe206a76bb5614fdf1370171bf') in 0.0137707 seconds
Number of updated asset objects reloaded before import = 0Number of asset objects unloaded after import = 2

========================================================================
Received Import Request.
  Time since last request: 0.000024 seconds.
  path: Assets/Modelos3D/Aderecos/LataDeLixo_01.fbx
  artifactKey: Guid(1319f7794bcfc024584a63eea8ba26a2) Importer(2089858483,192608db42251d675da83286b1cce702)
Start importing Assets/Modelos3D/Aderecos/LataDeLixo_01.fbx using Guid(1319f7794bcfc024584a63eea8ba26a2) Importer(2089858483,192608db42251d675da83286b1cce702) (ScriptedImporter) -> (artifact id: '220972c6e623b93358a7ece869bd4a4d') in 0.0202057 seconds
Number of updated asset objects reloaded before import = 0Number of asset objects unloaded after import = 7

========================================================================
Received Import Request.
  Time since last request: 0.000022 seconds.
  path: Assets/Modelos3D/Aderecos/Pallet_01.fbx
  artifactKey: Guid(28774154a87187e45a9a184938957f44) Importer(2089858483,192608db42251d675da83286b1cce702)
Start importing Assets/Modelos3D/Aderecos/Pallet_01.fbx using Guid(28774154a87187e45a9a184938957f44) Importer(2089858483,192608db42251d675da83286b1cce702) (ScriptedImporter) -> (artifact id: '404ea709570f54beaa0b155fe0fa11a5') in 0.0218918 seconds
Number of updated asset objects reloaded before import = 0Number of asset objects unloaded after import = 7

========================================================================
Received Import Request.
  Time since last request: 0.000016 seconds.
  path: Assets/Materiais/Personagens/Personagem_RiscoBiologico.mat
  artifactKey: Guid(1bd14d8405daa364f865d7b08089f5b1) Importer(2089858483,192608db42251d675da83286b1cce702)
Start importing Assets/Materiais/Personagens/Personagem_RiscoBiologico.mat using Guid(1bd14d8405daa364f865d7b08089f5b1) Importer(2089858483,192608db42251d675da83286b1cce702) (ScriptedImporter) -> (artifact id: '76bf22f6adfe98d07d7bd0c3571078f6') in 0.0145496 seconds
Number of updated asset objects reloaded before import = 0Number of asset objects unloaded after import = 2

========================================================================
Received Import Request.
  Time since last request: 0.000015 seconds.
  path: Assets/Modelos3D/Aderecos/Lata_01.fbx
  artifactKey: Guid(1c6c35831574ca744a1199c6079f2eea) Importer(2089858483,192608db42251d675da83286b1cce702)
Start importing Assets/Modelos3D/Aderecos/Lata_01.fbx using Guid(1c6c35831574ca744a1199c6079f2eea) Importer(2089858483,192608db42251d675da83286b1cce702) (ScriptedImporter) -> (artifact id: '51363cb13752390981d075db7e2dea5d') in 0.0274296 seconds
Number of updated asset objects reloaded before import = 0Number of asset objects unloaded after import = 7

========================================================================
Received Import Request.
  Time since last request: 0.000017 seconds.
  path: Assets/Modelos3D/Construcoes/Casa_Pequena_Destruido_01.fbx
  artifactKey: Guid(a72efe2a3c8eedd47944ff41dad85b36) Importer(2089858483,192608db42251d675da83286b1cce702)
Start importing Assets/Modelos3D/Construcoes/Casa_Pequena_Destruido_01.fbx using Guid(a72efe2a3c8eedd47944ff41dad85b36) Importer(2089858483,192608db42251d675da83286b1cce702) (ScriptedImporter) -> (artifact id: '9a5fd269e0d326e0f36f7d9840fcaee5') in 0.0284131 seconds
Number of updated asset objects reloaded before import = 0Number of asset objects unloaded after import = 12

========================================================================
Received Import Request.
  Time since last request: 0.000016 seconds.
  path: Assets/Modelos3D/Construcoes/Casa_Pequena_Destruido_04.fbx
  artifactKey: Guid(d2e0696861e4e584e9b83c7a7f08bc53) Importer(2089858483,192608db42251d675da83286b1cce702)
Start importing Assets/Modelos3D/Construcoes/Casa_Pequena_Destruido_04.fbx using Guid(d2e0696861e4e584e9b83c7a7f08bc53) Importer(2089858483,192608db42251d675da83286b1cce702) (ScriptedImporter) -> (artifact id: 'c9429b66614059053fdd18d04820b309') in 0.0316902 seconds
Number of updated asset objects reloaded before import = 0Number of asset objects unloaded after import = 12

========================================================================
Received Import Request.
  Time since last request: 0.000018 seconds.
  path: Assets/Modelos3D/Ambiente/Rua_T.fbx
  artifactKey: Guid(b306098ed1f69ce40b9216965a2c4f05) Importer(2089858483,192608db42251d675da83286b1cce702)
Start importing Assets/Modelos3D/Ambiente/Rua_T.fbx using Guid(b306098ed1f69ce40b9216965a2c4f05) Importer(2089858483,192608db42251d675da83286b1cce702) (ScriptedImporter) -> (artifact id: 'ad009c2ab17dd37b19afd381670e1c85') in 0.0287518 seconds
Number of updated asset objects reloaded before import = 0Number of asset objects unloaded after import = 7

========================================================================
Received Import Request.
  Time since last request: 0.000015 seconds.
  path: Assets/Modelos3D/Construcoes/Casa_Destruido.fbx
  artifactKey: Guid(ea24a2e3fdfe4a1408e7ec4730106ff5) Importer(2089858483,192608db42251d675da83286b1cce702)
Start importing Assets/Modelos3D/Construcoes/Casa_Destruido.fbx using Guid(ea24a2e3fdfe4a1408e7ec4730106ff5) Importer(2089858483,192608db42251d675da83286b1cce702) (ScriptedImporter) -> (artifact id: '783fa7f2f3947ca734fd28bbcf5c9a18') in 0.0283745 seconds
Number of updated asset objects reloaded before import = 0Number of asset objects unloaded after import = 7

========================================================================
Received Import Request.
  Time since last request: 0.000015 seconds.
  path: Assets/Modelos3D/Ambiente/Terra_02.fbx
  artifactKey: Guid(f090aeb0d1e59ab49aaf7c56f9175d05) Importer(2089858483,192608db42251d675da83286b1cce702)
Start importing Assets/Modelos3D/Ambiente/Terra_02.fbx using Guid(f090aeb0d1e59ab49aaf7c56f9175d05) Importer(2089858483,192608db42251d675da83286b1cce702) (ScriptedImporter) -> (artifact id: 'bdd13e7447027fabab602592b362e3e3') in 0.027593 seconds
Number of updated asset objects reloaded before import = 0Number of asset objects unloaded after import = 7

========================================================================
Received Import Request.
  Time since last request: 0.000018 seconds.
  path: Assets/Modelos3D/Construcoes/Hospital_Entrada_Destruido.fbx
  artifactKey: Guid(2d707cb7ad733314b8c9d90377cefe8e) Importer(2089858483,192608db42251d675da83286b1cce702)
Start importing Assets/Modelos3D/Construcoes/Hospital_Entrada_Destruido.fbx using Guid(2d707cb7ad733314b8c9d90377cefe8e) Importer(2089858483,192608db42251d675da83286b1cce702) (ScriptedImporter) -> (artifact id: 'f94a4102d829c366ffbd4cb5e56d4a86') in 0.0354786 seconds
Number of updated asset objects reloaded before import = 0Number of asset objects unloaded after import = 17

========================================================================
Received Import Request.
  Time since last request: 0.000024 seconds.
  path: Assets/Modelos3D/Ambiente/Rua_Reta_Grande_Destruido_04.fbx
  artifactKey: Guid(4e7b61c61bf15844bb0b6e1c2877d7c3) Importer(2089858483,192608db42251d675da83286b1cce702)
Start importing Assets/Modelos3D/Ambiente/Rua_Reta_Grande_Destruido_04.fbx using Guid(4e7b61c61bf15844bb0b6e1c2877d7c3) Importer(2089858483,192608db42251d675da83286b1cce702) (ScriptedImporter) -> (artifact id: 'aa3bd9c1b62d1c79c24a8ddd7a5fd64a') in 0.0301693 seconds
Number of updated asset objects reloaded before import = 0Number of asset objects unloaded after import = 7

========================================================================
Received Import Request.
  Time since last request: 0.000015 seconds.
  path: Assets/Modelos3D/Construcoes/Fonte.fbx
  artifactKey: Guid(73ea2a9491c908b43a9ace253b38a134) Importer(2089858483,192608db42251d675da83286b1cce702)
Start importing Assets/Modelos3D/Construcoes/Fonte.fbx using Guid(73ea2a9491c908b43a9ace253b38a134) Importer(2089858483,192608db42251d675da83286b1cce702) (ScriptedImporter) -> (artifact id: '63dc5d08d74ad82e47bb9e382eceb7a7') in 0.0401475 seconds
Number of updated asset objects reloaded before import = 0Number of asset objects unloaded after import = 7

========================================================================
Received Import Request.
  Time since last request: 0.000479 seconds.
  path: Assets/Modelos3D/Ambiente/Terra_01.fbx
  artifactKey: Guid(fe6a2db9e55d0aa489159323f66abe4c) Importer(2089858483,192608db42251d675da83286b1cce702)
Start importing Assets/Modelos3D/Ambiente/Terra_01.fbx using Guid(fe6a2db9e55d0aa489159323f66abe4c) Importer(2089858483,192608db42251d675da83286b1cce702) (ScriptedImporter) -> (artifact id: '557daa78685e793a3c332314e51c5ca6') in 0.0524755 seconds
Number of updated asset objects reloaded before import = 0Number of asset objects unloaded after import = 7

========================================================================
Received Import Request.
  Time since last request: 0.000233 seconds.
  path: Assets/Modelos3D/Armas/Pistola.fbx
  artifactKey: Guid(1e3d65b4fdfdca44bbbc53bd5cbcfe99) Importer(2089858483,192608db42251d675da83286b1cce702)
Start importing Assets/Modelos3D/Armas/Pistola.fbx using Guid(1e3d65b4fdfdca44bbbc53bd5cbcfe99) Importer(2089858483,192608db42251d675da83286b1cce702) (ScriptedImporter) -> (artifact id: 'bfab9ca026f4718341c5356a5105094b') in 0.1464056 seconds
Number of updated asset objects reloaded before import = 0Number of asset objects unloaded after import = 32

========================================================================
Received Import Request.
  Time since last request: 0.000099 seconds.
  path: Assets/Modelos3D/Construcoes/Casa_Alta_Destruido_01.fbx
  artifactKey: Guid(75abd7c7b52495f40a4de872d31c4118) Importer(2089858483,192608db42251d675da83286b1cce702)
Start importing Assets/Modelos3D/Construcoes/Casa_Alta_Destruido_01.fbx using Guid(75abd7c7b52495f40a4de872d31c4118) Importer(2089858483,192608db42251d675da83286b1cce702) (ScriptedImporter) -> (artifact id: '1fd4e135c8b450e2158e80ab28e275d4') in 0.1012604 seconds
Number of updated asset objects reloaded before import = 0Number of asset objects unloaded after import = 17

========================================================================
Received Import Request.
  Time since last request: 0.000017 seconds.
  path: Assets/Modelos3D/Construcoes/Loja_Destruido_05.fbx
  artifactKey: Guid(fe53770ed6b19194b8554be96518aa8c) Importer(2089858483,192608db42251d675da83286b1cce702)
Start importing Assets/Modelos3D/Construcoes/Loja_Destruido_05.fbx using Guid(fe53770ed6b19194b8554be96518aa8c) Importer(2089858483,192608db42251d675da83286b1cce702) (ScriptedImporter) -> (artifact id: '88f41a877ff35dbaa8bbe7ec75a9874a') in 0.0290994 seconds
Number of updated asset objects reloaded before import = 0Number of asset objects unloaded after import = 17

========================================================================
Received Import Request.
  Time since last request: 0.000016 seconds.
  path: Assets/Modelos3D/Ambiente/Terra_Canto_01.fbx
  artifactKey: Guid(c2a72a25893dd58459cd2bdba1d8be2c) Importer(2089858483,192608db42251d675da83286b1cce702)
Start importing Assets/Modelos3D/Ambiente/Terra_Canto_01.fbx using Guid(c2a72a25893dd58459cd2bdba1d8be2c) Importer(2089858483,192608db42251d675da83286b1cce702) (ScriptedImporter) -> (artifact id: 'b7b3491ea27e93b4b36a3a82ab515b73') in 0.0311218 seconds
Number of updated asset objects reloaded before import = 0Number of asset objects unloaded after import = 7

========================================================================
Received Import Request.
  Time since last request: 0.000016 seconds.
  path: Assets/Modelos3D/Construcoes/Casa_Destruido_01.fbx
  artifactKey: Guid(64b448a34782e2f4ebfa0551cad3c444) Importer(2089858483,192608db42251d675da83286b1cce702)
Start importing Assets/Modelos3D/Construcoes/Casa_Destruido_01.fbx using Guid(64b448a34782e2f4ebfa0551cad3c444) Importer(2089858483,192608db42251d675da83286b1cce702) (ScriptedImporter) -> (artifact id: 'aa3d86fc89c67507b2bf4986a2f9634f') in 0.0273769 seconds
Number of updated asset objects reloaded before import = 0Number of asset objects unloaded after import = 12

========================================================================
Received Import Request.
  Time since last request: 0.000016 seconds.
  path: Assets/Modelos3D/Construcoes/Hospital.fbx
  artifactKey: Guid(1912e53b746b43c41b0515793b68911c) Importer(2089858483,192608db42251d675da83286b1cce702)
Start importing Assets/Modelos3D/Construcoes/Hospital.fbx using Guid(1912e53b746b43c41b0515793b68911c) Importer(2089858483,192608db42251d675da83286b1cce702) (ScriptedImporter) -> (artifact id: '093445384729872ffe2b860b24f3160d') in 0.0265478 seconds
Number of updated asset objects reloaded before import = 0Number of asset objects unloaded after import = 7

========================================================================
Received Import Request.
  Time since last request: 0.000017 seconds.
  path: Assets/Modelos3D/Construcoes/GaleriaDeLojas_Destruido.fbx
  artifactKey: Guid(c006577ec5ad7d9479857dd229e902dd) Importer(2089858483,192608db42251d675da83286b1cce702)
Start importing Assets/Modelos3D/Construcoes/GaleriaDeLojas_Destruido.fbx using Guid(c006577ec5ad7d9479857dd229e902dd) Importer(2089858483,192608db42251d675da83286b1cce702) (ScriptedImporter) -> (artifact id: '78c4c2af966f98407ce505be6c47b061') in 0.0283624 seconds
Number of updated asset objects reloaded before import = 0Number of asset objects unloaded after import = 17

========================================================================
Received Import Request.
  Time since last request: 0.000025 seconds.
  path: Assets/Modelos3D/Construcoes/Apartamentos_Destruido_02.fbx
  artifactKey: Guid(5b0d29d4e03b0244283784fb8096dd72) Importer(2089858483,192608db42251d675da83286b1cce702)
Start importing Assets/Modelos3D/Construcoes/Apartamentos_Destruido_02.fbx using Guid(5b0d29d4e03b0244283784fb8096dd72) Importer(2089858483,192608db42251d675da83286b1cce702) (ScriptedImporter) -> (artifact id: '33cd0ca72796244c0eadd3703d46df9c') in 0.0285853 seconds
Number of updated asset objects reloaded before import = 0Number of asset objects unloaded after import = 17

========================================================================
Received Import Request.
  Time since last request: 0.000016 seconds.
  path: Assets/Modelos3D/Construcoes/Hotel_Estacionamento_Destruido.fbx
  artifactKey: Guid(b1774bd68b7e19545aa0aa03f5d6a8ec) Importer(2089858483,192608db42251d675da83286b1cce702)
Start importing Assets/Modelos3D/Construcoes/Hotel_Estacionamento_Destruido.fbx using Guid(b1774bd68b7e19545aa0aa03f5d6a8ec) Importer(2089858483,192608db42251d675da83286b1cce702) (ScriptedImporter) -> (artifact id: '02e2d4e5586cfdb045489fa1b58783fd') in 0.0250311 seconds
Number of updated asset objects reloaded before import = 0Number of asset objects unloaded after import = 7

========================================================================
Received Import Request.
  Time since last request: 0.000014 seconds.
  path: Assets/Modelos3D/Construcoes/Cafeteria_Destruido.fbx
  artifactKey: Guid(fb05055bdf7d393469f036a23dbcc0f7) Importer(2089858483,192608db42251d675da83286b1cce702)
Start importing Assets/Modelos3D/Construcoes/Cafeteria_Destruido.fbx using Guid(fb05055bdf7d393469f036a23dbcc0f7) Importer(2089858483,192608db42251d675da83286b1cce702) (ScriptedImporter) -> (artifact id: '671af07556844178ac653094e88a949d') in 0.0274077 seconds
Number of updated asset objects reloaded before import = 0Number of asset objects unloaded after import = 12

========================================================================
Received Import Request.
  Time since last request: 0.000015 seconds.
  path: Assets/Modelos3D/Construcoes/Casa_Pequena_Destruido_02.fbx
  artifactKey: Guid(fd2cbe126d4ce004c94709edaf9cd28e) Importer(2089858483,192608db42251d675da83286b1cce702)
Start importing Assets/Modelos3D/Construcoes/Casa_Pequena_Destruido_02.fbx using Guid(fd2cbe126d4ce004c94709edaf9cd28e) Importer(2089858483,192608db42251d675da83286b1cce702) (ScriptedImporter) -> (artifact id: '72bbbc0b3032543f2e81c1bb861c399c') in 0.0261452 seconds
Number of updated asset objects reloaded before import = 0Number of asset objects unloaded after import = 12

========================================================================
Received Import Request.
  Time since last request: 0.000016 seconds.
  path: Assets/Modelos3D/Construcoes/Casa_Alta_Destruido_03.fbx
  artifactKey: Guid(91b3e2311b1731a4ea8d461459c810c9) Importer(2089858483,192608db42251d675da83286b1cce702)
Start importing Assets/Modelos3D/Construcoes/Casa_Alta_Destruido_03.fbx using Guid(91b3e2311b1731a4ea8d461459c810c9) Importer(2089858483,192608db42251d675da83286b1cce702) (ScriptedImporter) -> (artifact id: '4063b22c1f977ba4b1d955dd886c9396') in 0.0232791 seconds
Number of updated asset objects reloaded before import = 0Number of asset objects unloaded after import = 17

========================================================================
Received Import Request.
  Time since last request: 0.000018 seconds.
  path: Assets/Modelos3D/Construcoes/Loja_Destruido_06.fbx
  artifactKey: Guid(c1969dabf15ffa449add595846e2a473) Importer(2089858483,192608db42251d675da83286b1cce702)
Start importing Assets/Modelos3D/Construcoes/Loja_Destruido_06.fbx using Guid(c1969dabf15ffa449add595846e2a473) Importer(2089858483,192608db42251d675da83286b1cce702) (ScriptedImporter) -> (artifact id: '4e717f7107c7285be519e72256654d45') in 0.0242383 seconds
Number of updated asset objects reloaded before import = 0Number of asset objects unloaded after import = 12

========================================================================
Received Import Request.
  Time since last request: 0.000017 seconds.
  path: Assets/Modelos3D/Construcoes/LojaFerramentas_Destruido.fbx
  artifactKey: Guid(f8536a15368edda448408652a1608558) Importer(2089858483,192608db42251d675da83286b1cce702)
Start importing Assets/Modelos3D/Construcoes/LojaFerramentas_Destruido.fbx using Guid(f8536a15368edda448408652a1608558) Importer(2089858483,192608db42251d675da83286b1cce702) (ScriptedImporter) -> (artifact id: '9aa0cba9b1ea2347bcd9b1d607e9337f') in 0.0304155 seconds
Number of updated asset objects reloaded before import = 0Number of asset objects unloaded after import = 17

========================================================================
Received Import Request.
  Time since last request: 0.000016 seconds.
  path: Assets/Modelos3D/Ambiente/Rua_Reta_Grande_Destruido_05.fbx
  artifactKey: Guid(065029c6a35077d4693780add9fe6530) Importer(2089858483,192608db42251d675da83286b1cce702)
Start importing Assets/Modelos3D/Ambiente/Rua_Reta_Grande_Destruido_05.fbx using Guid(065029c6a35077d4693780add9fe6530) Importer(2089858483,192608db42251d675da83286b1cce702) (ScriptedImporter) -> (artifact id: '444f6594fe876b69493fb77d95a0afbb') in 0.0305185 seconds
Number of updated asset objects reloaded before import = 0Number of asset objects unloaded after import = 7

========================================================================
Received Import Request.
  Time since last request: 0.000157 seconds.
  path: Assets/Modelos3D/Construcoes/Casa_Media_Destruido_03.fbx
  artifactKey: Guid(b0f6cea7253b7fc48a7f72ceb5f06938) Importer(2089858483,192608db42251d675da83286b1cce702)
Start importing Assets/Modelos3D/Construcoes/Casa_Media_Destruido_03.fbx using Guid(b0f6cea7253b7fc48a7f72ceb5f06938) Importer(2089858483,192608db42251d675da83286b1cce702) (ScriptedImporter) -> (artifact id: '9ab185ae9f4283708a89011363e1b425') in 0.024368 seconds
Number of updated asset objects reloaded before import = 0Number of asset objects unloaded after import = 17

========================================================================
Received Import Request.
  Time since last request: 0.000024 seconds.
  path: Assets/Modelos3D/Armas/Revolver_01.fbx
  artifactKey: Guid(552e85d8247912d489d8baf15e904c81) Importer(2089858483,192608db42251d675da83286b1cce702)
Start importing Assets/Modelos3D/Armas/Revolver_01.fbx using Guid(552e85d8247912d489d8baf15e904c81) Importer(2089858483,192608db42251d675da83286b1cce702) (ScriptedImporter) -> (artifact id: '790dc64a37eef67b6c8162e407fb74a5') in 0.0277252 seconds
Number of updated asset objects reloaded before import = 0Number of asset objects unloaded after import = 32

========================================================================
Received Import Request.
  Time since last request: 0.000017 seconds.
  path: Assets/Modelos3D/Armas/PistolaDeAgua.fbx
  artifactKey: Guid(fde204a558a434546a72689883c43dfa) Importer(2089858483,192608db42251d675da83286b1cce702)
Start importing Assets/Modelos3D/Armas/PistolaDeAgua.fbx using Guid(fde204a558a434546a72689883c43dfa) Importer(2089858483,192608db42251d675da83286b1cce702) (ScriptedImporter) -> (artifact id: '940f30741886a88d9a3554c363695aaf') in 0.0217481 seconds
Number of updated asset objects reloaded before import = 0Number of asset objects unloaded after import = 7

========================================================================
Received Import Request.
  Time since last request: 0.000054 seconds.
  path: Assets/Modelos3D/Construcoes/Hotel_Secundario_Destruido.fbx
  artifactKey: Guid(833a86cb485eddc408c979d6e2f581c3) Importer(2089858483,192608db42251d675da83286b1cce702)
Start importing Assets/Modelos3D/Construcoes/Hotel_Secundario_Destruido.fbx using Guid(833a86cb485eddc408c979d6e2f581c3) Importer(2089858483,192608db42251d675da83286b1cce702) (ScriptedImporter) -> (artifact id: '7d4f6eec031ea852ffcf956ea61af5eb') in 0.0224889 seconds
Number of updated asset objects reloaded before import = 0Number of asset objects unloaded after import = 17

========================================================================
Received Import Request.
  Time since last request: 0.000016 seconds.
  path: Assets/Modelos3D/Construcoes/Casa_Alta_Destruido_02.fbx
  artifactKey: Guid(54d965780fdd2d143ad88b2f34bdaaa5) Importer(2089858483,192608db42251d675da83286b1cce702)
Start importing Assets/Modelos3D/Construcoes/Casa_Alta_Destruido_02.fbx using Guid(54d965780fdd2d143ad88b2f34bdaaa5) Importer(2089858483,192608db42251d675da83286b1cce702) (ScriptedImporter) -> (artifact id: 'e2cdceba1e4c2cc6b7f764b512122ce9') in 0.0208249 seconds
Number of updated asset objects reloaded before import = 0Number of asset objects unloaded after import = 17

========================================================================
Received Import Request.
  Time since last request: 0.000016 seconds.
  path: Assets/Modelos3D/Armas/MPSMG.fbx
  artifactKey: Guid(aa23547def9e624448b8710667d42126) Importer(2089858483,192608db42251d675da83286b1cce702)
Start importing Assets/Modelos3D/Armas/MPSMG.fbx using Guid(aa23547def9e624448b8710667d42126) Importer(2089858483,192608db42251d675da83286b1cce702) (ScriptedImporter) -> (artifact id: '115889f869d4b1e7cea97d004c4783ae') in 0.031415 seconds
Number of updated asset objects reloaded before import = 0Number of asset objects unloaded after import = 32

========================================================================
Received Import Request.
  Time since last request: 0.000015 seconds.
  path: Assets/Modelos3D/Construcoes/Predio_Comercial_Destruido_06.fbx
  artifactKey: Guid(b067c34b0a8db684e898a4215599ef93) Importer(2089858483,192608db42251d675da83286b1cce702)
Start importing Assets/Modelos3D/Construcoes/Predio_Comercial_Destruido_06.fbx using Guid(b067c34b0a8db684e898a4215599ef93) Importer(2089858483,192608db42251d675da83286b1cce702) (ScriptedImporter) -> (artifact id: '711527f44de6171a721fc54c0cfd624f') in 0.0320915 seconds
Number of updated asset objects reloaded before import = 0Number of asset objects unloaded after import = 12

========================================================================
Received Import Request.
  Time since last request: 0.000017 seconds.
  path: Assets/Modelos3D/Construcoes/Predio_Comercial_Destruido_07.fbx
  artifactKey: Guid(b5130c0a683047d4ca0e1c79a64d08b6) Importer(2089858483,192608db42251d675da83286b1cce702)
Start importing Assets/Modelos3D/Construcoes/Predio_Comercial_Destruido_07.fbx using Guid(b5130c0a683047d4ca0e1c79a64d08b6) Importer(2089858483,192608db42251d675da83286b1cce702) (ScriptedImporter) -> (artifact id: '2e836b20d7c0c4a7d359e34e74371def') in 0.0378667 seconds
Number of updated asset objects reloaded before import = 0Number of asset objects unloaded after import = 12

========================================================================
Received Import Request.
  Time since last request: 0.000015 seconds.
  path: Assets/Modelos3D/Construcoes/Predio_Comercial_Destruido_02.fbx
  artifactKey: Guid(73cdc8fc59604ff45b4dc907d6e6cbef) Importer(2089858483,192608db42251d675da83286b1cce702)
Start importing Assets/Modelos3D/Construcoes/Predio_Comercial_Destruido_02.fbx using Guid(73cdc8fc59604ff45b4dc907d6e6cbef) Importer(2089858483,192608db42251d675da83286b1cce702) (ScriptedImporter) -> (artifact id: '06a96c00e6a3cdd1cf339ace9afeb210') in 0.035968 seconds
Number of updated asset objects reloaded before import = 0Number of asset objects unloaded after import = 12

========================================================================
Received Import Request.
  Time since last request: 0.000019 seconds.
  path: Assets/Modelos3D/Construcoes/Predio_Comercial_Destruido_03.fbx
  artifactKey: Guid(f2b229a4cf7f3304a97f6f7dbac5ce76) Importer(2089858483,192608db42251d675da83286b1cce702)
Start importing Assets/Modelos3D/Construcoes/Predio_Comercial_Destruido_03.fbx using Guid(f2b229a4cf7f3304a97f6f7dbac5ce76) Importer(2089858483,192608db42251d675da83286b1cce702) (ScriptedImporter) -> (artifact id: '927ec75ff2fac9cf385029d42e3a577c') in 0.0314774 seconds
Number of updated asset objects reloaded before import = 0Number of asset objects unloaded after import = 12

========================================================================
Received Import Request.
  Time since last request: 0.000033 seconds.
  path: Assets/Modelos3D/Construcoes/Predio_Comercial_Destruido_04.fbx
  artifactKey: Guid(0cdb702fc8e15b648b0be1a29cb3dc91) Importer(2089858483,192608db42251d675da83286b1cce702)
Start importing Assets/Modelos3D/Construcoes/Predio_Comercial_Destruido_04.fbx using Guid(0cdb702fc8e15b648b0be1a29cb3dc91) Importer(2089858483,192608db42251d675da83286b1cce702) (ScriptedImporter) -> (artifact id: 'b80b3733d2b862b201650835d25af4d4') in 0.0334686 seconds
Number of updated asset objects reloaded before import = 0Number of asset objects unloaded after import = 12

========================================================================
Received Import Request.
  Time since last request: 0.000017 seconds.
  path: Assets/Modelos3D/Construcoes/Predio_Comercial_Destruido_05.fbx
  artifactKey: Guid(590f2720cf3822f4c969793536df70a9) Importer(2089858483,192608db42251d675da83286b1cce702)
Start importing Assets/Modelos3D/Construcoes/Predio_Comercial_Destruido_05.fbx using Guid(590f2720cf3822f4c969793536df70a9) Importer(2089858483,192608db42251d675da83286b1cce702) (ScriptedImporter) -> (artifact id: 'bdab9f5542673fc9522e0913f268a225') in 0.0313217 seconds
Number of updated asset objects reloaded before import = 0Number of asset objects unloaded after import = 12

========================================================================
Received Import Request.
  Time since last request: 0.000015 seconds.
  path: Assets/Modelos3D/Construcoes/Predio_Destruido_05.fbx
  artifactKey: Guid(02cad27fbe0839d46b3b964c35f3df7f) Importer(2089858483,192608db42251d675da83286b1cce702)
Start importing Assets/Modelos3D/Construcoes/Predio_Destruido_05.fbx using Guid(02cad27fbe0839d46b3b964c35f3df7f) Importer(2089858483,192608db42251d675da83286b1cce702) (ScriptedImporter) -> (artifact id: '8aac74c2d5d437f44465e193c63f33d8') in 0.0372787 seconds
Number of updated asset objects reloaded before import = 0Number of asset objects unloaded after import = 12

========================================================================
Received Import Request.
  Time since last request: 0.000015 seconds.
  path: Assets/Modelos3D/Construcoes/Posto_Gasolina_Destruido.fbx
  artifactKey: Guid(3a88d2adf0c69c0488b3d9dac7aeac31) Importer(2089858483,192608db42251d675da83286b1cce702)
Start importing Assets/Modelos3D/Construcoes/Posto_Gasolina_Destruido.fbx using Guid(3a88d2adf0c69c0488b3d9dac7aeac31) Importer(2089858483,192608db42251d675da83286b1cce702) (ScriptedImporter) -> (artifact id: '2716515d9c5f5e2f3dcb9d125a72e2ec') in 0.0316884 seconds
Number of updated asset objects reloaded before import = 0Number of asset objects unloaded after import = 12

========================================================================
Received Import Request.
  Time since last request: 0.000014 seconds.
  path: Assets/Modelos3D/Construcoes/Predio_Destruido_04.fbx
  artifactKey: Guid(b2fbafca93c599a4ea713c346cecd3f8) Importer(2089858483,192608db42251d675da83286b1cce702)
Start importing Assets/Modelos3D/Construcoes/Predio_Destruido_04.fbx using Guid(b2fbafca93c599a4ea713c346cecd3f8) Importer(2089858483,192608db42251d675da83286b1cce702) (ScriptedImporter) -> (artifact id: '894ab295da693ab8e9f0b1e4cc8af853') in 0.0319076 seconds
Number of updated asset objects reloaded before import = 0Number of asset objects unloaded after import = 12

========================================================================
Received Import Request.
  Time since last request: 0.000036 seconds.
  path: Assets/Modelos3D/Construcoes/Predio_Destruido_01.fbx
  artifactKey: Guid(dd938844ff7284f4bb7895d5fb90913b) Importer(2089858483,192608db42251d675da83286b1cce702)
Start importing Assets/Modelos3D/Construcoes/Predio_Destruido_01.fbx using Guid(dd938844ff7284f4bb7895d5fb90913b) Importer(2089858483,192608db42251d675da83286b1cce702) (ScriptedImporter) -> (artifact id: 'a20fb14d90e04db0290689ceadc048b8') in 0.0279048 seconds
Number of updated asset objects reloaded before import = 0Number of asset objects unloaded after import = 12

========================================================================
Received Import Request.
  Time since last request: 0.000015 seconds.
  path: Assets/Modelos3D/Armas/DesertEagle.fbx
  artifactKey: Guid(99fa656deae28704aa9d5be4f78c9169) Importer(2089858483,192608db42251d675da83286b1cce702)
Start importing Assets/Modelos3D/Armas/DesertEagle.fbx using Guid(99fa656deae28704aa9d5be4f78c9169) Importer(2089858483,192608db42251d675da83286b1cce702) (ScriptedImporter) -> (artifact id: '97b3278e3157248f3f5f57aa0b79bc26') in 0.0360225 seconds
Number of updated asset objects reloaded before import = 0Number of asset objects unloaded after import = 32

========================================================================
Received Import Request.
  Time since last request: 0.000017 seconds.
  path: Assets/Modelos3D/Construcoes/Apartamentos_Destruido_01.fbx
  artifactKey: Guid(4d7a2731d4050f34eabb286a3b32ad3a) Importer(2089858483,192608db42251d675da83286b1cce702)
Start importing Assets/Modelos3D/Construcoes/Apartamentos_Destruido_01.fbx using Guid(4d7a2731d4050f34eabb286a3b32ad3a) Importer(2089858483,192608db42251d675da83286b1cce702) (ScriptedImporter) -> (artifact id: '947da689436a26ef76c4b06419e70175') in 0.0293537 seconds
Number of updated asset objects reloaded before import = 0Number of asset objects unloaded after import = 17

========================================================================
Received Import Request.
  Time since last request: 0.000024 seconds.
  path: Assets/Modelos3D/Construcoes/Casa_Media_Destruido_02.fbx
  artifactKey: Guid(d6e09581ac17b344cadd878fd0b55fb1) Importer(2089858483,192608db42251d675da83286b1cce702)
Start importing Assets/Modelos3D/Construcoes/Casa_Media_Destruido_02.fbx using Guid(d6e09581ac17b344cadd878fd0b55fb1) Importer(2089858483,192608db42251d675da83286b1cce702) (ScriptedImporter) -> (artifact id: '4a9cc877a15638916b639fcc0803fedb') in 0.0286387 seconds
Number of updated asset objects reloaded before import = 0Number of asset objects unloaded after import = 17

========================================================================
Received Import Request.
  Time since last request: 0.000014 seconds.
  path: Assets/Modelos3D/Construcoes/Casa_Pequena_Destruido_03.fbx
  artifactKey: Guid(aa695f646ee86e6499146a7681e77025) Importer(2089858483,192608db42251d675da83286b1cce702)
Start importing Assets/Modelos3D/Construcoes/Casa_Pequena_Destruido_03.fbx using Guid(aa695f646ee86e6499146a7681e77025) Importer(2089858483,192608db42251d675da83286b1cce702) (ScriptedImporter) -> (artifact id: '588b1e2dc41dd73df1a338f79c685684') in 0.0328944 seconds
Number of updated asset objects reloaded before import = 0Number of asset objects unloaded after import = 12

========================================================================
Received Import Request.
  Time since last request: 0.000016 seconds.
  path: Assets/Modelos3D/Construcoes/Hospital_Entrada.fbx
  artifactKey: Guid(8bd5db31b8ddce4449d18baca5f9896f) Importer(2089858483,192608db42251d675da83286b1cce702)
Start importing Assets/Modelos3D/Construcoes/Hospital_Entrada.fbx using Guid(8bd5db31b8ddce4449d18baca5f9896f) Importer(2089858483,192608db42251d675da83286b1cce702) (ScriptedImporter) -> (artifact id: '3cd21f36cc8adbd439fd6735553a6a37') in 0.0311476 seconds
Number of updated asset objects reloaded before import = 0Number of asset objects unloaded after import = 12

========================================================================
Received Import Request.
  Time since last request: 0.000015 seconds.
  path: Assets/Modelos3D/Construcoes/Loja_Destruido_02.fbx
  artifactKey: Guid(82ef6a514637d064990b77c58a0444a7) Importer(2089858483,192608db42251d675da83286b1cce702)
Start importing Assets/Modelos3D/Construcoes/Loja_Destruido_02.fbx using Guid(82ef6a514637d064990b77c58a0444a7) Importer(2089858483,192608db42251d675da83286b1cce702) (ScriptedImporter) -> (artifact id: 'f7aedbcf9422dc96ebfaf2815c149eef') in 0.03219 seconds
Number of updated asset objects reloaded before import = 0Number of asset objects unloaded after import = 17

========================================================================
Received Import Request.
  Time since last request: 0.000017 seconds.
  path: Assets/Modelos3D/Itens/ComidaEnlatada_03.fbx
  artifactKey: Guid(ee566f5bc83e1684b9dbf1bf9f1a312b) Importer(2089858483,192608db42251d675da83286b1cce702)
Start importing Assets/Modelos3D/Itens/ComidaEnlatada_03.fbx using Guid(ee566f5bc83e1684b9dbf1bf9f1a312b) Importer(2089858483,192608db42251d675da83286b1cce702) (ScriptedImporter) -> (artifact id: '9aac151138bc3713623c3d408fe13415') in 0.0288677 seconds
Number of updated asset objects reloaded before import = 0Number of asset objects unloaded after import = 7

========================================================================
Received Import Request.
  Time since last request: 0.000016 seconds.
  path: Assets/Modelos3D/Itens/ComidaEnlatada_02.fbx
  artifactKey: Guid(fb5e485405d06fe45ae7c2a2df2a3af6) Importer(2089858483,192608db42251d675da83286b1cce702)
Start importing Assets/Modelos3D/Itens/ComidaEnlatada_02.fbx using Guid(fb5e485405d06fe45ae7c2a2df2a3af6) Importer(2089858483,192608db42251d675da83286b1cce702) (ScriptedImporter) -> (artifact id: '8489450c368edd8618d6b5acefc642c8') in 0.023868 seconds
Number of updated asset objects reloaded before import = 0Number of asset objects unloaded after import = 7

========================================================================
Received Import Request.
  Time since last request: 0.000024 seconds.
  path: Assets/Modelos3D/Itens/Brinquedo_Damas.fbx
  artifactKey: Guid(64c0ed7f0759127489d5b690f3fe298e) Importer(2089858483,192608db42251d675da83286b1cce702)
Start importing Assets/Modelos3D/Itens/Brinquedo_Damas.fbx using Guid(64c0ed7f0759127489d5b690f3fe298e) Importer(2089858483,192608db42251d675da83286b1cce702) (ScriptedImporter) -> (artifact id: 'ace91a8d45e68d75984539f73f15f3fd') in 0.0239334 seconds
Number of updated asset objects reloaded before import = 0Number of asset objects unloaded after import = 7

========================================================================
Received Import Request.
  Time since last request: 0.000016 seconds.
  path: Assets/Modelos3D/Construcoes/Trailer_Destruido.fbx
  artifactKey: Guid(8026222f337b8a04e9d9e463fe647931) Importer(2089858483,192608db42251d675da83286b1cce702)
Start importing Assets/Modelos3D/Construcoes/Trailer_Destruido.fbx using Guid(8026222f337b8a04e9d9e463fe647931) Importer(2089858483,192608db42251d675da83286b1cce702) (ScriptedImporter) -> (artifact id: 'e43b5c12298b109171e6839083d7d8b0') in 0.0259045 seconds
Number of updated asset objects reloaded before import = 0Number of asset objects unloaded after import = 7

========================================================================
Received Import Request.
  Time since last request: 0.000025 seconds.
  path: Assets/Modelos3D/Construcoes/Torre_Agua.fbx
  artifactKey: Guid(8ed13ebf505469d4da1b35c5952b76ca) Importer(2089858483,192608db42251d675da83286b1cce702)
Start importing Assets/Modelos3D/Construcoes/Torre_Agua.fbx using Guid(8ed13ebf505469d4da1b35c5952b76ca) Importer(2089858483,192608db42251d675da83286b1cce702) (ScriptedImporter) -> (artifact id: 'f878753a7ed98b87cbdb3a6508e44a45') in 0.0256664 seconds
Number of updated asset objects reloaded before import = 0Number of asset objects unloaded after import = 7

========================================================================
Received Import Request.
  Time since last request: 0.000022 seconds.
  path: Assets/Modelos3D/Construcoes/Restaurante_Destruido.fbx
  artifactKey: Guid(82fa5e123900c464ea14c0753dc38631) Importer(2089858483,192608db42251d675da83286b1cce702)
Start importing Assets/Modelos3D/Construcoes/Restaurante_Destruido.fbx using Guid(82fa5e123900c464ea14c0753dc38631) Importer(2089858483,192608db42251d675da83286b1cce702) (ScriptedImporter) -> (artifact id: '930cd9ce30c619446343c86f58af5b88') in 0.0348 seconds
Number of updated asset objects reloaded before import = 0Number of asset objects unloaded after import = 12

========================================================================
Received Import Request.
  Time since last request: 0.000019 seconds.
  path: Assets/Modelos3D/Itens/KitPrimeirosSocorros.fbx
  artifactKey: Guid(255baea38b158c149b63dfd43e3d1cc9) Importer(2089858483,192608db42251d675da83286b1cce702)
Start importing Assets/Modelos3D/Itens/KitPrimeirosSocorros.fbx using Guid(255baea38b158c149b63dfd43e3d1cc9) Importer(2089858483,192608db42251d675da83286b1cce702) (ScriptedImporter) -> (artifact id: 'd114e1a82b74b7ed519abd23691422b2') in 0.0270734 seconds
Number of updated asset objects reloaded before import = 0Number of asset objects unloaded after import = 7

========================================================================
Received Import Request.
  Time since last request: 0.000017 seconds.
  path: Assets/Modelos3D/Itens/ArmadilhaUrso.fbx
  artifactKey: Guid(137110b0a3c05554e85ef747974bb60c) Importer(2089858483,192608db42251d675da83286b1cce702)
Start importing Assets/Modelos3D/Itens/ArmadilhaUrso.fbx using Guid(137110b0a3c05554e85ef747974bb60c) Importer(2089858483,192608db42251d675da83286b1cce702) (ScriptedImporter) -> (artifact id: 'd529cb83265ed066569d6ad06374d51c') in 0.0473487 seconds
Number of updated asset objects reloaded before import = 0Number of asset objects unloaded after import = 17

========================================================================
Received Import Request.
  Time since last request: 0.000018 seconds.
  path: Assets/Modelos3D/Itens/Corda.fbx
  artifactKey: Guid(a2a684497867abb44a995e2220c0bc77) Importer(2089858483,192608db42251d675da83286b1cce702)
Start importing Assets/Modelos3D/Itens/Corda.fbx using Guid(a2a684497867abb44a995e2220c0bc77) Importer(2089858483,192608db42251d675da83286b1cce702) (ScriptedImporter) -> (artifact id: '83b08c1c2abc9cab7c776a0cf4d80ea0') in 0.0295321 seconds
Number of updated asset objects reloaded before import = 0Number of asset objects unloaded after import = 7

========================================================================
Received Import Request.
  Time since last request: 0.000015 seconds.
  path: Assets/Modelos3D/Itens/Garrafa.fbx
  artifactKey: Guid(5263806a5151d034798ba4ff5a95d6a7) Importer(2089858483,192608db42251d675da83286b1cce702)
Start importing Assets/Modelos3D/Itens/Garrafa.fbx using Guid(5263806a5151d034798ba4ff5a95d6a7) Importer(2089858483,192608db42251d675da83286b1cce702) (ScriptedImporter) -> (artifact id: '7d489f5827299db428a2fd6ab8d00441') in 0.0236431 seconds
Number of updated asset objects reloaded before import = 0Number of asset objects unloaded after import = 7

========================================================================
Received Import Request.
  Time since last request: 0.000015 seconds.
  path: Assets/Modelos3D/Itens/Cantil.fbx
  artifactKey: Guid(40250a2bdeff5bd4aa2af33e40c55138) Importer(2089858483,192608db42251d675da83286b1cce702)
Start importing Assets/Modelos3D/Itens/Cantil.fbx using Guid(40250a2bdeff5bd4aa2af33e40c55138) Importer(2089858483,192608db42251d675da83286b1cce702) (ScriptedImporter) -> (artifact id: 'a33da35dc013f0cfbbee0ab106d0c629') in 0.0220687 seconds
Number of updated asset objects reloaded before import = 0Number of asset objects unloaded after import = 7

========================================================================
Received Import Request.
  Time since last request: 0.000015 seconds.
  path: Assets/Modelos3D/Itens/Isqueiro.fbx
  artifactKey: Guid(adcd6c94eec00944f8bf8549591c3d64) Importer(2089858483,192608db42251d675da83286b1cce702)
Start importing Assets/Modelos3D/Itens/Isqueiro.fbx using Guid(adcd6c94eec00944f8bf8549591c3d64) Importer(2089858483,192608db42251d675da83286b1cce702) (ScriptedImporter) -> (artifact id: '1aac4fd28f1608cbd6c8bd576efc5262') in 0.0247486 seconds
Number of updated asset objects reloaded before import = 0Number of asset objects unloaded after import = 7

========================================================================
Received Import Request.
  Time since last request: 0.000017 seconds.
  path: Assets/Modelos3D/Itens/Fosforos.fbx
  artifactKey: Guid(435ffe6130b40d54aa97b003af4b9bf7) Importer(2089858483,192608db42251d675da83286b1cce702)
Start importing Assets/Modelos3D/Itens/Fosforos.fbx using Guid(435ffe6130b40d54aa97b003af4b9bf7) Importer(2089858483,192608db42251d675da83286b1cce702) (ScriptedImporter) -> (artifact id: '27000bc7e254ed4805f16bd8fc662c33') in 0.0249579 seconds
Number of updated asset objects reloaded before import = 0Number of asset objects unloaded after import = 7

========================================================================
Received Import Request.
  Time since last request: 0.000017 seconds.
  path: Assets/Modelos3D/Armas/Pistola_USP45.fbx
  artifactKey: Guid(f1f008fc700d10643a745ebcf7cdc386) Importer(2089858483,192608db42251d675da83286b1cce702)
Start importing Assets/Modelos3D/Armas/Pistola_USP45.fbx using Guid(f1f008fc700d10643a745ebcf7cdc386) Importer(2089858483,192608db42251d675da83286b1cce702) (ScriptedImporter) -> (artifact id: '3abee803096281a742e648839ec50d95') in 0.0338732 seconds
Number of updated asset objects reloaded before import = 0Number of asset objects unloaded after import = 32

========================================================================
Received Import Request.
  Time since last request: 0.000025 seconds.
  path: Assets/Modelos3D/Construcoes/Restaurante.fbx
  artifactKey: Guid(d1d0006e20787d24794e104ac29c8e5a) Importer(2089858483,192608db42251d675da83286b1cce702)
Start importing Assets/Modelos3D/Construcoes/Restaurante.fbx using Guid(d1d0006e20787d24794e104ac29c8e5a) Importer(2089858483,192608db42251d675da83286b1cce702) (ScriptedImporter) -> (artifact id: '4edbd39a2cc8fad4f7a42a7e077601c2') in 0.0242945 seconds
Number of updated asset objects reloaded before import = 0Number of asset objects unloaded after import = 7

========================================================================
Received Import Request.
  Time since last request: 0.000017 seconds.
  path: Assets/Modelos3D/Construcoes/Hospital_Destruido.fbx
  artifactKey: Guid(655dd9d65d925f34887f6593da809b0e) Importer(2089858483,192608db42251d675da83286b1cce702)
Start importing Assets/Modelos3D/Construcoes/Hospital_Destruido.fbx using Guid(655dd9d65d925f34887f6593da809b0e) Importer(2089858483,192608db42251d675da83286b1cce702) (ScriptedImporter) -> (artifact id: 'fe95b374e56c047b20a0fd71afcc26ee') in 0.0330786 seconds
Number of updated asset objects reloaded before import = 0Number of asset objects unloaded after import = 12

========================================================================
Received Import Request.
  Time since last request: 0.000019 seconds.
  path: Assets/Modelos3D/Construcoes/Predio_Comercial_Destruido_01.fbx
  artifactKey: Guid(6d5cf4cbc20e4d941ac3b789a9010f49) Importer(2089858483,192608db42251d675da83286b1cce702)
Start importing Assets/Modelos3D/Construcoes/Predio_Comercial_Destruido_01.fbx using Guid(6d5cf4cbc20e4d941ac3b789a9010f49) Importer(2089858483,192608db42251d675da83286b1cce702) (ScriptedImporter) -> (artifact id: 'c18d0e75802fbeadb6ecf96b31928d0c') in 0.0354959 seconds
Number of updated asset objects reloaded before import = 0Number of asset objects unloaded after import = 12

========================================================================
Received Import Request.
  Time since last request: 0.000015 seconds.
  path: Assets/Modelos3D/Ambiente/Rua_Reta_Grande_Destruido_03.fbx
  artifactKey: Guid(fe25a44f1bc84cb41810868b5d1e9386) Importer(2089858483,192608db42251d675da83286b1cce702)
Start importing Assets/Modelos3D/Ambiente/Rua_Reta_Grande_Destruido_03.fbx using Guid(fe25a44f1bc84cb41810868b5d1e9386) Importer(2089858483,192608db42251d675da83286b1cce702) (ScriptedImporter) -> (artifact id: 'cfbef8c9f114b2618d0839f743cf348b') in 0.0301415 seconds
Number of updated asset objects reloaded before import = 0Number of asset objects unloaded after import = 7

========================================================================
Received Import Request.
  Time since last request: 0.000016 seconds.
  path: Assets/Modelos3D/Veiculos/Ambulancia_Quebrada.fbx
  artifactKey: Guid(e5e44996755558a429fe0351c9babbb5) Importer(2089858483,192608db42251d675da83286b1cce702)
Start importing Assets/Modelos3D/Veiculos/Ambulancia_Quebrada.fbx using Guid(e5e44996755558a429fe0351c9babbb5) Importer(2089858483,192608db42251d675da83286b1cce702) (ScriptedImporter) -> (artifact id: '83d4ef680fa4e345ec98ef35fb0a7732') in 0.0284002 seconds
Number of updated asset objects reloaded before import = 0Number of asset objects unloaded after import = 7

========================================================================
Received Import Request.
  Time since last request: 0.000016 seconds.
  path: Assets/Modelos3D/Veiculos/Carro_Capotado_01.fbx
  artifactKey: Guid(58ef3d1ba18570c43a7d20e01ea73c09) Importer(2089858483,192608db42251d675da83286b1cce702)
Start importing Assets/Modelos3D/Veiculos/Carro_Capotado_01.fbx using Guid(58ef3d1ba18570c43a7d20e01ea73c09) Importer(2089858483,192608db42251d675da83286b1cce702) (ScriptedImporter) -> (artifact id: 'f86203869555cfc1a512102025e970e1') in 0.0243646 seconds
Number of updated asset objects reloaded before import = 0Number of asset objects unloaded after import = 7

========================================================================
Received Import Request.
  Time since last request: 0.000017 seconds.
  path: Assets/Modelos3D/Veiculos/CaminhaoDeLixo.fbx
  artifactKey: Guid(62cbed2a2d68ecf41b81ce636d39aba7) Importer(2089858483,192608db42251d675da83286b1cce702)
Start importing Assets/Modelos3D/Veiculos/CaminhaoDeLixo.fbx using Guid(62cbed2a2d68ecf41b81ce636d39aba7) Importer(2089858483,192608db42251d675da83286b1cce702) (ScriptedImporter) -> (artifact id: 'f711103b37233d1d125b95fe60085f1b') in 0.0394552 seconds
Number of updated asset objects reloaded before import = 0Number of asset objects unloaded after import = 52

========================================================================
Received Import Request.
  Time since last request: 0.000017 seconds.
  path: Assets/Modelos3D/Itens/Lanterna_03.fbx
  artifactKey: Guid(c8f8590e23685484cae37e9d4a134529) Importer(2089858483,192608db42251d675da83286b1cce702)
Start importing Assets/Modelos3D/Itens/Lanterna_03.fbx using Guid(c8f8590e23685484cae37e9d4a134529) Importer(2089858483,192608db42251d675da83286b1cce702) (ScriptedImporter) -> (artifact id: '7b25cb042da15f0e107633742ed92862') in 0.0253547 seconds
Number of updated asset objects reloaded before import = 0Number of asset objects unloaded after import = 7

========================================================================
Received Import Request.
  Time since last request: 0.000023 seconds.
  path: Assets/Modelos3D/Itens/Lanterna_01.fbx
  artifactKey: Guid(634c833355c3eaf4c9cb126bec9ed1dc) Importer(2089858483,192608db42251d675da83286b1cce702)
Start importing Assets/Modelos3D/Itens/Lanterna_01.fbx using Guid(634c833355c3eaf4c9cb126bec9ed1dc) Importer(2089858483,192608db42251d675da83286b1cce702) (ScriptedImporter) -> (artifact id: '827bb5d6a3ecf3256098f3a9fb7185e7') in 0.0234066 seconds
Number of updated asset objects reloaded before import = 0Number of asset objects unloaded after import = 7

========================================================================
Received Import Request.
  Time since last request: 0.000017 seconds.
  path: Assets/Modelos3D/Veiculos/Caminhonete_Quebrada_01.fbx
  artifactKey: Guid(22ee7b8bfc3632b468284eb465efc73a) Importer(2089858483,192608db42251d675da83286b1cce702)
Start importing Assets/Modelos3D/Veiculos/Caminhonete_Quebrada_01.fbx using Guid(22ee7b8bfc3632b468284eb465efc73a) Importer(2089858483,192608db42251d675da83286b1cce702) (ScriptedImporter) -> (artifact id: '2c12f3fcce5587ff4d943794a09d5ff5') in 0.0256744 seconds
Number of updated asset objects reloaded before import = 0Number of asset objects unloaded after import = 7

========================================================================
Received Import Request.
  Time since last request: 0.000174 seconds.
  path: Assets/Modelos3D/Veiculos/Carro_Capotado_02.fbx
  artifactKey: Guid(448d9ea59acb0614ba58ce5c0e5fd5e1) Importer(2089858483,192608db42251d675da83286b1cce702)
Start importing Assets/Modelos3D/Veiculos/Carro_Capotado_02.fbx using Guid(448d9ea59acb0614ba58ce5c0e5fd5e1) Importer(2089858483,192608db42251d675da83286b1cce702) (ScriptedImporter) -> (artifact id: 'cd275a736d6f999d7129b3e22f10995c') in 0.0213733 seconds
Number of updated asset objects reloaded before import = 0Number of asset objects unloaded after import = 7

========================================================================
Received Import Request.
  Time since last request: 0.000016 seconds.
  path: Assets/Modelos3D/Itens/Lanterna_02.fbx
  artifactKey: Guid(5089827b763fd584b94120d519007f6b) Importer(2089858483,192608db42251d675da83286b1cce702)
Start importing Assets/Modelos3D/Itens/Lanterna_02.fbx using Guid(5089827b763fd584b94120d519007f6b) Importer(2089858483,192608db42251d675da83286b1cce702) (ScriptedImporter) -> (artifact id: 'e96fca07055e045b02099b46af570195') in 0.0299287 seconds
Number of updated asset objects reloaded before import = 0Number of asset objects unloaded after import = 7

========================================================================
Received Import Request.
  Time since last request: 0.000015 seconds.
  path: Assets/Modelos3D/Veiculos/CarroClassico.fbx
  artifactKey: Guid(f2b4566ca7df3fb43be8bf2a54ed7d84) Importer(2089858483,192608db42251d675da83286b1cce702)
Start importing Assets/Modelos3D/Veiculos/CarroClassico.fbx using Guid(f2b4566ca7df3fb43be8bf2a54ed7d84) Importer(2089858483,192608db42251d675da83286b1cce702) (ScriptedImporter) -> (artifact id: 'bea98cf1545ac3e12700923d9c31660c') in 0.0327511 seconds
Number of updated asset objects reloaded before import = 0Number of asset objects unloaded after import = 32

========================================================================
Received Import Request.
  Time since last request: 0.000015 seconds.
  path: Assets/Modelos3D/Veiculos/Caminhonete_Quebrada_03.fbx
  artifactKey: Guid(3b8873019c3cbf445ba7d214f87c1f1a) Importer(2089858483,192608db42251d675da83286b1cce702)
Start importing Assets/Modelos3D/Veiculos/Caminhonete_Quebrada_03.fbx using Guid(3b8873019c3cbf445ba7d214f87c1f1a) Importer(2089858483,192608db42251d675da83286b1cce702) (ScriptedImporter) -> (artifact id: '4d6d30bf4165d97a198ed943635b2907') in 0.0240047 seconds
Number of updated asset objects reloaded before import = 0Number of asset objects unloaded after import = 7

========================================================================
Received Import Request.
  Time since last request: 0.000015 seconds.
  path: Assets/Modelos3D/Itens/PapelHigienico.fbx
  artifactKey: Guid(a12b29f76456ca84b983a1b813c3287b) Importer(2089858483,192608db42251d675da83286b1cce702)
Start importing Assets/Modelos3D/Itens/PapelHigienico.fbx using Guid(a12b29f76456ca84b983a1b813c3287b) Importer(2089858483,192608db42251d675da83286b1cce702) (ScriptedImporter) -> (artifact id: '81d6cb2f2d6ba3b79d2fda299d9189b4') in 0.0250798 seconds
Number of updated asset objects reloaded before import = 0Number of asset objects unloaded after import = 7

========================================================================
Received Import Request.
  Time since last request: 0.000015 seconds.
  path: Assets/Modelos3D/Veiculos/Carro_Bombeiro.fbx
  artifactKey: Guid(4453a13ed9c2c10479a031534efae553) Importer(2089858483,192608db42251d675da83286b1cce702)
Start importing Assets/Modelos3D/Veiculos/Carro_Bombeiro.fbx using Guid(4453a13ed9c2c10479a031534efae553) Importer(2089858483,192608db42251d675da83286b1cce702) (ScriptedImporter) -> (artifact id: 'e87b7441a3f9fcc87a449bbc632f0d5e') in 0.0320385 seconds
Number of updated asset objects reloaded before import = 0Number of asset objects unloaded after import = 32

========================================================================
Received Import Request.
  Time since last request: 0.000018 seconds.
  path: Assets/Modelos3D/Construcoes/Loja_Destruido_01.fbx
  artifactKey: Guid(26bb4e593a68c8645819a49130429f18) Importer(2089858483,192608db42251d675da83286b1cce702)
Start importing Assets/Modelos3D/Construcoes/Loja_Destruido_01.fbx using Guid(26bb4e593a68c8645819a49130429f18) Importer(2089858483,192608db42251d675da83286b1cce702) (ScriptedImporter) -> (artifact id: '3cd203cb01ea0b6cc50874031583129a') in 0.0264233 seconds
Number of updated asset objects reloaded before import = 0Number of asset objects unloaded after import = 12

========================================================================
Received Import Request.
  Time since last request: 0.000027 seconds.
  path: Assets/Modelos3D/Construcoes/Posto_Policial_Destruido.fbx
  artifactKey: Guid(d7491f0a92c500240af62a266a6e0b68) Importer(2089858483,192608db42251d675da83286b1cce702)
Start importing Assets/Modelos3D/Construcoes/Posto_Policial_Destruido.fbx using Guid(d7491f0a92c500240af62a266a6e0b68) Importer(2089858483,192608db42251d675da83286b1cce702) (ScriptedImporter) -> (artifact id: '317550110df6867663c05606c033db46') in 0.0302855 seconds
Number of updated asset objects reloaded before import = 0Number of asset objects unloaded after import = 17

========================================================================
Received Import Request.
  Time since last request: 0.000018 seconds.
  path: Assets/Modelos3D/Itens/Mapa.fbx
  artifactKey: Guid(506f4deac2df349498ae994ff282e5fa) Importer(2089858483,192608db42251d675da83286b1cce702)
Start importing Assets/Modelos3D/Itens/Mapa.fbx using Guid(506f4deac2df349498ae994ff282e5fa) Importer(2089858483,192608db42251d675da83286b1cce702) (ScriptedImporter) -> (artifact id: 'd926d17b2092b0ff3e859fdf9762602b') in 0.0222823 seconds
Number of updated asset objects reloaded before import = 0Number of asset objects unloaded after import = 7

========================================================================
Received Import Request.
  Time since last request: 0.000015 seconds.
  path: Assets/Modelos3D/Construcoes/Hotel_Placa.fbx
  artifactKey: Guid(657938e38744f3944b9cd40b23129791) Importer(2089858483,192608db42251d675da83286b1cce702)
Start importing Assets/Modelos3D/Construcoes/Hotel_Placa.fbx using Guid(657938e38744f3944b9cd40b23129791) Importer(2089858483,192608db42251d675da83286b1cce702) (ScriptedImporter) -> (artifact id: '8851c4e5afc1f3004c20a5563125b5f6') in 0.0260113 seconds
Number of updated asset objects reloaded before import = 0Number of asset objects unloaded after import = 12

========================================================================
Received Import Request.
  Time since last request: 0.000014 seconds.
  path: Assets/Modelos3D/Itens/Lanterna_04.fbx
  artifactKey: Guid(5a29277939bb12a4d802e208126c3117) Importer(2089858483,192608db42251d675da83286b1cce702)
Start importing Assets/Modelos3D/Itens/Lanterna_04.fbx using Guid(5a29277939bb12a4d802e208126c3117) Importer(2089858483,192608db42251d675da83286b1cce702) (ScriptedImporter) -> (artifact id: '186b8fa111af85e5d32476597365024e') in 0.0269805 seconds
Number of updated asset objects reloaded before import = 0Number of asset objects unloaded after import = 7

========================================================================
Received Import Request.
  Time since last request: 0.000014 seconds.
  path: Assets/Modelos3D/Veiculos/Ambulancia.fbx
  artifactKey: Guid(4401066c565638b4fba7a022bd1a1c04) Importer(2089858483,192608db42251d675da83286b1cce702)
Start importing Assets/Modelos3D/Veiculos/Ambulancia.fbx using Guid(4401066c565638b4fba7a022bd1a1c04) Importer(2089858483,192608db42251d675da83286b1cce702) (ScriptedImporter) -> (artifact id: '39647ac9a8f70ca911eeba02bf76f97d') in 0.0326534 seconds
Number of updated asset objects reloaded before import = 0Number of asset objects unloaded after import = 32

========================================================================
Received Import Request.
  Time since last request: 0.000016 seconds.
  path: Assets/Modelos3D/Veiculos/MonsterTruck.fbx
  artifactKey: Guid(ce7fb7afe206d264f979e31fb57d1067) Importer(2089858483,192608db42251d675da83286b1cce702)
Start importing Assets/Modelos3D/Veiculos/MonsterTruck.fbx using Guid(ce7fb7afe206d264f979e31fb57d1067) Importer(2089858483,192608db42251d675da83286b1cce702) (ScriptedImporter) -> (artifact id: '61e675741076789a2905195bad272096') in 0.032012 seconds
Number of updated asset objects reloaded before import = 0Number of asset objects unloaded after import = 27

========================================================================
Received Import Request.
  Time since last request: 0.000016 seconds.
  path: Assets/Modelos3D/Veiculos/Carro_Capotado_03.fbx
  artifactKey: Guid(604322d59ddd32048b4ad7ba2ac09c9b) Importer(2089858483,192608db42251d675da83286b1cce702)
Start importing Assets/Modelos3D/Veiculos/Carro_Capotado_03.fbx using Guid(604322d59ddd32048b4ad7ba2ac09c9b) Importer(2089858483,192608db42251d675da83286b1cce702) (ScriptedImporter) -> (artifact id: '9dafcf59ff0e33623f9c6206be94b87b') in 0.0257333 seconds
Number of updated asset objects reloaded before import = 0Number of asset objects unloaded after import = 7

========================================================================
Received Import Request.
  Time since last request: 0.000016 seconds.
  path: Assets/Prefabs/Aderecos/Arvore_03.prefab
  artifactKey: Guid(add53d143e2ea4b9cbd24b57aa90d3be) Importer(2089858483,192608db42251d675da83286b1cce702)
Start importing Assets/Prefabs/Aderecos/Arvore_03.prefab using Guid(add53d143e2ea4b9cbd24b57aa90d3be) Importer(2089858483,192608db42251d675da83286b1cce702) (ScriptedImporter) -> (artifact id: '2b0f9c8cd27a75b9c33737205c5ae201') in 0.0223979 seconds
Number of updated asset objects reloaded before import = 0Number of asset objects unloaded after import = 8

========================================================================
Received Import Request.
  Time since last request: 0.000017 seconds.
  path: Assets/Prefabs/Aderecos/Barreira_03.prefab
  artifactKey: Guid(9319b28f8643c48368041efb7a34990c) Importer(2089858483,192608db42251d675da83286b1cce702)
Start importing Assets/Prefabs/Aderecos/Barreira_03.prefab using Guid(9319b28f8643c48368041efb7a34990c) Importer(2089858483,192608db42251d675da83286b1cce702) (ScriptedImporter) -> (artifact id: '5563777ef75b2407610d33d5db822883') in 0.0226242 seconds
Number of updated asset objects reloaded before import = 0Number of asset objects unloaded after import = 8

========================================================================
Received Import Request.
  Time since last request: 0.000026 seconds.
  path: Assets/Prefabs/Aderecos/Arvore_02.prefab
  artifactKey: Guid(75fc87cb504ce47c78ab9902f8b02b33) Importer(2089858483,192608db42251d675da83286b1cce702)
Start importing Assets/Prefabs/Aderecos/Arvore_02.prefab using Guid(75fc87cb504ce47c78ab9902f8b02b33) Importer(2089858483,192608db42251d675da83286b1cce702) (ScriptedImporter) -> (artifact id: '16a06ee56a5d8836a11543a279ce075b') in 0.0203204 seconds
Number of updated asset objects reloaded before import = 0Number of asset objects unloaded after import = 8

========================================================================
Received Import Request.
  Time since last request: 0.000017 seconds.
  path: Assets/Prefabs/Aderecos/Barreira_02.prefab
  artifactKey: Guid(ea23067f9f12846ca92a3ea83d019bd6) Importer(2089858483,192608db42251d675da83286b1cce702)
Start importing Assets/Prefabs/Aderecos/Barreira_02.prefab using Guid(ea23067f9f12846ca92a3ea83d019bd6) Importer(2089858483,192608db42251d675da83286b1cce702) (ScriptedImporter) -> (artifact id: '3e13cbb77726290b59360a658e3a2ca3') in 0.0232333 seconds
Number of updated asset objects reloaded before import = 0Number of asset objects unloaded after import = 8

========================================================================
Received Import Request.
  Time since last request: 0.000017 seconds.
  path: Assets/Modelos3D/Veiculos/Carro_Policial.fbx
  artifactKey: Guid(8b1b188cdc964ce4fa912ac72a7d7f0a) Importer(2089858483,192608db42251d675da83286b1cce702)
Start importing Assets/Modelos3D/Veiculos/Carro_Policial.fbx using Guid(8b1b188cdc964ce4fa912ac72a7d7f0a) Importer(2089858483,192608db42251d675da83286b1cce702) (ScriptedImporter) -> (artifact id: 'd92f7d5d911c9960a1767a25db48e52f') in 0.0386085 seconds
Number of updated asset objects reloaded before import = 0Number of asset objects unloaded after import = 27

========================================================================
Received Import Request.
  Time since last request: 0.000015 seconds.
  path: Assets/Modelos3D/Veiculos/Trator.fbx
  artifactKey: Guid(c650d7fd52ebadd458af4d0561c0c690) Importer(2089858483,192608db42251d675da83286b1cce702)
Start importing Assets/Modelos3D/Veiculos/Trator.fbx using Guid(c650d7fd52ebadd458af4d0561c0c690) Importer(2089858483,192608db42251d675da83286b1cce702) (ScriptedImporter) -> (artifact id: '4184ee461ba8a3827360bcda63c9836a') in 0.0398883 seconds
Number of updated asset objects reloaded before import = 0Number of asset objects unloaded after import = 27

========================================================================
Received Import Request.
  Time since last request: 0.000016 seconds.
  path: Assets/Prefabs/Aderecos/Barril_01.prefab
  artifactKey: Guid(2e5f433e1eec74e2eb58a49e612b7876) Importer(2089858483,192608db42251d675da83286b1cce702)
Start importing Assets/Prefabs/Aderecos/Barril_01.prefab using Guid(2e5f433e1eec74e2eb58a49e612b7876) Importer(2089858483,192608db42251d675da83286b1cce702) (ScriptedImporter) -> (artifact id: '3a387cbe38295f30c4ee203a757575dd') in 0.020721 seconds
Number of updated asset objects reloaded before import = 0Number of asset objects unloaded after import = 8

========================================================================
Received Import Request.
  Time since last request: 0.000120 seconds.
  path: Assets/Prefabs/Aderecos/Arvore_05.prefab
  artifactKey: Guid(ff0ec1911697a499aabbfbdc6e0f8698) Importer(2089858483,192608db42251d675da83286b1cce702)
Start importing Assets/Prefabs/Aderecos/Arvore_05.prefab using Guid(ff0ec1911697a499aabbfbdc6e0f8698) Importer(2089858483,192608db42251d675da83286b1cce702) (ScriptedImporter) -> (artifact id: '951623bc7150490764d0ba8b36b031a4') in 0.0212318 seconds
Number of updated asset objects reloaded before import = 0Number of asset objects unloaded after import = 8

========================================================================
Received Import Request.
  Time since last request: 0.000016 seconds.
  path: Assets/Prefabs/Aderecos/Arvore_04.prefab
  artifactKey: Guid(d3cf452e1524b4674af1e0a2ad33dea2) Importer(2089858483,192608db42251d675da83286b1cce702)
Start importing Assets/Prefabs/Aderecos/Arvore_04.prefab using Guid(d3cf452e1524b4674af1e0a2ad33dea2) Importer(2089858483,192608db42251d675da83286b1cce702) (ScriptedImporter) -> (artifact id: '6c09c3c79e38e801f8814ae48205b3c9') in 0.0233129 seconds
Number of updated asset objects reloaded before import = 0Number of asset objects unloaded after import = 8

========================================================================
Received Import Request.
  Time since last request: 0.000015 seconds.
  path: Assets/Modelos3D/Veiculos/Tanque.fbx
  artifactKey: Guid(856d657cbbe0c0e4980f5033526fc4f6) Importer(2089858483,192608db42251d675da83286b1cce702)
Start importing Assets/Modelos3D/Veiculos/Tanque.fbx using Guid(856d657cbbe0c0e4980f5033526fc4f6) Importer(2089858483,192608db42251d675da83286b1cce702) (ScriptedImporter) -> (artifact id: '33e604e6fee23880d86acbf9e70467c9') in 0.0373098 seconds
Number of updated asset objects reloaded before import = 0Number of asset objects unloaded after import = 62

========================================================================
Received Import Request.
  Time since last request: 0.000018 seconds.
  path: Assets/Prefabs/Aderecos/Arvore_01.prefab
  artifactKey: Guid(afcc7f4b144c7425a98d76579a7c26aa) Importer(2089858483,192608db42251d675da83286b1cce702)
Start importing Assets/Prefabs/Aderecos/Arvore_01.prefab using Guid(afcc7f4b144c7425a98d76579a7c26aa) Importer(2089858483,192608db42251d675da83286b1cce702) (ScriptedImporter) -> (artifact id: 'a2afce5a6ec8ecb432bbf14a18ce8f69') in 0.022032 seconds
Number of updated asset objects reloaded before import = 0Number of asset objects unloaded after import = 8

========================================================================
Received Import Request.
  Time since last request: 0.000024 seconds.
  path: Assets/Modelos3D/Veiculos/Van_Batida_01.fbx
  artifactKey: Guid(9c5e99a233068d7419c7196f9e7b4e0e) Importer(2089858483,192608db42251d675da83286b1cce702)
Start importing Assets/Modelos3D/Veiculos/Van_Batida_01.fbx using Guid(9c5e99a233068d7419c7196f9e7b4e0e) Importer(2089858483,192608db42251d675da83286b1cce702) (ScriptedImporter) -> (artifact id: '463055960f50b215668741a7e8711c8b') in 0.0280886 seconds
Number of updated asset objects reloaded before import = 0Number of asset objects unloaded after import = 7

========================================================================
Received Import Request.
  Time since last request: 0.000285 seconds.
  path: Assets/Prefabs/Aderecos/Barreira_01.prefab
  artifactKey: Guid(6ffe1bdcc4b5440768c45450fcade542) Importer(2089858483,192608db42251d675da83286b1cce702)
Start importing Assets/Prefabs/Aderecos/Barreira_01.prefab using Guid(6ffe1bdcc4b5440768c45450fcade542) Importer(2089858483,192608db42251d675da83286b1cce702) (ScriptedImporter) -> (artifact id: '478af386e1053661dfe01fc9c0c6aa34') in 0.0174923 seconds
Number of updated asset objects reloaded before import = 0Number of asset objects unloaded after import = 6

========================================================================
Received Import Request.
  Time since last request: 0.000018 seconds.
  path: Assets/Modelos3D/Veiculos/Helicoptero_Destruido.fbx
  artifactKey: Guid(d44e47a016fc9504689b72992098bb66) Importer(2089858483,192608db42251d675da83286b1cce702)
Start importing Assets/Modelos3D/Veiculos/Helicoptero_Destruido.fbx using Guid(d44e47a016fc9504689b72992098bb66) Importer(2089858483,192608db42251d675da83286b1cce702) (ScriptedImporter) -> (artifact id: '981156936b272d516983e0b23d1168ac') in 0.0303189 seconds
Number of updated asset objects reloaded before import = 0Number of asset objects unloaded after import = 7

========================================================================
Received Import Request.
  Time since last request: 0.000017 seconds.
  path: Assets/Modelos3D/Veiculos/TanqueDeGuerra_Destruido.fbx
  artifactKey: Guid(7132e07a0f2e4c24982598e26c5eab48) Importer(2089858483,192608db42251d675da83286b1cce702)
Start importing Assets/Modelos3D/Veiculos/TanqueDeGuerra_Destruido.fbx using Guid(7132e07a0f2e4c24982598e26c5eab48) Importer(2089858483,192608db42251d675da83286b1cce702) (ScriptedImporter) -> (artifact id: '4edc6a0b442893b5164ebc3ab8daa96c') in 0.0305649 seconds
Number of updated asset objects reloaded before import = 0Number of asset objects unloaded after import = 7

========================================================================
Received Import Request.
  Time since last request: 0.000016 seconds.
  path: Assets/Modelos3D/Construcoes/Prefeitura_Destruida.fbx
  artifactKey: Guid(68253c90f4ddcc243ba8bc4d92d639e5) Importer(2089858483,192608db42251d675da83286b1cce702)
Start importing Assets/Modelos3D/Construcoes/Prefeitura_Destruida.fbx using Guid(68253c90f4ddcc243ba8bc4d92d639e5) Importer(2089858483,192608db42251d675da83286b1cce702) (ScriptedImporter) -> (artifact id: '86e4bfba44ae0214708edf638948b92b') in 0.0304536 seconds
Number of updated asset objects reloaded before import = 0Number of asset objects unloaded after import = 17

========================================================================
Received Import Request.
  Time since last request: 0.000015 seconds.
  path: Assets/Prefabs/Aderecos/Barril_Fogueira.prefab
  artifactKey: Guid(f5d4c7095c7274ebf926e8ccc88e2f07) Importer(2089858483,192608db42251d675da83286b1cce702)
Start importing Assets/Prefabs/Aderecos/Barril_Fogueira.prefab using Guid(f5d4c7095c7274ebf926e8ccc88e2f07) Importer(2089858483,192608db42251d675da83286b1cce702) (ScriptedImporter) -> (artifact id: 'f869d56c4700104ebcfc1e1fcff86386') in 0.0231503 seconds
Number of updated asset objects reloaded before import = 0Number of asset objects unloaded after import = 8

========================================================================
Received Import Request.
  Time since last request: 0.000018 seconds.
  path: Assets/Prefabs/Aderecos/Brinquedo_Balanco.prefab
  artifactKey: Guid(35fce5f7d10754eceb462ecbab35c05c) Importer(2089858483,192608db42251d675da83286b1cce702)
Start importing Assets/Prefabs/Aderecos/Brinquedo_Balanco.prefab using Guid(35fce5f7d10754eceb462ecbab35c05c) Importer(2089858483,192608db42251d675da83286b1cce702) (ScriptedImporter) -> (artifact id: 'ab9cec522551c890d8eefa0f80f3a44f') in 0.0265081 seconds
Number of updated asset objects reloaded before import = 0Number of asset objects unloaded after import = 8

========================================================================
Received Import Request.
  Time since last request: 0.000020 seconds.
  path: Assets/Prefabs/Aderecos/Colchao_01.prefab
  artifactKey: Guid(131c2625368ec4206ad73cece59f61f2) Importer(2089858483,192608db42251d675da83286b1cce702)
Start importing Assets/Prefabs/Aderecos/Colchao_01.prefab using Guid(131c2625368ec4206ad73cece59f61f2) Importer(2089858483,192608db42251d675da83286b1cce702) (ScriptedImporter) -> (artifact id: '8b627b9568f38ad3913971dbfbf761b9') in 0.019545 seconds
Number of updated asset objects reloaded before import = 0Number of asset objects unloaded after import = 8

========================================================================
Received Import Request.
  Time since last request: 0.000031 seconds.
  path: Assets/Prefabs/Aderecos/Cerca_Destruido_02.prefab
  artifactKey: Guid(fd2d2f3354f00429eaf7875ceb56c254) Importer(2089858483,192608db42251d675da83286b1cce702)
Start importing Assets/Prefabs/Aderecos/Cerca_Destruido_02.prefab using Guid(fd2d2f3354f00429eaf7875ceb56c254) Importer(2089858483,192608db42251d675da83286b1cce702) (ScriptedImporter) -> (artifact id: '9fca26344d35557842cf096f9de231ef') in 0.0237275 seconds
Number of updated asset objects reloaded before import = 0Number of asset objects unloaded after import = 8

========================================================================
Received Import Request.
  Time since last request: 0.000023 seconds.
  path: Assets/Prefabs/Aderecos/Cerca_Destruido_03.prefab
  artifactKey: Guid(1fd38d103f49346269a790a9818467cf) Importer(2089858483,192608db42251d675da83286b1cce702)
Start importing Assets/Prefabs/Aderecos/Cerca_Destruido_03.prefab using Guid(1fd38d103f49346269a790a9818467cf) Importer(2089858483,192608db42251d675da83286b1cce702) (ScriptedImporter) -> (artifact id: 'ca99cb72a1e581843fcc7a3e5a57bfce') in 0.1362207 seconds
Number of updated asset objects reloaded before import = 0Number of asset objects unloaded after import = 8

========================================================================
Received Import Request.
  Time since last request: 0.000022 seconds.
  path: Assets/Prefabs/Aderecos/Caixa.prefab
  artifactKey: Guid(5c6cc2dd328b74354a2d50865a80d4de) Importer(2089858483,192608db42251d675da83286b1cce702)
Start importing Assets/Prefabs/Aderecos/Caixa.prefab using Guid(5c6cc2dd328b74354a2d50865a80d4de) Importer(2089858483,192608db42251d675da83286b1cce702) (ScriptedImporter) -> (artifact id: '9d57d30eefdf7d3ea2e0c849dbdf330d') in 0.0522986 seconds
Number of updated asset objects reloaded before import = 0Number of asset objects unloaded after import = 8

========================================================================
Received Import Request.
  Time since last request: 0.000023 seconds.
  path: Assets/Prefabs/Aderecos/Caixa_Municao_Aberta.prefab
  artifactKey: Guid(a5a3a377163944f52b78e8a5789e65c0) Importer(2089858483,192608db42251d675da83286b1cce702)
Start importing Assets/Prefabs/Aderecos/Caixa_Municao_Aberta.prefab using Guid(a5a3a377163944f52b78e8a5789e65c0) Importer(2089858483,192608db42251d675da83286b1cce702) (ScriptedImporter) -> (artifact id: 'e68fce14fdb0ca2af98e499f302152c7') in 0.0403499 seconds
Number of updated asset objects reloaded before import = 0Number of asset objects unloaded after import = 13

========================================================================
Received Import Request.
  Time since last request: 0.000018 seconds.
  path: Assets/Prefabs/Aderecos/Caixa_Pizza_01.prefab
  artifactKey: Guid(094122ddd218349a8bbeef7b1c2b1135) Importer(2089858483,192608db42251d675da83286b1cce702)
Start importing Assets/Prefabs/Aderecos/Caixa_Pizza_01.prefab using Guid(094122ddd218349a8bbeef7b1c2b1135) Importer(2089858483,192608db42251d675da83286b1cce702) (ScriptedImporter) -> (artifact id: '6c16de93aedbed2541982bbd7a9fc05f') in 0.0201471 seconds
Number of updated asset objects reloaded before import = 0Number of asset objects unloaded after import = 8

========================================================================
Received Import Request.
  Time since last request: 0.000091 seconds.
  path: Assets/Prefabs/Aderecos/Cerca_Continua_01.prefab
  artifactKey: Guid(3f715056abeb9446fb0b5d697e133844) Importer(2089858483,192608db42251d675da83286b1cce702)
Start importing Assets/Prefabs/Aderecos/Cerca_Continua_01.prefab using Guid(3f715056abeb9446fb0b5d697e133844) Importer(2089858483,192608db42251d675da83286b1cce702) (ScriptedImporter) -> (artifact id: 'e57f8a077c61ecf23d9347fee11fec93') in 0.0202916 seconds
Number of updated asset objects reloaded before import = 0Number of asset objects unloaded after import = 8

========================================================================
Received Import Request.
  Time since last request: 0.000017 seconds.
  path: Assets/Prefabs/Aderecos/Barril_02.prefab
  artifactKey: Guid(9a588a7b9daeb4955a3a0912a580bfc8) Importer(2089858483,192608db42251d675da83286b1cce702)
Start importing Assets/Prefabs/Aderecos/Barril_02.prefab using Guid(9a588a7b9daeb4955a3a0912a580bfc8) Importer(2089858483,192608db42251d675da83286b1cce702) (ScriptedImporter) -> (artifact id: '9661bfd266c87b9d8d6499f9f1cb09b1') in 0.0239962 seconds
Number of updated asset objects reloaded before import = 0Number of asset objects unloaded after import = 8

========================================================================
Received Import Request.
  Time since last request: 0.000016 seconds.
  path: Assets/Prefabs/Aderecos/Barril_Caido_01.prefab
  artifactKey: Guid(231c3024d4d3549ed82cfef32abff111) Importer(2089858483,192608db42251d675da83286b1cce702)
Start importing Assets/Prefabs/Aderecos/Barril_Caido_01.prefab using Guid(231c3024d4d3549ed82cfef32abff111) Importer(2089858483,192608db42251d675da83286b1cce702) (ScriptedImporter) -> (artifact id: '91862bd88129d487e833add75687762c') in 0.0208463 seconds
Number of updated asset objects reloaded before import = 0Number of asset objects unloaded after import = 8

========================================================================
Received Import Request.
  Time since last request: 0.000015 seconds.
  path: Assets/Prefabs/Aderecos/Cerca_01.prefab
  artifactKey: Guid(f9d1115e0572e4b70b80a6d3a888c8dc) Importer(2089858483,192608db42251d675da83286b1cce702)
Start importing Assets/Prefabs/Aderecos/Cerca_01.prefab using Guid(f9d1115e0572e4b70b80a6d3a888c8dc) Importer(2089858483,192608db42251d675da83286b1cce702) (ScriptedImporter) -> (artifact id: '1fc7aa1bf36067e26a9ae7f05557a7fc') in 0.0192337 seconds
Number of updated asset objects reloaded before import = 0Number of asset objects unloaded after import = 8

========================================================================
Received Import Request.
  Time since last request: 0.000016 seconds.
  path: Assets/Prefabs/Aderecos/Brinquedo_Parque_Destruido.prefab
  artifactKey: Guid(68ff88840697f4c73a726254f20a58f3) Importer(2089858483,192608db42251d675da83286b1cce702)
Start importing Assets/Prefabs/Aderecos/Brinquedo_Parque_Destruido.prefab using Guid(68ff88840697f4c73a726254f20a58f3) Importer(2089858483,192608db42251d675da83286b1cce702) (ScriptedImporter) -> (artifact id: '67a7fb382187300610a48af0c05b7633') in 0.0252112 seconds
Number of updated asset objects reloaded before import = 0Number of asset objects unloaded after import = 8

========================================================================
Received Import Request.
  Time since last request: 0.000017 seconds.
  path: Assets/Prefabs/Aderecos/Cerca_Destruido_01.prefab
  artifactKey: Guid(0df3d3f55394144f5b5757402d6a3f18) Importer(2089858483,192608db42251d675da83286b1cce702)
Start importing Assets/Prefabs/Aderecos/Cerca_Destruido_01.prefab using Guid(0df3d3f55394144f5b5757402d6a3f18) Importer(2089858483,192608db42251d675da83286b1cce702) (ScriptedImporter) -> (artifact id: '5e1ed334f873212a7f7e7a9ebe98dc62') in 0.0225844 seconds
Number of updated asset objects reloaded before import = 0Number of asset objects unloaded after import = 8

========================================================================
Received Import Request.
  Time since last request: 0.000016 seconds.
  path: Assets/Prefabs/Aderecos/Caixa_Pizza_02.prefab
  artifactKey: Guid(17d2ea97cb5c248b7ab1dcd5ed823a46) Importer(2089858483,192608db42251d675da83286b1cce702)
Start importing Assets/Prefabs/Aderecos/Caixa_Pizza_02.prefab using Guid(17d2ea97cb5c248b7ab1dcd5ed823a46) Importer(2089858483,192608db42251d675da83286b1cce702) (ScriptedImporter) -> (artifact id: '64c3fce0f4be6e68d4d209ade6f0e55b') in 0.0175793 seconds
Number of updated asset objects reloaded before import = 0Number of asset objects unloaded after import = 8

========================================================================
Received Import Request.
  Time since last request: 0.000017 seconds.
  path: Assets/Prefabs/Aderecos/Churrasqueira.prefab
  artifactKey: Guid(44dd137a6e1364c24a5ec79f5de3dcce) Importer(2089858483,192608db42251d675da83286b1cce702)
Start importing Assets/Prefabs/Aderecos/Churrasqueira.prefab using Guid(44dd137a6e1364c24a5ec79f5de3dcce) Importer(2089858483,192608db42251d675da83286b1cce702) (ScriptedImporter) -> (artifact id: '3ca9af6718de6c86a331b52640e19a4a') in 0.0223746 seconds
Number of updated asset objects reloaded before import = 0Number of asset objects unloaded after import = 8

========================================================================
Received Import Request.
  Time since last request: 0.000015 seconds.
  path: Assets/Prefabs/Aderecos/Grama_01.prefab
  artifactKey: Guid(a0a1e03dc907d4bb0b29818fe35ecf91) Importer(2089858483,192608db42251d675da83286b1cce702)
Start importing Assets/Prefabs/Aderecos/Grama_01.prefab using Guid(a0a1e03dc907d4bb0b29818fe35ecf91) Importer(2089858483,192608db42251d675da83286b1cce702) (ScriptedImporter) -> (artifact id: '75ed39233c5484c008d6bc8f494185fc') in 0.0181202 seconds
Number of updated asset objects reloaded before import = 0Number of asset objects unloaded after import = 8

========================================================================
Received Import Request.
  Time since last request: 0.000017 seconds.
  path: Assets/Prefabs/Aderecos/LataDeLixo.prefab
  artifactKey: Guid(4a11009c161aa473fa84a3ad928fc151) Importer(2089858483,192608db42251d675da83286b1cce702)
Start importing Assets/Prefabs/Aderecos/LataDeLixo.prefab using Guid(4a11009c161aa473fa84a3ad928fc151) Importer(2089858483,192608db42251d675da83286b1cce702) (ScriptedImporter) -> (artifact id: '7cf4745ab6145d536e7e0bc9eaacae72') in 0.0196235 seconds
Number of updated asset objects reloaded before import = 0Number of asset objects unloaded after import = 8

========================================================================
Received Import Request.
  Time since last request: 0.000019 seconds.
  path: Assets/Prefabs/Aderecos/ConeDeRua.prefab
  artifactKey: Guid(ca5dec58f3e5c4a6e8e13586500f0e60) Importer(2089858483,192608db42251d675da83286b1cce702)
Start importing Assets/Prefabs/Aderecos/ConeDeRua.prefab using Guid(ca5dec58f3e5c4a6e8e13586500f0e60) Importer(2089858483,192608db42251d675da83286b1cce702) (ScriptedImporter) -> (artifact id: '58f72cb63f6c1c1bdbb3c2783b6f715a') in 0.0211218 seconds
Number of updated asset objects reloaded before import = 0Number of asset objects unloaded after import = 8

========================================================================
Received Import Request.
  Time since last request: 0.000023 seconds.
  path: Assets/Prefabs/Aderecos/Destrocos_03.prefab
  artifactKey: Guid(35b97c80e4e444b10a589c47d29b683f) Importer(2089858483,192608db42251d675da83286b1cce702)
Start importing Assets/Prefabs/Aderecos/Destrocos_03.prefab using Guid(35b97c80e4e444b10a589c47d29b683f) Importer(2089858483,192608db42251d675da83286b1cce702) (ScriptedImporter) -> (artifact id: '8bfc1a484fe71e737079a854fcc888f3') in 0.0228454 seconds
Number of updated asset objects reloaded before import = 0Number of asset objects unloaded after import = 8

========================================================================
Received Import Request.
  Time since last request: 0.000300 seconds.
  path: Assets/Prefabs/Aderecos/Grama_02.prefab
  artifactKey: Guid(e36e97c146afe4484915b2877b9cd994) Importer(2089858483,192608db42251d675da83286b1cce702)
Start importing Assets/Prefabs/Aderecos/Grama_02.prefab using Guid(e36e97c146afe4484915b2877b9cd994) Importer(2089858483,192608db42251d675da83286b1cce702) (ScriptedImporter) -> (artifact id: '368c3a15cbb6fcf13d3ff4f2a85844af') in 0.0264738 seconds
Number of updated asset objects reloaded before import = 0Number of asset objects unloaded after import = 8

========================================================================
Received Import Request.
  Time since last request: 0.000227 seconds.
  path: Assets/Prefabs/Aderecos/Destrocos_04.prefab
  artifactKey: Guid(9a1574f1336f5458aa717a190abb0fd2) Importer(2089858483,192608db42251d675da83286b1cce702)
Start importing Assets/Prefabs/Aderecos/Destrocos_04.prefab using Guid(9a1574f1336f5458aa717a190abb0fd2) Importer(2089858483,192608db42251d675da83286b1cce702) (ScriptedImporter) -> (artifact id: '7964cc7f42776e17412e760bd5358dbe') in 0.0255666 seconds
Number of updated asset objects reloaded before import = 0Number of asset objects unloaded after import = 8

========================================================================
Received Import Request.
  Time since last request: 0.000128 seconds.
  path: Assets/Prefabs/Aderecos/Destrocos_02.prefab
  artifactKey: Guid(88d638b8454444c37becd7aa2c833452) Importer(2089858483,192608db42251d675da83286b1cce702)
Start importing Assets/Prefabs/Aderecos/Destrocos_02.prefab using Guid(88d638b8454444c37becd7aa2c833452) Importer(2089858483,192608db42251d675da83286b1cce702) (ScriptedImporter) -> (artifact id: '05b931b07ec03f663854ed28671b8b85') in 0.0264189 seconds
Number of updated asset objects reloaded before import = 0Number of asset objects unloaded after import = 8

========================================================================
Received Import Request.
  Time since last request: 0.000220 seconds.
  path: Assets/Prefabs/Aderecos/Grama_04.prefab
  artifactKey: Guid(210f0b38eddd74894b0e5b20184b10d5) Importer(2089858483,192608db42251d675da83286b1cce702)
Start importing Assets/Prefabs/Aderecos/Grama_04.prefab using Guid(210f0b38eddd74894b0e5b20184b10d5) Importer(2089858483,192608db42251d675da83286b1cce702) (ScriptedImporter) -> (artifact id: '18e5dbc2014ef6866145165affe7e2f7') in 0.107861 seconds
Number of updated asset objects reloaded before import = 0Number of asset objects unloaded after import = 8

========================================================================
Received Import Request.
  Time since last request: 0.000577 seconds.
  path: Assets/Prefabs/Aderecos/Estatua_Destruido_01.prefab
  artifactKey: Guid(3552e8d1eca48417ea1b2dc32229a73a) Importer(2089858483,192608db42251d675da83286b1cce702)
Start importing Assets/Prefabs/Aderecos/Estatua_Destruido_01.prefab using Guid(3552e8d1eca48417ea1b2dc32229a73a) Importer(2089858483,192608db42251d675da83286b1cce702) (ScriptedImporter) -> (artifact id: '066f7e3d0c92ee875d33d764826a4a50') in 0.0410927 seconds
Number of updated asset objects reloaded before import = 0Number of asset objects unloaded after import = 8

========================================================================
Received Import Request.
  Time since last request: 0.000238 seconds.
  path: Assets/Prefabs/Aderecos/Copo.prefab
  artifactKey: Guid(0a37c3a4297e34a0d88a8ed2393688dd) Importer(2089858483,192608db42251d675da83286b1cce702)
Start importing Assets/Prefabs/Aderecos/Copo.prefab using Guid(0a37c3a4297e34a0d88a8ed2393688dd) Importer(2089858483,192608db42251d675da83286b1cce702) (ScriptedImporter) -> (artifact id: '0a5ba5cde00614406443e7a9e61ef2cb') in 0.0274494 seconds
Number of updated asset objects reloaded before import = 0Number of asset objects unloaded after import = 8

========================================================================
Received Import Request.
  Time since last request: 0.000016 seconds.
  path: Assets/Prefabs/Aderecos/Geladeira_Destruida.prefab
  artifactKey: Guid(a3742179c285b448ca17a0217165a36d) Importer(2089858483,192608db42251d675da83286b1cce702)
Start importing Assets/Prefabs/Aderecos/Geladeira_Destruida.prefab using Guid(a3742179c285b448ca17a0217165a36d) Importer(2089858483,192608db42251d675da83286b1cce702) (ScriptedImporter) -> (artifact id: '78a09c29863f53f29782d98097b96387') in 0.0237093 seconds
Number of updated asset objects reloaded before import = 0Number of asset objects unloaded after import = 8

========================================================================
Received Import Request.
  Time since last request: 0.000019 seconds.
  path: Assets/Prefabs/Aderecos/Gerador_Iluminacao.prefab
  artifactKey: Guid(8fbb6e5243ea24ac8b305a2df6170f81) Importer(2089858483,192608db42251d675da83286b1cce702)
Start importing Assets/Prefabs/Aderecos/Gerador_Iluminacao.prefab using Guid(8fbb6e5243ea24ac8b305a2df6170f81) Importer(2089858483,192608db42251d675da83286b1cce702) (ScriptedImporter) -> (artifact id: 'ed0bbc3500e8892609f29863014f79dc') in 0.0187329 seconds
Number of updated asset objects reloaded before import = 0Number of asset objects unloaded after import = 18

========================================================================
Received Import Request.
  Time since last request: 0.000017 seconds.
  path: Assets/Prefabs/Aderecos/Destrocos_01.prefab
  artifactKey: Guid(c63a7c195047b4a3daee2b4ef9f7459e) Importer(2089858483,192608db42251d675da83286b1cce702)
Start importing Assets/Prefabs/Aderecos/Destrocos_01.prefab using Guid(c63a7c195047b4a3daee2b4ef9f7459e) Importer(2089858483,192608db42251d675da83286b1cce702) (ScriptedImporter) -> (artifact id: 'e1dc5dbddc2df078778aee60bd3d2e19') in 0.0211841 seconds
Number of updated asset objects reloaded before import = 0Number of asset objects unloaded after import = 8

========================================================================
Received Import Request.
  Time since last request: 0.000017 seconds.
  path: Assets/Prefabs/Aderecos/Grama_03.prefab
  artifactKey: Guid(394b5f709bccf4928bccd605ffd92fd0) Importer(2089858483,192608db42251d675da83286b1cce702)
Start importing Assets/Prefabs/Aderecos/Grama_03.prefab using Guid(394b5f709bccf4928bccd605ffd92fd0) Importer(2089858483,192608db42251d675da83286b1cce702) (ScriptedImporter) -> (artifact id: 'e76b23ccda416fc97ed7c0efb771ead8') in 0.0182123 seconds
Number of updated asset objects reloaded before import = 0Number of asset objects unloaded after import = 8

========================================================================
Received Import Request.
  Time since last request: 0.000017 seconds.
  path: Assets/Prefabs/Aderecos/Fogueira.prefab
  artifactKey: Guid(7e3616fe54e95444a9b5ba874f400528) Importer(2089858483,192608db42251d675da83286b1cce702)
Start importing Assets/Prefabs/Aderecos/Fogueira.prefab using Guid(7e3616fe54e95444a9b5ba874f400528) Importer(2089858483,192608db42251d675da83286b1cce702) (ScriptedImporter) -> (artifact id: '05ab82f82323fb3d87981d2d21ec9611') in 0.0203637 seconds
Number of updated asset objects reloaded before import = 0Number of asset objects unloaded after import = 8

========================================================================
Received Import Request.
  Time since last request: 0.000016 seconds.
  path: Assets/Prefabs/Aderecos/Estatua.prefab
  artifactKey: Guid(c87e63d7471014556bebb185718c7b77) Importer(2089858483,192608db42251d675da83286b1cce702)
Start importing Assets/Prefabs/Aderecos/Estatua.prefab using Guid(c87e63d7471014556bebb185718c7b77) Importer(2089858483,192608db42251d675da83286b1cce702) (ScriptedImporter) -> (artifact id: '446072f2a69d51f80b913aa866244922') in 0.0194138 seconds
Number of updated asset objects reloaded before import = 0Number of asset objects unloaded after import = 8

========================================================================
Received Import Request.
  Time since last request: 0.000018 seconds.
  path: Assets/Modelos3D/Veiculos/Caminhonete_Quebrada_02.fbx
  artifactKey: Guid(481f04370006c2c4482d4e8bb9845e04) Importer(2089858483,192608db42251d675da83286b1cce702)
Start importing Assets/Modelos3D/Veiculos/Caminhonete_Quebrada_02.fbx using Guid(481f04370006c2c4482d4e8bb9845e04) Importer(2089858483,192608db42251d675da83286b1cce702) (ScriptedImporter) -> (artifact id: '4911965754feabb042e54d477b8fdb79') in 0.026815 seconds
Number of updated asset objects reloaded before import = 0Number of asset objects unloaded after import = 7

========================================================================
Received Import Request.
  Time since last request: 0.000018 seconds.
  path: Assets/Prefabs/Aderecos/Maquina_Venda_02.prefab
  artifactKey: Guid(bc2a309c5af9b471cb07b27eb5303dc3) Importer(2089858483,192608db42251d675da83286b1cce702)
Start importing Assets/Prefabs/Aderecos/Maquina_Venda_02.prefab using Guid(bc2a309c5af9b471cb07b27eb5303dc3) Importer(2089858483,192608db42251d675da83286b1cce702) (ScriptedImporter) -> (artifact id: '06eeb92457d6342a5acc0458fe159c3c') in 0.0208017 seconds
Number of updated asset objects reloaded before import = 0Number of asset objects unloaded after import = 8

========================================================================
Received Import Request.
  Time since last request: 0.000023 seconds.
  path: Assets/Prefabs/Aderecos/Mala_Aberta_04.prefab
  artifactKey: Guid(2003e496e649a4ea8a839517871a7650) Importer(2089858483,192608db42251d675da83286b1cce702)
Start importing Assets/Prefabs/Aderecos/Mala_Aberta_04.prefab using Guid(2003e496e649a4ea8a839517871a7650) Importer(2089858483,192608db42251d675da83286b1cce702) (ScriptedImporter) -> (artifact id: '7d1b910497b7d21fc79b24b98e1af977') in 0.0262368 seconds
Number of updated asset objects reloaded before import = 0Number of asset objects unloaded after import = 8

========================================================================
Received Import Request.
  Time since last request: 0.000016 seconds.
  path: Assets/Prefabs/Aderecos/Mala_03.prefab
  artifactKey: Guid(365675e1f4f074a32adbf849aa0d8ee6) Importer(2089858483,192608db42251d675da83286b1cce702)
Start importing Assets/Prefabs/Aderecos/Mala_03.prefab using Guid(365675e1f4f074a32adbf849aa0d8ee6) Importer(2089858483,192608db42251d675da83286b1cce702) (ScriptedImporter) -> (artifact id: 'f29897fd3198e49522c56b2ade096a1a') in 0.0183178 seconds
Number of updated asset objects reloaded before import = 0Number of asset objects unloaded after import = 8

========================================================================
Received Import Request.
  Time since last request: 0.000015 seconds.
  path: Assets/Prefabs/Aderecos/Mala_01.prefab
  artifactKey: Guid(de2dc86b3a1f14ef79712fb4d6185b32) Importer(2089858483,192608db42251d675da83286b1cce702)
Start importing Assets/Prefabs/Aderecos/Mala_01.prefab using Guid(de2dc86b3a1f14ef79712fb4d6185b32) Importer(2089858483,192608db42251d675da83286b1cce702) (ScriptedImporter) -> (artifact id: '828b84800065efcd77afd6be80204791') in 0.0199905 seconds
Number of updated asset objects reloaded before import = 0Number of asset objects unloaded after import = 8

========================================================================
Received Import Request.
  Time since last request: 0.000032 seconds.
  path: Assets/Prefabs/Aderecos/LataDeLixo_01.prefab
  artifactKey: Guid(a19d4bc59781b424cb8458603660e5c8) Importer(2089858483,192608db42251d675da83286b1cce702)
Start importing Assets/Prefabs/Aderecos/LataDeLixo_01.prefab using Guid(a19d4bc59781b424cb8458603660e5c8) Importer(2089858483,192608db42251d675da83286b1cce702) (ScriptedImporter) -> (artifact id: '200c9499a5586f69267b7064a86041b8') in 0.0214103 seconds
Number of updated asset objects reloaded before import = 0Number of asset objects unloaded after import = 8

========================================================================
Received Import Request.
  Time since last request: 0.000038 seconds.
  path: Assets/Prefabs/Aderecos/Lata_02.prefab
  artifactKey: Guid(6586c37afe4694498ba07554bb382567) Importer(2089858483,192608db42251d675da83286b1cce702)
Start importing Assets/Prefabs/Aderecos/Lata_02.prefab using Guid(6586c37afe4694498ba07554bb382567) Importer(2089858483,192608db42251d675da83286b1cce702) (ScriptedImporter) -> (artifact id: 'dfecc3564208abcc0942bb008889253a') in 0.020922 seconds
Number of updated asset objects reloaded before import = 0Number of asset objects unloaded after import = 8

========================================================================
Received Import Request.
  Time since last request: 0.000015 seconds.
  path: Assets/Prefabs/Aderecos/Mala_Aberta_03.prefab
  artifactKey: Guid(1c29e7780028148068379e15d36dff21) Importer(2089858483,192608db42251d675da83286b1cce702)
Start importing Assets/Prefabs/Aderecos/Mala_Aberta_03.prefab using Guid(1c29e7780028148068379e15d36dff21) Importer(2089858483,192608db42251d675da83286b1cce702) (ScriptedImporter) -> (artifact id: '6d4f81325bfd4f9677791c2945ddc004') in 0.0203178 seconds
Number of updated asset objects reloaded before import = 0Number of asset objects unloaded after import = 8

========================================================================
Received Import Request.
  Time since last request: 0.000017 seconds.
  path: Assets/Prefabs/Aderecos/Mochila_01.prefab
  artifactKey: Guid(7be26b42cb2864861aa842a266dd6d76) Importer(2089858483,192608db42251d675da83286b1cce702)
Start importing Assets/Prefabs/Aderecos/Mochila_01.prefab using Guid(7be26b42cb2864861aa842a266dd6d76) Importer(2089858483,192608db42251d675da83286b1cce702) (ScriptedImporter) -> (artifact id: 'f3c6ae8433ee6bb0c1402a01ad4d8d24') in 0.028482 seconds
Number of updated asset objects reloaded before import = 0Number of asset objects unloaded after import = 8

========================================================================
Received Import Request.
  Time since last request: 0.000014 seconds.
  path: Assets/Prefabs/Aderecos/Mala_Aberta_02.prefab
  artifactKey: Guid(b5e131eb573644871a88e63e0ff5d116) Importer(2089858483,192608db42251d675da83286b1cce702)
Start importing Assets/Prefabs/Aderecos/Mala_Aberta_02.prefab using Guid(b5e131eb573644871a88e63e0ff5d116) Importer(2089858483,192608db42251d675da83286b1cce702) (ScriptedImporter) -> (artifact id: '286fdc9c02cba6cea220650a9fbbee80') in 0.0199256 seconds
Number of updated asset objects reloaded before import = 0Number of asset objects unloaded after import = 13

========================================================================
Received Import Request.
  Time since last request: 0.000023 seconds.
  path: Assets/Prefabs/Aderecos/Maquina_Venda_Destruido_01.prefab
  artifactKey: Guid(c3dbd3b8bab4543caa180543f1254992) Importer(2089858483,192608db42251d675da83286b1cce702)
Start importing Assets/Prefabs/Aderecos/Maquina_Venda_Destruido_01.prefab using Guid(c3dbd3b8bab4543caa180543f1254992) Importer(2089858483,192608db42251d675da83286b1cce702) (ScriptedImporter) -> (artifact id: 'dbc3c15555ec83f71d0fbff7d87f8aa4') in 0.0216219 seconds
Number of updated asset objects reloaded before import = 0Number of asset objects unloaded after import = 8

========================================================================
Received Import Request.
  Time since last request: 0.000016 seconds.
  path: Assets/Prefabs/Aderecos/Maquina_Venda_01.prefab
  artifactKey: Guid(8b2941ff4be884507986df135aa88e18) Importer(2089858483,192608db42251d675da83286b1cce702)
Start importing Assets/Prefabs/Aderecos/Maquina_Venda_01.prefab using Guid(8b2941ff4be884507986df135aa88e18) Importer(2089858483,192608db42251d675da83286b1cce702) (ScriptedImporter) -> (artifact id: '6f3f232d16f77a3bfef8742b83e1ba9a') in 0.0214042 seconds
Number of updated asset objects reloaded before import = 0Number of asset objects unloaded after import = 8

========================================================================
Received Import Request.
  Time since last request: 0.000018 seconds.
  path: Assets/Prefabs/Aderecos/LataDeLixo_02.prefab
  artifactKey: Guid(c80430b21e7db4116a6027f24da4c5ab) Importer(2089858483,192608db42251d675da83286b1cce702)
Start importing Assets/Prefabs/Aderecos/LataDeLixo_02.prefab using Guid(c80430b21e7db4116a6027f24da4c5ab) Importer(2089858483,192608db42251d675da83286b1cce702) (ScriptedImporter) -> (artifact id: 'dcf9dac5f54071aa3f914e3050da3e4d') in 0.0187999 seconds
Number of updated asset objects reloaded before import = 0Number of asset objects unloaded after import = 8

========================================================================
Received Import Request.
  Time since last request: 0.000024 seconds.
  path: Assets/Prefabs/Aderecos/Mala_Aberta_01.prefab
  artifactKey: Guid(1ba4385af8d71440babd017e9ce1571a) Importer(2089858483,192608db42251d675da83286b1cce702)
Start importing Assets/Prefabs/Aderecos/Mala_Aberta_01.prefab using Guid(1ba4385af8d71440babd017e9ce1571a) Importer(2089858483,192608db42251d675da83286b1cce702) (ScriptedImporter) -> (artifact id: 'e917edfc1ca39d9636642837a9c3d469') in 0.0231059 seconds
Number of updated asset objects reloaded before import = 0Number of asset objects unloaded after import = 13

========================================================================
Received Import Request.
  Time since last request: 0.000016 seconds.
  path: Assets/Prefabs/Aderecos/Mala_04.prefab
  artifactKey: Guid(d69cdee482c3942d5be6bbf8e912207c) Importer(2089858483,192608db42251d675da83286b1cce702)
Start importing Assets/Prefabs/Aderecos/Mala_04.prefab using Guid(d69cdee482c3942d5be6bbf8e912207c) Importer(2089858483,192608db42251d675da83286b1cce702) (ScriptedImporter) -> (artifact id: '1128a7013ed14bea1a9274fa46f32269') in 0.0215865 seconds
Number of updated asset objects reloaded before import = 0Number of asset objects unloaded after import = 8

========================================================================
Received Import Request.
  Time since last request: 0.000014 seconds.
  path: Assets/Prefabs/Aderecos/Mala_02.prefab
  artifactKey: Guid(0dde354650df34f17b1ab3bc18170010) Importer(2089858483,192608db42251d675da83286b1cce702)
Start importing Assets/Prefabs/Aderecos/Mala_02.prefab using Guid(0dde354650df34f17b1ab3bc18170010) Importer(2089858483,192608db42251d675da83286b1cce702) (ScriptedImporter) -> (artifact id: 'a4271b24552bb140d293976defd954d1') in 0.0195725 seconds
Number of updated asset objects reloaded before import = 0Number of asset objects unloaded after import = 8

========================================================================
Received Import Request.
  Time since last request: 0.000014 seconds.
  path: Assets/Modelos3D/Ambiente/Rua_Reta_Grande_Destruido_06.fbx
  artifactKey: Guid(7ca1a3d739d94e94987803ec607c3d33) Importer(2089858483,192608db42251d675da83286b1cce702)
Start importing Assets/Modelos3D/Ambiente/Rua_Reta_Grande_Destruido_06.fbx using Guid(7ca1a3d739d94e94987803ec607c3d33) Importer(2089858483,192608db42251d675da83286b1cce702) (ScriptedImporter) -> (artifact id: 'fc68d38082151488239482a1ad318324') in 0.0265679 seconds
Number of updated asset objects reloaded before import = 0Number of asset objects unloaded after import = 7

========================================================================
Received Import Request.
  Time since last request: 0.000014 seconds.
  path: Assets/Modelos3D/Construcoes/Loja_Destruido_04.fbx
  artifactKey: Guid(51a2dc083879e5b4abd9154e8382f6fb) Importer(2089858483,192608db42251d675da83286b1cce702)
Start importing Assets/Modelos3D/Construcoes/Loja_Destruido_04.fbx using Guid(51a2dc083879e5b4abd9154e8382f6fb) Importer(2089858483,192608db42251d675da83286b1cce702) (ScriptedImporter) -> (artifact id: '91a99f3cfd97a9be68d0bfb98a2b3755') in 0.0282032 seconds
Number of updated asset objects reloaded before import = 0Number of asset objects unloaded after import = 17

========================================================================
Received Import Request.
  Time since last request: 0.001485 seconds.
  path: Assets/Modelos3D/Construcoes/Trailer_Estacionado_Destruido.fbx
  artifactKey: Guid(80ed5f4fafa3ea54592d126b5b39e5eb) Importer(2089858483,192608db42251d675da83286b1cce702)
Start importing Assets/Modelos3D/Construcoes/Trailer_Estacionado_Destruido.fbx using Guid(80ed5f4fafa3ea54592d126b5b39e5eb) Importer(2089858483,192608db42251d675da83286b1cce702) (ScriptedImporter) -> (artifact id: '34412f6fbf3cb99c8a65d8adc0b34b6a') in 0.0296856 seconds
Number of updated asset objects reloaded before import = 0Number of asset objects unloaded after import = 12

========================================================================
Received Import Request.
  Time since last request: 0.000195 seconds.
  path: Assets/Prefabs/Aderecos/Mochila_02.prefab
  artifactKey: Guid(41c23461fd4b74ff28118a59f2b67059) Importer(2089858483,192608db42251d675da83286b1cce702)
Start importing Assets/Prefabs/Aderecos/Mochila_02.prefab using Guid(41c23461fd4b74ff28118a59f2b67059) Importer(2089858483,192608db42251d675da83286b1cce702) (ScriptedImporter) -> (artifact id: '50e836e0660c934869da9b33706e6964') in 0.0192801 seconds
Number of updated asset objects reloaded before import = 0Number of asset objects unloaded after import = 8

========================================================================
Received Import Request.
  Time since last request: 0.000016 seconds.
  path: Assets/Modelos3D/Construcoes/Casa_Grande_Destruido_01.fbx
  artifactKey: Guid(fd96d2647bc61f446b2053fdf050cbde) Importer(2089858483,192608db42251d675da83286b1cce702)
Start importing Assets/Modelos3D/Construcoes/Casa_Grande_Destruido_01.fbx using Guid(fd96d2647bc61f446b2053fdf050cbde) Importer(2089858483,192608db42251d675da83286b1cce702) (ScriptedImporter) -> (artifact id: '68fbb0f261fff2d8979b2d64287dedf2') in 0.0315009 seconds
Number of updated asset objects reloaded before import = 0Number of asset objects unloaded after import = 17

========================================================================
Received Import Request.
  Time since last request: 0.000039 seconds.
  path: Assets/Prefabs/Aderecos/Lata_01.prefab
  artifactKey: Guid(59db87933627c47a3895baa7b57f7402) Importer(2089858483,192608db42251d675da83286b1cce702)
Start importing Assets/Prefabs/Aderecos/Lata_01.prefab using Guid(59db87933627c47a3895baa7b57f7402) Importer(2089858483,192608db42251d675da83286b1cce702) (ScriptedImporter) -> (artifact id: 'e1d89865fd5e4d4d2c4e37c7f28f4a65') in 0.0194297 seconds
Number of updated asset objects reloaded before import = 0Number of asset objects unloaded after import = 8

========================================================================
Received Import Request.
  Time since last request: 0.000160 seconds.
  path: Assets/Prefabs/Aderecos/Barril_Caido_02.prefab
  artifactKey: Guid(55c7c562aa156438da67a8f2be188da7) Importer(2089858483,192608db42251d675da83286b1cce702)
Start importing Assets/Prefabs/Aderecos/Barril_Caido_02.prefab using Guid(55c7c562aa156438da67a8f2be188da7) Importer(2089858483,192608db42251d675da83286b1cce702) (ScriptedImporter) -> (artifact id: 'b0d296d8d4175c8c3d2bf72528d07220') in 0.0227906 seconds
Number of updated asset objects reloaded before import = 0Number of asset objects unloaded after import = 8

========================================================================
Received Import Request.
  Time since last request: 0.000016 seconds.
  path: Assets/Prefabs/Aderecos/SacoDeDormir_02.prefab
  artifactKey: Guid(56dcf45efff654d79b3ba17e46683aa3) Importer(2089858483,192608db42251d675da83286b1cce702)
Start importing Assets/Prefabs/Aderecos/SacoDeDormir_02.prefab using Guid(56dcf45efff654d79b3ba17e46683aa3) Importer(2089858483,192608db42251d675da83286b1cce702) (ScriptedImporter) -> (artifact id: '10b089af351be1f4521f085edfaaaa4c') in 0.0187864 seconds
Number of updated asset objects reloaded before import = 0Number of asset objects unloaded after import = 8

========================================================================
Received Import Request.
  Time since last request: 0.000015 seconds.
  path: Assets/Prefabs/Aderecos/PilhaDeLixo_03.prefab
  artifactKey: Guid(189abea6eb775460fa4e0cd7753686c7) Importer(2089858483,192608db42251d675da83286b1cce702)
Start importing Assets/Prefabs/Aderecos/PilhaDeLixo_03.prefab using Guid(189abea6eb775460fa4e0cd7753686c7) Importer(2089858483,192608db42251d675da83286b1cce702) (ScriptedImporter) -> (artifact id: '539a51b4a9f86d6379c6866e42e70fb3') in 0.0212761 seconds
Number of updated asset objects reloaded before import = 0Number of asset objects unloaded after import = 8

========================================================================
Received Import Request.
  Time since last request: 0.000016 seconds.
  path: Assets/Prefabs/Aderecos/Pilha_Caixas_Media_01.prefab
  artifactKey: Guid(e284de496052b4426adf979fc6c18a74) Importer(2089858483,192608db42251d675da83286b1cce702)
Start importing Assets/Prefabs/Aderecos/Pilha_Caixas_Media_01.prefab using Guid(e284de496052b4426adf979fc6c18a74) Importer(2089858483,192608db42251d675da83286b1cce702) (ScriptedImporter) -> (artifact id: 'a6dcf723f76adec7e172ab280e1bbbaa') in 0.0204604 seconds
Number of updated asset objects reloaded before import = 0Number of asset objects unloaded after import = 8

========================================================================
Received Import Request.
  Time since last request: 0.000016 seconds.
  path: Assets/Prefabs/Aderecos/PilhaDeLixo_02.prefab
  artifactKey: Guid(e319b53f3d63c4ba8adbe4859512dda2) Importer(2089858483,192608db42251d675da83286b1cce702)
Start importing Assets/Prefabs/Aderecos/PilhaDeLixo_02.prefab using Guid(e319b53f3d63c4ba8adbe4859512dda2) Importer(2089858483,192608db42251d675da83286b1cce702) (ScriptedImporter) -> (artifact id: '815c92a44997ef3771233eab0e963f7d') in 0.0196635 seconds
Number of updated asset objects reloaded before import = 0Number of asset objects unloaded after import = 8

========================================================================
Received Import Request.
  Time since last request: 0.000015 seconds.
  path: Assets/Prefabs/Aderecos/PosteDeLuz_Destruido_01.prefab
  artifactKey: Guid(e925f3806844b43a0951526d3202da0c) Importer(2089858483,192608db42251d675da83286b1cce702)
Start importing Assets/Prefabs/Aderecos/PosteDeLuz_Destruido_01.prefab using Guid(e925f3806844b43a0951526d3202da0c) Importer(2089858483,192608db42251d675da83286b1cce702) (ScriptedImporter) -> (artifact id: '796e4d76ec7499ae4bee14d5a00dcf75') in 0.0242631 seconds
Number of updated asset objects reloaded before import = 0Number of asset objects unloaded after import = 8

========================================================================
Received Import Request.
  Time since last request: 0.000018 seconds.
  path: Assets/Prefabs/Aderecos/Pilha_Caixas_Pequena_01.prefab
  artifactKey: Guid(7f9c1023d811b4074a0ff3b4a5c7f728) Importer(2089858483,192608db42251d675da83286b1cce702)
Start importing Assets/Prefabs/Aderecos/Pilha_Caixas_Pequena_01.prefab using Guid(7f9c1023d811b4074a0ff3b4a5c7f728) Importer(2089858483,192608db42251d675da83286b1cce702) (ScriptedImporter) -> (artifact id: '471a5652074804ebd4338abe49946201') in 0.0254297 seconds
Number of updated asset objects reloaded before import = 0Number of asset objects unloaded after import = 8

========================================================================
Received Import Request.
  Time since last request: 0.000016 seconds.
  path: Assets/Prefabs/Aderecos/Pallet_01.prefab
  artifactKey: Guid(5dd0aef6dc00f489f95132dd6fff4989) Importer(2089858483,192608db42251d675da83286b1cce702)
Start importing Assets/Prefabs/Aderecos/Pallet_01.prefab using Guid(5dd0aef6dc00f489f95132dd6fff4989) Importer(2089858483,192608db42251d675da83286b1cce702) (ScriptedImporter) -> (artifact id: '4a8aa89080a9c893584d2cefa7147d57') in 0.0229978 seconds
Number of updated asset objects reloaded before import = 0Number of asset objects unloaded after import = 8

========================================================================
Received Import Request.
  Time since last request: 0.000018 seconds.
  path: Assets/Prefabs/Aderecos/Ruina_Predio_03.prefab
  artifactKey: Guid(d4b5695ee51134f23a33c223d4ea48fc) Importer(2089858483,192608db42251d675da83286b1cce702)
Start importing Assets/Prefabs/Aderecos/Ruina_Predio_03.prefab using Guid(d4b5695ee51134f23a33c223d4ea48fc) Importer(2089858483,192608db42251d675da83286b1cce702) (ScriptedImporter) -> (artifact id: 'c9c1a80275c8ba28ef3dee0a231ca52d') in 0.022172 seconds
Number of updated asset objects reloaded before import = 0Number of asset objects unloaded after import = 8

========================================================================
Received Import Request.
  Time since last request: 0.000023 seconds.
  path: Assets/Prefabs/Aderecos/Sangue_02.prefab
  artifactKey: Guid(404e38885518842a2b6a271466318d56) Importer(2089858483,192608db42251d675da83286b1cce702)
Start importing Assets/Prefabs/Aderecos/Sangue_02.prefab using Guid(404e38885518842a2b6a271466318d56) Importer(2089858483,192608db42251d675da83286b1cce702) (ScriptedImporter) -> (artifact id: '8b4fdf7903b79d54edd9a2908a1ce6d5') in 0.0198852 seconds
Number of updated asset objects reloaded before import = 0Number of asset objects unloaded after import = 8

========================================================================
Received Import Request.
  Time since last request: 0.000021 seconds.
  path: Assets/Prefabs/Aderecos/Ruina_Predio_05.prefab
  artifactKey: Guid(dabd09bb83fae46a6b84ed1cb045a809) Importer(2089858483,192608db42251d675da83286b1cce702)
Start importing Assets/Prefabs/Aderecos/Ruina_Predio_05.prefab using Guid(dabd09bb83fae46a6b84ed1cb045a809) Importer(2089858483,192608db42251d675da83286b1cce702) (ScriptedImporter) -> (artifact id: 'a4504863aa623e8e9e0e6fd8ac1a4617') in 0.0221461 seconds
Number of updated asset objects reloaded before import = 0Number of asset objects unloaded after import = 8

========================================================================
Received Import Request.
  Time since last request: 0.000023 seconds.
  path: Assets/Prefabs/Aderecos/PosteDeLuz_Destruido_03.prefab
  artifactKey: Guid(890b5c40a1352430aa4bd6d2d9bab0e1) Importer(2089858483,192608db42251d675da83286b1cce702)
Start importing Assets/Prefabs/Aderecos/PosteDeLuz_Destruido_03.prefab using Guid(890b5c40a1352430aa4bd6d2d9bab0e1) Importer(2089858483,192608db42251d675da83286b1cce702) (ScriptedImporter) -> (artifact id: '420c00adf9fd5550c69623e58359291e') in 0.0213659 seconds
Number of updated asset objects reloaded before import = 0Number of asset objects unloaded after import = 8

========================================================================
Received Import Request.
  Time since last request: 0.000014 seconds.
  path: Assets/Prefabs/Aderecos/PosteDeLuz.prefab
  artifactKey: Guid(e4e0f3cfde2314194a64de87d1b562ac) Importer(2089858483,192608db42251d675da83286b1cce702)
Start importing Assets/Prefabs/Aderecos/PosteDeLuz.prefab using Guid(e4e0f3cfde2314194a64de87d1b562ac) Importer(2089858483,192608db42251d675da83286b1cce702) (ScriptedImporter) -> (artifact id: 'f0424e879b7923b344ce6f878da096a6') in 0.0203771 seconds
Number of updated asset objects reloaded before import = 0Number of asset objects unloaded after import = 8

========================================================================
Received Import Request.
  Time since last request: 0.000018 seconds.
  path: Assets/Prefabs/Aderecos/Pilha_Caixas_Grande_02.prefab
  artifactKey: Guid(188bf8ca40be94564b3dbb0d4a24bfa5) Importer(2089858483,192608db42251d675da83286b1cce702)
Start importing Assets/Prefabs/Aderecos/Pilha_Caixas_Grande_02.prefab using Guid(188bf8ca40be94564b3dbb0d4a24bfa5) Importer(2089858483,192608db42251d675da83286b1cce702) (ScriptedImporter) -> (artifact id: '9a9521a96a2dab5c64e5b66fcc25614d') in 0.0189226 seconds
Number of updated asset objects reloaded before import = 0Number of asset objects unloaded after import = 8

========================================================================
Received Import Request.
  Time since last request: 0.000021 seconds.
  path: Assets/Prefabs/Aderecos/SacoDeDormir_03.prefab
  artifactKey: Guid(7a76260b2a28045b889278dcc2110d71) Importer(2089858483,192608db42251d675da83286b1cce702)
Start importing Assets/Prefabs/Aderecos/SacoDeDormir_03.prefab using Guid(7a76260b2a28045b889278dcc2110d71) Importer(2089858483,192608db42251d675da83286b1cce702) (ScriptedImporter) -> (artifact id: 'e05584bf5f6905c6ffa22d53b3c34791') in 0.0197174 seconds
Number of updated asset objects reloaded before import = 0Number of asset objects unloaded after import = 8

========================================================================
Received Import Request.
  Time since last request: 0.000018 seconds.
  path: Assets/Prefabs/Aderecos/Ruina_Predio_04.prefab
  artifactKey: Guid(6d2763e9a3ac04b0390408fc55f7d2ca) Importer(2089858483,192608db42251d675da83286b1cce702)
Start importing Assets/Prefabs/Aderecos/Ruina_Predio_04.prefab using Guid(6d2763e9a3ac04b0390408fc55f7d2ca) Importer(2089858483,192608db42251d675da83286b1cce702) (ScriptedImporter) -> (artifact id: 'aeee1efd3a8eb1136815ef47d0807c4f') in 0.0210557 seconds
Number of updated asset objects reloaded before import = 0Number of asset objects unloaded after import = 8

========================================================================
Received Import Request.
  Time since last request: 0.000016 seconds.
  path: Assets/Prefabs/Aderecos/PosteDeLuz_Destruido_02.prefab
  artifactKey: Guid(e02021d94ee3a43d3b2465482406285c) Importer(2089858483,192608db42251d675da83286b1cce702)
Start importing Assets/Prefabs/Aderecos/PosteDeLuz_Destruido_02.prefab using Guid(e02021d94ee3a43d3b2465482406285c) Importer(2089858483,192608db42251d675da83286b1cce702) (ScriptedImporter) -> (artifact id: 'a628aeab9436d5b8a221844c3f4efffd') in 0.0214804 seconds
Number of updated asset objects reloaded before import = 0Number of asset objects unloaded after import = 8

========================================================================
Received Import Request.
  Time since last request: 0.000015 seconds.
  path: Assets/Prefabs/Aderecos/Pilha_Caixas_Grande_01.prefab
  artifactKey: Guid(0723e5e48596d415e80197eb1f984803) Importer(2089858483,192608db42251d675da83286b1cce702)
Start importing Assets/Prefabs/Aderecos/Pilha_Caixas_Grande_01.prefab using Guid(0723e5e48596d415e80197eb1f984803) Importer(2089858483,192608db42251d675da83286b1cce702) (ScriptedImporter) -> (artifact id: '0422495c6d72358a24f0aad8ace0c2ee') in 0.0221964 seconds
Number of updated asset objects reloaded before import = 0Number of asset objects unloaded after import = 8

========================================================================
Received Import Request.
  Time since last request: 0.000017 seconds.
  path: Assets/Prefabs/Aderecos/Ruina_Predio_02.prefab
  artifactKey: Guid(7f4989fafcd12417cb948961759569f2) Importer(2089858483,192608db42251d675da83286b1cce702)
Start importing Assets/Prefabs/Aderecos/Ruina_Predio_02.prefab using Guid(7f4989fafcd12417cb948961759569f2) Importer(2089858483,192608db42251d675da83286b1cce702) (ScriptedImporter) -> (artifact id: 'dd9872b40d1902c9f06a97f0c471626d') in 0.0216088 seconds
Number of updated asset objects reloaded before import = 0Number of asset objects unloaded after import = 8

========================================================================
Received Import Request.
  Time since last request: 0.000015 seconds.
  path: Assets/Prefabs/Aderecos/Ruina_Predio_01.prefab
  artifactKey: Guid(d147198ed5285430eb0147585a5eaee9) Importer(2089858483,192608db42251d675da83286b1cce702)
Start importing Assets/Prefabs/Aderecos/Ruina_Predio_01.prefab using Guid(d147198ed5285430eb0147585a5eaee9) Importer(2089858483,192608db42251d675da83286b1cce702) (ScriptedImporter) -> (artifact id: '3f7181d3cde5357922e08ae0c7e89941') in 0.0195746 seconds
Number of updated asset objects reloaded before import = 0Number of asset objects unloaded after import = 8

========================================================================
Received Import Request.
  Time since last request: 0.000015 seconds.
  path: Assets/Prefabs/Aderecos/PilhaDeLixo_01.prefab
  artifactKey: Guid(a0d7c2d21a44b4d9cb6b9d5875343633) Importer(2089858483,192608db42251d675da83286b1cce702)
Start importing Assets/Prefabs/Aderecos/PilhaDeLixo_01.prefab using Guid(a0d7c2d21a44b4d9cb6b9d5875343633) Importer(2089858483,192608db42251d675da83286b1cce702) (ScriptedImporter) -> (artifact id: 'd73b53472af4e0a3ce7b865a6c64c18b') in 0.0224246 seconds
Number of updated asset objects reloaded before import = 0Number of asset objects unloaded after import = 8

========================================================================
Received Import Request.
  Time since last request: 0.000034 seconds.
  path: Assets/Prefabs/Aderecos/SacoDeDormir_01.prefab
  artifactKey: Guid(02812f1e6340a40149c17aec0110a862) Importer(2089858483,192608db42251d675da83286b1cce702)
Start importing Assets/Prefabs/Aderecos/SacoDeDormir_01.prefab using Guid(02812f1e6340a40149c17aec0110a862) Importer(2089858483,192608db42251d675da83286b1cce702) (ScriptedImporter) -> (artifact id: 'e72d1f87da224fcae16183913d258280') in 0.0196696 seconds
Number of updated asset objects reloaded before import = 0Number of asset objects unloaded after import = 8

========================================================================
Received Import Request.
  Time since last request: 0.000015 seconds.
  path: Assets/Prefabs/Aderecos/Sangue_01.prefab
  artifactKey: Guid(96d6942f5171943ec9ab4b18d2947652) Importer(2089858483,192608db42251d675da83286b1cce702)
Start importing Assets/Prefabs/Aderecos/Sangue_01.prefab using Guid(96d6942f5171943ec9ab4b18d2947652) Importer(2089858483,192608db42251d675da83286b1cce702) (ScriptedImporter) -> (artifact id: 'cadbf4ee8e9e46786225409911114132') in 0.0209585 seconds
Number of updated asset objects reloaded before import = 0Number of asset objects unloaded after import = 8

========================================================================
Received Import Request.
  Time since last request: 0.000017 seconds.
  path: Assets/Modelos3D/Ambiente/Rua_Reta_Grande_Destruido.fbx
  artifactKey: Guid(fc45cef01b5b9cd4d9a324b27cc37a48) Importer(2089858483,192608db42251d675da83286b1cce702)
Start importing Assets/Modelos3D/Ambiente/Rua_Reta_Grande_Destruido.fbx using Guid(fc45cef01b5b9cd4d9a324b27cc37a48) Importer(2089858483,192608db42251d675da83286b1cce702) (ScriptedImporter) -> (artifact id: '54136eb00a61e781e6e16ec5341c594a') in 0.0390682 seconds
Number of updated asset objects reloaded before import = 0Number of asset objects unloaded after import = 7

========================================================================
Received Import Request.
  Time since last request: 0.000016 seconds.
  path: Assets/Prefabs/Aderecos/Sangue_03.prefab
  artifactKey: Guid(feab458fbacb44befa4a717dd55c7cfa) Importer(2089858483,192608db42251d675da83286b1cce702)
Start importing Assets/Prefabs/Aderecos/Sangue_03.prefab using Guid(feab458fbacb44befa4a717dd55c7cfa) Importer(2089858483,192608db42251d675da83286b1cce702) (ScriptedImporter) -> (artifact id: '2627e03d7bcc9ad0b3f028f3b0a6522e') in 0.0215283 seconds
Number of updated asset objects reloaded before import = 0Number of asset objects unloaded after import = 8

========================================================================
Received Import Request.
  Time since last request: 0.000018 seconds.
  path: Assets/Prefabs/Ambiente/ParedeTijolos_Destruido_02.prefab
  artifactKey: Guid(8974264a32fcf4089ad8e008af89b049) Importer(2089858483,192608db42251d675da83286b1cce702)
Start importing Assets/Prefabs/Ambiente/ParedeTijolos_Destruido_02.prefab using Guid(8974264a32fcf4089ad8e008af89b049) Importer(2089858483,192608db42251d675da83286b1cce702) (ScriptedImporter) -> (artifact id: '51f38fcba9075e0fe792693d46dec94e') in 0.0186425 seconds
Number of updated asset objects reloaded before import = 0Number of asset objects unloaded after import = 8

========================================================================
Received Import Request.
  Time since last request: 0.000017 seconds.
  path: Assets/Prefabs/Ambiente/ParedeTijolos_Destruido_01.prefab
  artifactKey: Guid(fb0717d22731641ffa17f7938709c24a) Importer(2089858483,192608db42251d675da83286b1cce702)
Start importing Assets/Prefabs/Ambiente/ParedeTijolos_Destruido_01.prefab using Guid(fb0717d22731641ffa17f7938709c24a) Importer(2089858483,192608db42251d675da83286b1cce702) (ScriptedImporter) -> (artifact id: '5c8e650c0737f462caf8b4e78163bba8') in 0.0235798 seconds
Number of updated asset objects reloaded before import = 0Number of asset objects unloaded after import = 8

========================================================================
Received Import Request.
  Time since last request: 0.000017 seconds.
  path: Assets/Prefabs/Aderecos/Sofa_Destruido_01.prefab
  artifactKey: Guid(a90b9b20a3258468fad8d4250ee31a7a) Importer(2089858483,192608db42251d675da83286b1cce702)
Start importing Assets/Prefabs/Aderecos/Sofa_Destruido_01.prefab using Guid(a90b9b20a3258468fad8d4250ee31a7a) Importer(2089858483,192608db42251d675da83286b1cce702) (ScriptedImporter) -> (artifact id: '59773c38063c322dea19a3771a33fbd7') in 0.0222506 seconds
Number of updated asset objects reloaded before import = 0Number of asset objects unloaded after import = 8

========================================================================
Received Import Request.
  Time since last request: 0.000016 seconds.
  path: Assets/Prefabs/Ambiente/ParedeTijolos_01.prefab
  artifactKey: Guid(bec1efa2b295d4ecdbe8309f846111e7) Importer(2089858483,192608db42251d675da83286b1cce702)
Start importing Assets/Prefabs/Ambiente/ParedeTijolos_01.prefab using Guid(bec1efa2b295d4ecdbe8309f846111e7) Importer(2089858483,192608db42251d675da83286b1cce702) (ScriptedImporter) -> (artifact id: '8c8095e5f06a9d8b0c6c8245e1d3ba1a') in 0.0222376 seconds
Number of updated asset objects reloaded before import = 0Number of asset objects unloaded after import = 8

========================================================================
Received Import Request.
  Time since last request: 0.000293 seconds.
  path: Assets/Prefabs/Ambiente/Concreto.prefab
  artifactKey: Guid(c9f0de4d804d840c383edaaac31b4816) Importer(2089858483,192608db42251d675da83286b1cce702)
Start importing Assets/Prefabs/Ambiente/Concreto.prefab using Guid(c9f0de4d804d840c383edaaac31b4816) Importer(2089858483,192608db42251d675da83286b1cce702) (ScriptedImporter) -> (artifact id: '793090088f0f4f2b8e482f6827d1dd76') in 0.0261723 seconds
Number of updated asset objects reloaded before import = 0Number of asset objects unloaded after import = 8

========================================================================
Received Import Request.
  Time since last request: 0.000237 seconds.
  path: Assets/Prefabs/Ambiente/Corpo_01.prefab
  artifactKey: Guid(3dd360ce3b8ce4348a56a2117b0ec565) Importer(2089858483,192608db42251d675da83286b1cce702)
Start importing Assets/Prefabs/Ambiente/Corpo_01.prefab using Guid(3dd360ce3b8ce4348a56a2117b0ec565) Importer(2089858483,192608db42251d675da83286b1cce702) (ScriptedImporter) -> (artifact id: '4dd7197569fa425a95fecbd97bdf70d6') in 0.0226867 seconds
Number of updated asset objects reloaded before import = 0Number of asset objects unloaded after import = 8

========================================================================
Received Import Request.
  Time since last request: 0.000015 seconds.
  path: Assets/Prefabs/Ambiente/ParedeTijolos_02.prefab
  artifactKey: Guid(0b76d7f1a737248a59eb5b1fef8f7ba4) Importer(2089858483,192608db42251d675da83286b1cce702)
Start importing Assets/Prefabs/Ambiente/ParedeTijolos_02.prefab using Guid(0b76d7f1a737248a59eb5b1fef8f7ba4) Importer(2089858483,192608db42251d675da83286b1cce702) (ScriptedImporter) -> (artifact id: '7c3e1b09af85b76d0579d016811be352') in 0.024704 seconds
Number of updated asset objects reloaded before import = 0Number of asset objects unloaded after import = 8

========================================================================
Received Import Request.
  Time since last request: 0.000015 seconds.
  path: Assets/Prefabs/Aderecos/Sofa_Destruido_02.prefab
  artifactKey: Guid(4cc74d9bd79ee43259b480b6552d9e27) Importer(2089858483,192608db42251d675da83286b1cce702)
Start importing Assets/Prefabs/Aderecos/Sofa_Destruido_02.prefab using Guid(4cc74d9bd79ee43259b480b6552d9e27) Importer(2089858483,192608db42251d675da83286b1cce702) (ScriptedImporter) -> (artifact id: 'faa05071035cf3128ce047a5e885e744') in 0.021948 seconds
Number of updated asset objects reloaded before import = 0Number of asset objects unloaded after import = 8

========================================================================
Received Import Request.
  Time since last request: 0.000015 seconds.
  path: Assets/Prefabs/Ambiente/Piscina.prefab
  artifactKey: Guid(a9bcb687c787d4ae8bfcc6b211b50c52) Importer(2089858483,192608db42251d675da83286b1cce702)
Start importing Assets/Prefabs/Ambiente/Piscina.prefab using Guid(a9bcb687c787d4ae8bfcc6b211b50c52) Importer(2089858483,192608db42251d675da83286b1cce702) (ScriptedImporter) -> (artifact id: '46f049de7de367a551ec1aa4e8e50457') in 0.0228473 seconds
Number of updated asset objects reloaded before import = 0Number of asset objects unloaded after import = 18

========================================================================
Received Import Request.
  Time since last request: 0.000068 seconds.
  path: Assets/Prefabs/Ambiente/Corpo_04.prefab
  artifactKey: Guid(699151621d99342d5842357d731c71c8) Importer(2089858483,192608db42251d675da83286b1cce702)
Start importing Assets/Prefabs/Ambiente/Corpo_04.prefab using Guid(699151621d99342d5842357d731c71c8) Importer(2089858483,192608db42251d675da83286b1cce702) (ScriptedImporter) -> (artifact id: '49fd59ea9c455e2819722fec8a323d98') in 0.0247659 seconds
Number of updated asset objects reloaded before import = 0Number of asset objects unloaded after import = 8

========================================================================
Received Import Request.
  Time since last request: 0.000016 seconds.
  path: Assets/Prefabs/Aderecos/Semaforo_Destruido_02.prefab
  artifactKey: Guid(720ada0a3f31b4b93b39fad00fd7478d) Importer(2089858483,192608db42251d675da83286b1cce702)
Start importing Assets/Prefabs/Aderecos/Semaforo_Destruido_02.prefab using Guid(720ada0a3f31b4b93b39fad00fd7478d) Importer(2089858483,192608db42251d675da83286b1cce702) (ScriptedImporter) -> (artifact id: '6c034dcb89797745a2f6f7ff75d3b982') in 0.0244322 seconds
Number of updated asset objects reloaded before import = 0Number of asset objects unloaded after import = 8

========================================================================
Received Import Request.
  Time since last request: 0.000016 seconds.
  path: Assets/Prefabs/Aderecos/Semaforo_Destruido_01.prefab
  artifactKey: Guid(5cf79f2646ba14a8bad0a045b2ddb8a8) Importer(2089858483,192608db42251d675da83286b1cce702)
Start importing Assets/Prefabs/Aderecos/Semaforo_Destruido_01.prefab using Guid(5cf79f2646ba14a8bad0a045b2ddb8a8) Importer(2089858483,192608db42251d675da83286b1cce702) (ScriptedImporter) -> (artifact id: '2b18717906eabbde831e70f61a54865c') in 0.0210824 seconds
Number of updated asset objects reloaded before import = 0Number of asset objects unloaded after import = 8

========================================================================
Received Import Request.
  Time since last request: 0.000035 seconds.
  path: Assets/Prefabs/Aderecos/TorreDeVigia.prefab
  artifactKey: Guid(8daaf7abbe3b4441789ee18b2de96969) Importer(2089858483,192608db42251d675da83286b1cce702)
Start importing Assets/Prefabs/Aderecos/TorreDeVigia.prefab using Guid(8daaf7abbe3b4441789ee18b2de96969) Importer(2089858483,192608db42251d675da83286b1cce702) (ScriptedImporter) -> (artifact id: 'e0ffec4cfbe27f90eb606964ddd265f2') in 0.023827 seconds
Number of updated asset objects reloaded before import = 0Number of asset objects unloaded after import = 8

========================================================================
Received Import Request.
  Time since last request: 0.000021 seconds.
  path: Assets/Prefabs/Ambiente/Acampamento.prefab
  artifactKey: Guid(826ffb351079f4d82872f95f134ea007) Importer(2089858483,192608db42251d675da83286b1cce702)
Start importing Assets/Prefabs/Ambiente/Acampamento.prefab using Guid(826ffb351079f4d82872f95f134ea007) Importer(2089858483,192608db42251d675da83286b1cce702) (ScriptedImporter) -> (artifact id: '9585ac4d6ea73047ab0ff2864eadceed') in 0.0220896 seconds
Number of updated asset objects reloaded before import = 0Number of asset objects unloaded after import = 8

========================================================================
Received Import Request.
  Time since last request: 0.000017 seconds.
  path: Assets/Prefabs/Aderecos/TV_Destruido.prefab
  artifactKey: Guid(5436b5dd6cbb948e9a10aba7f019fca8) Importer(2089858483,192608db42251d675da83286b1cce702)
Start importing Assets/Prefabs/Aderecos/TV_Destruido.prefab using Guid(5436b5dd6cbb948e9a10aba7f019fca8) Importer(2089858483,192608db42251d675da83286b1cce702) (ScriptedImporter) -> (artifact id: '646e70f453aa9911358fc6f7c582bb94') in 0.0222492 seconds
Number of updated asset objects reloaded before import = 0Number of asset objects unloaded after import = 8

========================================================================
Received Import Request.
  Time since last request: 0.000026 seconds.
  path: Assets/Prefabs/Ambiente/Corpo_02.prefab
  artifactKey: Guid(a3337e2d25d7f4a5c9cd2429db45a2ad) Importer(2089858483,192608db42251d675da83286b1cce702)
Start importing Assets/Prefabs/Ambiente/Corpo_02.prefab using Guid(a3337e2d25d7f4a5c9cd2429db45a2ad) Importer(2089858483,192608db42251d675da83286b1cce702) (ScriptedImporter) -> (artifact id: '35ed2889256653f037f739a15ec9b0b7') in 0.0244272 seconds
Number of updated asset objects reloaded before import = 0Number of asset objects unloaded after import = 8

========================================================================
Received Import Request.
  Time since last request: 0.000017 seconds.
  path: Assets/Prefabs/Aderecos/Sofa_Destruido_03.prefab
  artifactKey: Guid(572cd701d1dbd4ead997e8e817dee37c) Importer(2089858483,192608db42251d675da83286b1cce702)
Start importing Assets/Prefabs/Aderecos/Sofa_Destruido_03.prefab using Guid(572cd701d1dbd4ead997e8e817dee37c) Importer(2089858483,192608db42251d675da83286b1cce702) (ScriptedImporter) -> (artifact id: 'be3eaa684d6303a176dc050992280c3a') in 0.0178993 seconds
Number of updated asset objects reloaded before import = 0Number of asset objects unloaded after import = 8

========================================================================
Received Import Request.
  Time since last request: 0.000016 seconds.
  path: Assets/Prefabs/Aderecos/Semaforo.prefab
  artifactKey: Guid(16111edfb9b07438fb8856681ed9208e) Importer(2089858483,192608db42251d675da83286b1cce702)
Start importing Assets/Prefabs/Aderecos/Semaforo.prefab using Guid(16111edfb9b07438fb8856681ed9208e) Importer(2089858483,192608db42251d675da83286b1cce702) (ScriptedImporter) -> (artifact id: '2e8991d0df088611aacb73a362be8e5a') in 0.0239544 seconds
Number of updated asset objects reloaded before import = 0Number of asset objects unloaded after import = 8

========================================================================
Received Import Request.
  Time since last request: 0.000017 seconds.
  path: Assets/Prefabs/Aderecos/VasoSanitario.prefab
  artifactKey: Guid(8825dc42d93d1473d80f71558d4c683c) Importer(2089858483,192608db42251d675da83286b1cce702)
Start importing Assets/Prefabs/Aderecos/VasoSanitario.prefab using Guid(8825dc42d93d1473d80f71558d4c683c) Importer(2089858483,192608db42251d675da83286b1cce702) (ScriptedImporter) -> (artifact id: '4e113cfa7ea005c56a21df97330dde43') in 0.0240823 seconds
Number of updated asset objects reloaded before import = 0Number of asset objects unloaded after import = 8

========================================================================
Received Import Request.
  Time since last request: 0.000017 seconds.
  path: Assets/Prefabs/Ambiente/ParedeTijolos_Destruido_03.prefab
  artifactKey: Guid(9e2af9760e7354a60b4a92ecdd9bd566) Importer(2089858483,192608db42251d675da83286b1cce702)
Start importing Assets/Prefabs/Ambiente/ParedeTijolos_Destruido_03.prefab using Guid(9e2af9760e7354a60b4a92ecdd9bd566) Importer(2089858483,192608db42251d675da83286b1cce702) (ScriptedImporter) -> (artifact id: '6213b0cdb06b8caf6499a1bc122e9f49') in 0.0208897 seconds
Number of updated asset objects reloaded before import = 0Number of asset objects unloaded after import = 8

========================================================================
Received Import Request.
  Time since last request: 0.000017 seconds.
  path: Assets/Prefabs/Ambiente/Rua_T.prefab
  artifactKey: Guid(417f148e4549341348fb7d602123630e) Importer(2089858483,192608db42251d675da83286b1cce702)
Start importing Assets/Prefabs/Ambiente/Rua_T.prefab using Guid(417f148e4549341348fb7d602123630e) Importer(2089858483,192608db42251d675da83286b1cce702) (ScriptedImporter) -> (artifact id: '73ceac26f411e16d0f74bd0b0263a2da') in 0.019393 seconds
Number of updated asset objects reloaded before import = 0Number of asset objects unloaded after import = 8

========================================================================
Received Import Request.
  Time since last request: 0.000017 seconds.
  path: Assets/Prefabs/Ambiente/Rua_Reta_Grande_Destruido_02.prefab
  artifactKey: Guid(3623014e57a5d4438ad08b4c92f8005f) Importer(2089858483,192608db42251d675da83286b1cce702)
Start importing Assets/Prefabs/Ambiente/Rua_Reta_Grande_Destruido_02.prefab using Guid(3623014e57a5d4438ad08b4c92f8005f) Importer(2089858483,192608db42251d675da83286b1cce702) (ScriptedImporter) -> (artifact id: '82fd063b3f3613813492d26214c281f9') in 0.0215154 seconds
Number of updated asset objects reloaded before import = 0Number of asset objects unloaded after import = 8

========================================================================
Received Import Request.
  Time since last request: 0.000017 seconds.
  path: Assets/Prefabs/Ambiente/Rua_Canto.prefab
  artifactKey: Guid(68d2e588be11c45b5bcef522aa3f7cca) Importer(2089858483,192608db42251d675da83286b1cce702)
Start importing Assets/Prefabs/Ambiente/Rua_Canto.prefab using Guid(68d2e588be11c45b5bcef522aa3f7cca) Importer(2089858483,192608db42251d675da83286b1cce702) (ScriptedImporter) -> (artifact id: '25c0b81c3d3fdd606d7912ced382ce28') in 0.021186 seconds
Number of updated asset objects reloaded before import = 0Number of asset objects unloaded after import = 8

========================================================================
Received Import Request.
  Time since last request: 0.000016 seconds.
  path: Assets/Prefabs/Ambiente/Rua_Reta_Grande_Destruido_04.prefab
  artifactKey: Guid(2e405b93930f84c8e865cf6973ffe431) Importer(2089858483,192608db42251d675da83286b1cce702)
Start importing Assets/Prefabs/Ambiente/Rua_Reta_Grande_Destruido_04.prefab using Guid(2e405b93930f84c8e865cf6973ffe431) Importer(2089858483,192608db42251d675da83286b1cce702) (ScriptedImporter) -> (artifact id: '24c07440ac157eb420a19d22fec0c49f') in 0.0211926 seconds
Number of updated asset objects reloaded before import = 0Number of asset objects unloaded after import = 8

========================================================================
Received Import Request.
  Time since last request: 0.000015 seconds.
  path: Assets/Prefabs/Ambiente/Terra_01.prefab
  artifactKey: Guid(65230f962a0a9462d99fcc669858b9a8) Importer(2089858483,192608db42251d675da83286b1cce702)
Start importing Assets/Prefabs/Ambiente/Terra_01.prefab using Guid(65230f962a0a9462d99fcc669858b9a8) Importer(2089858483,192608db42251d675da83286b1cce702) (ScriptedImporter) -> (artifact id: '359e5e1ef527d1f8550ec5cfce853b6d') in 0.0184701 seconds
Number of updated asset objects reloaded before import = 0Number of asset objects unloaded after import = 8

========================================================================
Received Import Request.
  Time since last request: 0.000019 seconds.
  path: Assets/Prefabs/Ambiente/Placa_Perigo.prefab
  artifactKey: Guid(dcd1599af06eb42eead288eb377584bc) Importer(2089858483,192608db42251d675da83286b1cce702)
Start importing Assets/Prefabs/Ambiente/Placa_Perigo.prefab using Guid(dcd1599af06eb42eead288eb377584bc) Importer(2089858483,192608db42251d675da83286b1cce702) (ScriptedImporter) -> (artifact id: '04629a5f9e48ea960efc69629c22b010') in 0.0201554 seconds
Number of updated asset objects reloaded before import = 0Number of asset objects unloaded after import = 8

========================================================================
Received Import Request.
  Time since last request: 0.000025 seconds.
  path: Assets/Prefabs/Ambiente/Rua_Destruido.prefab
  artifactKey: Guid(5a1120ee5136945d3bccabf5a9f29933) Importer(2089858483,192608db42251d675da83286b1cce702)
Start importing Assets/Prefabs/Ambiente/Rua_Destruido.prefab using Guid(5a1120ee5136945d3bccabf5a9f29933) Importer(2089858483,192608db42251d675da83286b1cce702) (ScriptedImporter) -> (artifact id: 'eacca657bc45cec0bd55bf72479e5796') in 0.0199613 seconds
Number of updated asset objects reloaded before import = 0Number of asset objects unloaded after import = 8

========================================================================
Received Import Request.
  Time since last request: 0.000070 seconds.
  path: Assets/Prefabs/Ambiente/Rua_Reta_Grande_Destruido_03.prefab
  artifactKey: Guid(5e34baacfa1cf486d864bca83e6bd6d1) Importer(2089858483,192608db42251d675da83286b1cce702)
Start importing Assets/Prefabs/Ambiente/Rua_Reta_Grande_Destruido_03.prefab using Guid(5e34baacfa1cf486d864bca83e6bd6d1) Importer(2089858483,192608db42251d675da83286b1cce702) (ScriptedImporter) -> (artifact id: '5740e7822d5c37da618c95169c5b5214') in 0.0213055 seconds
Number of updated asset objects reloaded before import = 0Number of asset objects unloaded after import = 8

========================================================================
Received Import Request.
  Time since last request: 0.000017 seconds.
  path: Assets/Prefabs/Ambiente/Rua_Reta_Grande_Destruido_06.prefab
  artifactKey: Guid(6b2b4dd5fec8e4c32b71936101bbf862) Importer(2089858483,192608db42251d675da83286b1cce702)
Start importing Assets/Prefabs/Ambiente/Rua_Reta_Grande_Destruido_06.prefab using Guid(6b2b4dd5fec8e4c32b71936101bbf862) Importer(2089858483,192608db42251d675da83286b1cce702) (ScriptedImporter) -> (artifact id: 'b0c0451adef818797d38fe0cc4bc2459') in 0.0203769 seconds
Number of updated asset objects reloaded before import = 0Number of asset objects unloaded after import = 8

========================================================================
Received Import Request.
  Time since last request: 0.000016 seconds.
  path: Assets/Prefabs/Ambiente/Rua_Reta_Grande_Destruido.prefab
  artifactKey: Guid(165c63e06bedd476890c8366e8b09d85) Importer(2089858483,192608db42251d675da83286b1cce702)
Start importing Assets/Prefabs/Ambiente/Rua_Reta_Grande_Destruido.prefab using Guid(165c63e06bedd476890c8366e8b09d85) Importer(2089858483,192608db42251d675da83286b1cce702) (ScriptedImporter) -> (artifact id: 'be33ba7263cf2980890a88a74130db87') in 0.0187488 seconds
Number of updated asset objects reloaded before import = 0Number of asset objects unloaded after import = 8

========================================================================
Received Import Request.
  Time since last request: 0.000016 seconds.
  path: Assets/Prefabs/Ambiente/Rua_Cruz_Destruido.prefab
  artifactKey: Guid(951d2e6b926174346bb90f32e564a716) Importer(2089858483,192608db42251d675da83286b1cce702)
Start importing Assets/Prefabs/Ambiente/Rua_Cruz_Destruido.prefab using Guid(951d2e6b926174346bb90f32e564a716) Importer(2089858483,192608db42251d675da83286b1cce702) (ScriptedImporter) -> (artifact id: '42a2f2f8e897ee496a519b5a6c77ba73') in 0.021812 seconds
Number of updated asset objects reloaded before import = 0Number of asset objects unloaded after import = 8

========================================================================
Received Import Request.
  Time since last request: 0.000016 seconds.
  path: Assets/Prefabs/Ambiente/Rua_Curva_Direita_01.prefab
  artifactKey: Guid(c3eb3bd04d2324d16a0fd5fe37b39085) Importer(2089858483,192608db42251d675da83286b1cce702)
Start importing Assets/Prefabs/Ambiente/Rua_Curva_Direita_01.prefab using Guid(c3eb3bd04d2324d16a0fd5fe37b39085) Importer(2089858483,192608db42251d675da83286b1cce702) (ScriptedImporter) -> (artifact id: '40c443999dbaf7d7cbb378ee71b2fd43') in 0.0539682 seconds
Number of updated asset objects reloaded before import = 0Number of asset objects unloaded after import = 8

========================================================================
Received Import Request.
  Time since last request: 0.000014 seconds.
  path: Assets/Prefabs/Ambiente/Rua_Reta_Grande_Destruido_05.prefab
  artifactKey: Guid(65666f9a15a8a4e3784ca7b588e77868) Importer(2089858483,192608db42251d675da83286b1cce702)
Start importing Assets/Prefabs/Ambiente/Rua_Reta_Grande_Destruido_05.prefab using Guid(65666f9a15a8a4e3784ca7b588e77868) Importer(2089858483,192608db42251d675da83286b1cce702) (ScriptedImporter) -> (artifact id: '6709fe6e0c26d2212f2396d1a519cbb8') in 0.0185522 seconds
Number of updated asset objects reloaded before import = 0Number of asset objects unloaded after import = 8

========================================================================
Received Import Request.
  Time since last request: 0.000018 seconds.
  path: Assets/Prefabs/Ambiente/Rua_Reta_Destruido.prefab
  artifactKey: Guid(47e46aa59b0de4f1d8340027646da715) Importer(2089858483,192608db42251d675da83286b1cce702)
Start importing Assets/Prefabs/Ambiente/Rua_Reta_Destruido.prefab using Guid(47e46aa59b0de4f1d8340027646da715) Importer(2089858483,192608db42251d675da83286b1cce702) (ScriptedImporter) -> (artifact id: 'e791ede49ad2c49a51a2f2d18700af74') in 0.0224635 seconds
Number of updated asset objects reloaded before import = 0Number of asset objects unloaded after import = 8

========================================================================
Received Import Request.
  Time since last request: 0.000019 seconds.
  path: Assets/Prefabs/Ambiente/Rua_Reta.prefab
  artifactKey: Guid(bf4e53320739441f58d231c2ee884b66) Importer(2089858483,192608db42251d675da83286b1cce702)
Start importing Assets/Prefabs/Ambiente/Rua_Reta.prefab using Guid(bf4e53320739441f58d231c2ee884b66) Importer(2089858483,192608db42251d675da83286b1cce702) (ScriptedImporter) -> (artifact id: '675d3566f12f59f9ec5646543c0caa20') in 0.0171433 seconds
Number of updated asset objects reloaded before import = 0Number of asset objects unloaded after import = 8

========================================================================
Received Import Request.
  Time since last request: 0.000024 seconds.
  path: Assets/Prefabs/Ambiente/Rua_Quadrado.prefab
  artifactKey: Guid(0ad97ea479e1e4c6e941563750dbf44e) Importer(2089858483,192608db42251d675da83286b1cce702)
Start importing Assets/Prefabs/Ambiente/Rua_Quadrado.prefab using Guid(0ad97ea479e1e4c6e941563750dbf44e) Importer(2089858483,192608db42251d675da83286b1cce702) (ScriptedImporter) -> (artifact id: 'e85f71b2698333292ae616632dca069d') in 0.0214943 seconds
Number of updated asset objects reloaded before import = 0Number of asset objects unloaded after import = 8

========================================================================
Received Import Request.
  Time since last request: 0.000015 seconds.
  path: Assets/Prefabs/Ambiente/Quadra.prefab
  artifactKey: Guid(5433f7b287ec94b759160a02a3fddf28) Importer(2089858483,192608db42251d675da83286b1cce702)
Start importing Assets/Prefabs/Ambiente/Quadra.prefab using Guid(5433f7b287ec94b759160a02a3fddf28) Importer(2089858483,192608db42251d675da83286b1cce702) (ScriptedImporter) -> (artifact id: 'b115cba3e52dfc09e007306682660d75') in 0.0221556 seconds
Number of updated asset objects reloaded before import = 0Number of asset objects unloaded after import = 8

========================================================================
Received Import Request.
  Time since last request: 0.000016 seconds.
  path: Assets/Prefabs/Ambiente/Rua_Curva_Esquerda_01.prefab
  artifactKey: Guid(c3cca40f90d3840e18a0e6d3f39a8310) Importer(2089858483,192608db42251d675da83286b1cce702)
Start importing Assets/Prefabs/Ambiente/Rua_Curva_Esquerda_01.prefab using Guid(c3cca40f90d3840e18a0e6d3f39a8310) Importer(2089858483,192608db42251d675da83286b1cce702) (ScriptedImporter) -> (artifact id: 'b09dce4b7fa45c49e996cb2d6e056988') in 0.0189393 seconds
Number of updated asset objects reloaded before import = 0Number of asset objects unloaded after import = 8

========================================================================
Received Import Request.
  Time since last request: 0.000016 seconds.
  path: Assets/Prefabs/Ambiente/Rua_Cruz.prefab
  artifactKey: Guid(8f35cfd7f2f494ec987c0f3b081fbee7) Importer(2089858483,192608db42251d675da83286b1cce702)
Start importing Assets/Prefabs/Ambiente/Rua_Cruz.prefab using Guid(8f35cfd7f2f494ec987c0f3b081fbee7) Importer(2089858483,192608db42251d675da83286b1cce702) (ScriptedImporter) -> (artifact id: 'c84fc1f691f1568201406b858cc2256b') in 0.0218424 seconds
Number of updated asset objects reloaded before import = 0Number of asset objects unloaded after import = 8

========================================================================
Received Import Request.
  Time since last request: 0.000016 seconds.
  path: Assets/Prefabs/Ambiente/Concreto_Destruido.prefab
  artifactKey: Guid(6488e0f5cce444ddeb6c3d72343e89bb) Importer(2089858483,192608db42251d675da83286b1cce702)
Start importing Assets/Prefabs/Ambiente/Concreto_Destruido.prefab using Guid(6488e0f5cce444ddeb6c3d72343e89bb) Importer(2089858483,192608db42251d675da83286b1cce702) (ScriptedImporter) -> (artifact id: '61519cee36ff52c09c36f74d115f1a89') in 0.0185679 seconds
Number of updated asset objects reloaded before import = 0Number of asset objects unloaded after import = 8

========================================================================
Received Import Request.
  Time since last request: 0.000016 seconds.
  path: Assets/Prefabs/Ambiente/Corpo_03.prefab
  artifactKey: Guid(d1851c0a8f9ff4c9ab58e34e42f9401f) Importer(2089858483,192608db42251d675da83286b1cce702)
Start importing Assets/Prefabs/Ambiente/Corpo_03.prefab using Guid(d1851c0a8f9ff4c9ab58e34e42f9401f) Importer(2089858483,192608db42251d675da83286b1cce702) (ScriptedImporter) -> (artifact id: 'dd09c63d97009f60bdedeea8fcc7d959') in 0.0192903 seconds
Number of updated asset objects reloaded before import = 0Number of asset objects unloaded after import = 8

========================================================================
Received Import Request.
  Time since last request: 0.000017 seconds.
  path: Assets/Prefabs/Ambiente/Rua_FaixaDePedestre_01.prefab
  artifactKey: Guid(0ed558ca472d74487967f521f5e503d7) Importer(2089858483,192608db42251d675da83286b1cce702)
Start importing Assets/Prefabs/Ambiente/Rua_FaixaDePedestre_01.prefab using Guid(0ed558ca472d74487967f521f5e503d7) Importer(2089858483,192608db42251d675da83286b1cce702) (ScriptedImporter) -> (artifact id: 'c0e72628745a27e2944d3d9d444f4c46') in 0.0203501 seconds
Number of updated asset objects reloaded before import = 0Number of asset objects unloaded after import = 8

========================================================================
Received Import Request.
  Time since last request: 0.000017 seconds.
  path: Assets/Prefabs/Ambiente/Rua_Reta_Grande_Destruido_01.prefab
  artifactKey: Guid(a4458a005c6f447888ae058d01ed4041) Importer(2089858483,192608db42251d675da83286b1cce702)
Start importing Assets/Prefabs/Ambiente/Rua_Reta_Grande_Destruido_01.prefab using Guid(a4458a005c6f447888ae058d01ed4041) Importer(2089858483,192608db42251d675da83286b1cce702) (ScriptedImporter) -> (artifact id: '36cd72ecf625c45ce3d3781763058ddc') in 0.019722 seconds
Number of updated asset objects reloaded before import = 0Number of asset objects unloaded after import = 8

========================================================================
Received Import Request.
  Time since last request: 0.000017 seconds.
  path: Assets/Prefabs/Construcoes/Apartamentos_Destruido_02.prefab
  artifactKey: Guid(87ba5f95919ec4e84838f3c00d028df2) Importer(2089858483,192608db42251d675da83286b1cce702)
Start importing Assets/Prefabs/Construcoes/Apartamentos_Destruido_02.prefab using Guid(87ba5f95919ec4e84838f3c00d028df2) Importer(2089858483,192608db42251d675da83286b1cce702) (ScriptedImporter) -> (artifact id: 'f21835db07bf507d56e66d9f7c002600') in 0.0229368 seconds
Number of updated asset objects reloaded before import = 0Number of asset objects unloaded after import = 18

========================================================================
Received Import Request.
  Time since last request: 0.000016 seconds.
  path: Assets/Prefabs/Armas/PistolaDeAgua.prefab
  artifactKey: Guid(7dd2145dbae37472ba992ebe5c01ca04) Importer(2089858483,192608db42251d675da83286b1cce702)
Start importing Assets/Prefabs/Armas/PistolaDeAgua.prefab using Guid(7dd2145dbae37472ba992ebe5c01ca04) Importer(2089858483,192608db42251d675da83286b1cce702) (ScriptedImporter) -> (artifact id: '80de14a996e48fe1a263a545ad485d27') in 0.0191467 seconds
Number of updated asset objects reloaded before import = 0Number of asset objects unloaded after import = 8

========================================================================
Received Import Request.
  Time since last request: 0.000019 seconds.
  path: Assets/Prefabs/Construcoes/Casa_Grande_Destruido_01.prefab
  artifactKey: Guid(7ec4ee57398914fc8a08527e3999214c) Importer(2089858483,192608db42251d675da83286b1cce702)
Start importing Assets/Prefabs/Construcoes/Casa_Grande_Destruido_01.prefab using Guid(7ec4ee57398914fc8a08527e3999214c) Importer(2089858483,192608db42251d675da83286b1cce702) (ScriptedImporter) -> (artifact id: 'c83d3ce280bbdcd27ed3a428a811acf2') in 0.0231178 seconds
Number of updated asset objects reloaded before import = 0Number of asset objects unloaded after import = 18

========================================================================
Received Import Request.
  Time since last request: 0.000027 seconds.
  path: Assets/Prefabs/Armas/Arm_Pregos.prefab
  artifactKey: Guid(7ae493bea4ba040659c6b7a6bb474536) Importer(2089858483,192608db42251d675da83286b1cce702)
Start importing Assets/Prefabs/Armas/Arm_Pregos.prefab using Guid(7ae493bea4ba040659c6b7a6bb474536) Importer(2089858483,192608db42251d675da83286b1cce702) (ScriptedImporter) -> (artifact id: '62ad5fb4d7bd5139f3293c93ce6ee8d5') in 0.0261213 seconds
Number of updated asset objects reloaded before import = 0Number of asset objects unloaded after import = 8

========================================================================
Received Import Request.
  Time since last request: 0.000231 seconds.
  path: Assets/Prefabs/Construcoes/Casa_Destruido_01.prefab
  artifactKey: Guid(fb103434f08824c6cbac03c4a9351aa8) Importer(2089858483,192608db42251d675da83286b1cce702)
Start importing Assets/Prefabs/Construcoes/Casa_Destruido_01.prefab using Guid(fb103434f08824c6cbac03c4a9351aa8) Importer(2089858483,192608db42251d675da83286b1cce702) (ScriptedImporter) -> (artifact id: '94007a871c1d20672ac1e418c7c5c330') in 0.0254994 seconds
Number of updated asset objects reloaded before import = 0Number of asset objects unloaded after import = 13

========================================================================
Received Import Request.
  Time since last request: 0.000016 seconds.
  path: Assets/Prefabs/Construcoes/Cafeteria_Destruido.prefab
  artifactKey: Guid(95081098b1ca349549bce602f4b0bfa6) Importer(2089858483,192608db42251d675da83286b1cce702)
Start importing Assets/Prefabs/Construcoes/Cafeteria_Destruido.prefab using Guid(95081098b1ca349549bce602f4b0bfa6) Importer(2089858483,192608db42251d675da83286b1cce702) (ScriptedImporter) -> (artifact id: 'cec52c714307db8ccb82e35a0af41cb1') in 0.0305431 seconds
Number of updated asset objects reloaded before import = 0Number of asset objects unloaded after import = 13

========================================================================
Received Import Request.
  Time since last request: 0.000018 seconds.
  path: Assets/Prefabs/Construcoes/Casa_Destruido_02.prefab
  artifactKey: Guid(3038d8e64b30a45758a2c794581af21b) Importer(2089858483,192608db42251d675da83286b1cce702)
Start importing Assets/Prefabs/Construcoes/Casa_Destruido_02.prefab using Guid(3038d8e64b30a45758a2c794581af21b) Importer(2089858483,192608db42251d675da83286b1cce702) (ScriptedImporter) -> (artifact id: '99f61532017690faa5944070d9878176') in 0.0222186 seconds
Number of updated asset objects reloaded before import = 0Number of asset objects unloaded after import = 13

========================================================================
Received Import Request.
  Time since last request: 0.000019 seconds.
  path: Assets/Prefabs/Ambiente/Terra_03.prefab
  artifactKey: Guid(0d99758f8dacb4e78b125f8de6b97a39) Importer(2089858483,192608db42251d675da83286b1cce702)
Start importing Assets/Prefabs/Ambiente/Terra_03.prefab using Guid(0d99758f8dacb4e78b125f8de6b97a39) Importer(2089858483,192608db42251d675da83286b1cce702) (ScriptedImporter) -> (artifact id: 'dd59b81d61da739c634a63577d1abe79') in 0.0276086 seconds
Number of updated asset objects reloaded before import = 0Number of asset objects unloaded after import = 8

========================================================================
Received Import Request.
  Time since last request: 0.000016 seconds.
  path: Assets/Prefabs/Armas/Pistola_USP45.prefab
  artifactKey: Guid(7aeaf467ca57e43aaaaded4bee1ec8b4) Importer(2089858483,192608db42251d675da83286b1cce702)
Start importing Assets/Prefabs/Armas/Pistola_USP45.prefab using Guid(7aeaf467ca57e43aaaaded4bee1ec8b4) Importer(2089858483,192608db42251d675da83286b1cce702) (ScriptedImporter) -> (artifact id: '0f4e4de8c6980faf434683068c1eba21') in 0.0245401 seconds
Number of updated asset objects reloaded before import = 0Number of asset objects unloaded after import = 33

========================================================================
Received Import Request.
  Time since last request: 0.000017 seconds.
  path: Assets/Prefabs/Construcoes/Apartamentos_Grande_Destruido_01.prefab
  artifactKey: Guid(4cfc1632947444d57965ab47e7863660) Importer(2089858483,192608db42251d675da83286b1cce702)
Start importing Assets/Prefabs/Construcoes/Apartamentos_Grande_Destruido_01.prefab using Guid(4cfc1632947444d57965ab47e7863660) Importer(2089858483,192608db42251d675da83286b1cce702) (ScriptedImporter) -> (artifact id: 'fe8bef176460daeacbbcdaa9de60d1f2') in 0.0198568 seconds
Number of updated asset objects reloaded before import = 0Number of asset objects unloaded after import = 18

========================================================================
Received Import Request.
  Time since last request: 0.000016 seconds.
  path: Assets/Prefabs/Armas/Pistola.prefab
  artifactKey: Guid(b5a75d52478f3443e853501f64dbae36) Importer(2089858483,192608db42251d675da83286b1cce702)
Start importing Assets/Prefabs/Armas/Pistola.prefab using Guid(b5a75d52478f3443e853501f64dbae36) Importer(2089858483,192608db42251d675da83286b1cce702) (ScriptedImporter) -> (artifact id: 'bf050b43b1031886be3cb3fe6838461a') in 0.0226799 seconds
Number of updated asset objects reloaded before import = 0Number of asset objects unloaded after import = 33

========================================================================
Received Import Request.
  Time since last request: 0.000016 seconds.
  path: Assets/Prefabs/Ambiente/Terra_Canto_01.prefab
  artifactKey: Guid(0292b0ddcce794d498bb90f74e23c86d) Importer(2089858483,192608db42251d675da83286b1cce702)
Start importing Assets/Prefabs/Ambiente/Terra_Canto_01.prefab using Guid(0292b0ddcce794d498bb90f74e23c86d) Importer(2089858483,192608db42251d675da83286b1cce702) (ScriptedImporter) -> (artifact id: '8ee4e1e6fa3c7beba8bf2b7b7b55baa2') in 0.0258411 seconds
Number of updated asset objects reloaded before import = 0Number of asset objects unloaded after import = 8

========================================================================
Received Import Request.
  Time since last request: 0.000027 seconds.
  path: Assets/Prefabs/Construcoes/Apartamentos_Destruido_01.prefab
  artifactKey: Guid(1c72eaf2db1114071901ab31deabfc1e) Importer(2089858483,192608db42251d675da83286b1cce702)
Start importing Assets/Prefabs/Construcoes/Apartamentos_Destruido_01.prefab using Guid(1c72eaf2db1114071901ab31deabfc1e) Importer(2089858483,192608db42251d675da83286b1cce702) (ScriptedImporter) -> (artifact id: 'b0491993f615366bb9239a50daf8ab86') in 0.0250436 seconds
Number of updated asset objects reloaded before import = 0Number of asset objects unloaded after import = 18

========================================================================
Received Import Request.
  Time since last request: 0.000051 seconds.
  path: Assets/Prefabs/Construcoes/Casa_Destruido.prefab
  artifactKey: Guid(b3cbcebe3cae94630b6b3fff860da16a) Importer(2089858483,192608db42251d675da83286b1cce702)
Start importing Assets/Prefabs/Construcoes/Casa_Destruido.prefab using Guid(b3cbcebe3cae94630b6b3fff860da16a) Importer(2089858483,192608db42251d675da83286b1cce702) (ScriptedImporter) -> (artifact id: '728e118bf8dc1af437097731a1db5a89') in 0.0225483 seconds
Number of updated asset objects reloaded before import = 0Number of asset objects unloaded after import = 8

========================================================================
Received Import Request.
  Time since last request: 0.000015 seconds.
  path: Assets/Prefabs/Construcoes/Casa_Grande_Destruido_02.prefab
  artifactKey: Guid(40438569dc5484247969ecc96ac9d37e) Importer(2089858483,192608db42251d675da83286b1cce702)
Start importing Assets/Prefabs/Construcoes/Casa_Grande_Destruido_02.prefab using Guid(40438569dc5484247969ecc96ac9d37e) Importer(2089858483,192608db42251d675da83286b1cce702) (ScriptedImporter) -> (artifact id: '6822db84c0019e6675aa5fd3da1f37b3') in 0.0205273 seconds
Number of updated asset objects reloaded before import = 0Number of asset objects unloaded after import = 18

========================================================================
Received Import Request.
  Time since last request: 0.000015 seconds.
  path: Assets/Prefabs/Armas/DesertEagle.prefab
  artifactKey: Guid(0c0aaca39d0334f98bf7366812687ef3) Importer(2089858483,192608db42251d675da83286b1cce702)
Start importing Assets/Prefabs/Armas/DesertEagle.prefab using Guid(0c0aaca39d0334f98bf7366812687ef3) Importer(2089858483,192608db42251d675da83286b1cce702) (ScriptedImporter) -> (artifact id: 'dc03cacafa4f1bc27658c4fd6e7fc788') in 0.0206639 seconds
Number of updated asset objects reloaded before import = 0Number of asset objects unloaded after import = 33

========================================================================
Received Import Request.
  Time since last request: 0.000016 seconds.
  path: Assets/Prefabs/Construcoes/Casa_Alta_Destruido_03.prefab
  artifactKey: Guid(ebe99be0bc845483aa125c3a81686c94) Importer(2089858483,192608db42251d675da83286b1cce702)
Start importing Assets/Prefabs/Construcoes/Casa_Alta_Destruido_03.prefab using Guid(ebe99be0bc845483aa125c3a81686c94) Importer(2089858483,192608db42251d675da83286b1cce702) (ScriptedImporter) -> (artifact id: 'b9b2cec2e04317c2a41f64380017236e') in 0.0303979 seconds
Number of updated asset objects reloaded before import = 0Number of asset objects unloaded after import = 18

========================================================================
Received Import Request.
  Time since last request: 0.000018 seconds.
  path: Assets/Prefabs/Armas/Revolver_01.prefab
  artifactKey: Guid(204cc7a7baee34a84a3b725be2689093) Importer(2089858483,192608db42251d675da83286b1cce702)
Start importing Assets/Prefabs/Armas/Revolver_01.prefab using Guid(204cc7a7baee34a84a3b725be2689093) Importer(2089858483,192608db42251d675da83286b1cce702) (ScriptedImporter) -> (artifact id: '6861e40d2bb3062025d2a03f62f263fe') in 0.0265019 seconds
Number of updated asset objects reloaded before import = 0Number of asset objects unloaded after import = 33

========================================================================
Received Import Request.
  Time since last request: 0.000017 seconds.
  path: Assets/Prefabs/Armas/MPSMG.prefab
  artifactKey: Guid(088ac68bbfcc04c02b05b114e6b30b2d) Importer(2089858483,192608db42251d675da83286b1cce702)
Start importing Assets/Prefabs/Armas/MPSMG.prefab using Guid(088ac68bbfcc04c02b05b114e6b30b2d) Importer(2089858483,192608db42251d675da83286b1cce702) (ScriptedImporter) -> (artifact id: '2b5b122555c6323d8a41bc893f801ccc') in 0.030929 seconds
Number of updated asset objects reloaded before import = 0Number of asset objects unloaded after import = 33

========================================================================
Received Import Request.
  Time since last request: 0.000189 seconds.
  path: Assets/Prefabs/Construcoes/Casa_Alta_Destruido_01.prefab
  artifactKey: Guid(059b6d7e8cd694c3db3218002918f7b7) Importer(2089858483,192608db42251d675da83286b1cce702)
Start importing Assets/Prefabs/Construcoes/Casa_Alta_Destruido_01.prefab using Guid(059b6d7e8cd694c3db3218002918f7b7) Importer(2089858483,192608db42251d675da83286b1cce702) (ScriptedImporter) -> (artifact id: '773d9e910e4bace6faa7d9bfdae8558b') in 0.02079 seconds
Number of updated asset objects reloaded before import = 0Number of asset objects unloaded after import = 18

========================================================================
Received Import Request.
  Time since last request: 0.000019 seconds.
  path: Assets/Prefabs/Construcoes/Casa_Alta_Destruido_02.prefab
  artifactKey: Guid(6e16ce19f1bb248b2b839473147cf761) Importer(2089858483,192608db42251d675da83286b1cce702)
Start importing Assets/Prefabs/Construcoes/Casa_Alta_Destruido_02.prefab using Guid(6e16ce19f1bb248b2b839473147cf761) Importer(2089858483,192608db42251d675da83286b1cce702) (ScriptedImporter) -> (artifact id: '669e043d9f2298c022de3bcd19ccd0f7') in 0.0261756 seconds
Number of updated asset objects reloaded before import = 0Number of asset objects unloaded after import = 18

========================================================================
Received Import Request.
  Time since last request: 0.000020 seconds.
  path: Assets/Prefabs/Construcoes/Casa_Media_Destruido_01.prefab
  artifactKey: Guid(416b5ff6235174e4ca3dbb462222faeb) Importer(2089858483,192608db42251d675da83286b1cce702)
Start importing Assets/Prefabs/Construcoes/Casa_Media_Destruido_01.prefab using Guid(416b5ff6235174e4ca3dbb462222faeb) Importer(2089858483,192608db42251d675da83286b1cce702) (ScriptedImporter) -> (artifact id: '5d8374da08a5270f93fa4d6f51ea5325') in 0.025257 seconds
Number of updated asset objects reloaded before import = 0Number of asset objects unloaded after import = 18

========================================================================
Received Import Request.
  Time since last request: 0.000259 seconds.
  path: Assets/Prefabs/Construcoes/Casa_Pequena_Destruido_01.prefab
  artifactKey: Guid(34c02d18d96e148c3bf6b0cc2ee213ac) Importer(2089858483,192608db42251d675da83286b1cce702)
Start importing Assets/Prefabs/Construcoes/Casa_Pequena_Destruido_01.prefab using Guid(34c02d18d96e148c3bf6b0cc2ee213ac) Importer(2089858483,192608db42251d675da83286b1cce702) (ScriptedImporter) -> (artifact id: 'b2f5c92fe8edc38bf188f1eed2cc5119') in 0.0506867 seconds
Number of updated asset objects reloaded before import = 0Number of asset objects unloaded after import = 13

========================================================================
Received Import Request.
  Time since last request: 0.000055 seconds.
  path: Assets/Prefabs/Construcoes/Casa_Pequena_Destruido_04.prefab
  artifactKey: Guid(96583c1b52d0949c188cd3a22910c273) Importer(2089858483,192608db42251d675da83286b1cce702)
Start importing Assets/Prefabs/Construcoes/Casa_Pequena_Destruido_04.prefab using Guid(96583c1b52d0949c188cd3a22910c273) Importer(2089858483,192608db42251d675da83286b1cce702) (ScriptedImporter) -> (artifact id: '2891baa7f77d9ac46509a88f3d6698a2') in 0.0981114 seconds
Number of updated asset objects reloaded before import = 0Number of asset objects unloaded after import = 13

========================================================================
Received Import Request.
  Time since last request: 0.000235 seconds.
  path: Assets/Prefabs/Construcoes/Casa_Media_Destruido_03.prefab
  artifactKey: Guid(3323003d8d9a8449b84c156885bcfea8) Importer(2089858483,192608db42251d675da83286b1cce702)
Start importing Assets/Prefabs/Construcoes/Casa_Media_Destruido_03.prefab using Guid(3323003d8d9a8449b84c156885bcfea8) Importer(2089858483,192608db42251d675da83286b1cce702) (ScriptedImporter) -> (artifact id: 'b50aa5cf26e3adf2501bf3e3ab348b98') in 0.0390334 seconds
Number of updated asset objects reloaded before import = 0Number of asset objects unloaded after import = 18

========================================================================
Received Import Request.
  Time since last request: 0.000210 seconds.
  path: Assets/Prefabs/Construcoes/Hospital_Entrada_Destruido.prefab
  artifactKey: Guid(1add1b0daa1624e3ea6e43bdcef050e3) Importer(2089858483,192608db42251d675da83286b1cce702)
Start importing Assets/Prefabs/Construcoes/Hospital_Entrada_Destruido.prefab using Guid(1add1b0daa1624e3ea6e43bdcef050e3) Importer(2089858483,192608db42251d675da83286b1cce702) (ScriptedImporter) -> (artifact id: '092331aed2af7cf2b16b963fb398c870') in 0.0331385 seconds
Number of updated asset objects reloaded before import = 0Number of asset objects unloaded after import = 18

========================================================================
Received Import Request.
  Time since last request: 0.000015 seconds.
  path: Assets/Prefabs/Construcoes/Hotel_Estacionamento_Destruido.prefab
  artifactKey: Guid(90b2f602ff29f5d4089f1ba5c0ea3b3b) Importer(2089858483,192608db42251d675da83286b1cce702)
Start importing Assets/Prefabs/Construcoes/Hotel_Estacionamento_Destruido.prefab using Guid(90b2f602ff29f5d4089f1ba5c0ea3b3b) Importer(2089858483,192608db42251d675da83286b1cce702) (ScriptedImporter) -> (artifact id: '11816453bb6873a2c33bfc3bdf0fa561') in 0.0223781 seconds
Number of updated asset objects reloaded before import = 0Number of asset objects unloaded after import = 14

========================================================================
Received Import Request.
  Time since last request: 0.000016 seconds.
  path: Assets/Prefabs/Construcoes/Hotel_Placa.prefab
  artifactKey: Guid(ffcbfd5563b81402fa99efcd98ed9a4f) Importer(2089858483,192608db42251d675da83286b1cce702)
Start importing Assets/Prefabs/Construcoes/Hotel_Placa.prefab using Guid(ffcbfd5563b81402fa99efcd98ed9a4f) Importer(2089858483,192608db42251d675da83286b1cce702) (ScriptedImporter) -> (artifact id: 'c62f98ca932bd44116bfac3aa33cc295') in 0.0216964 seconds
Number of updated asset objects reloaded before import = 0Number of asset objects unloaded after import = 13

========================================================================
Received Import Request.
  Time since last request: 0.000015 seconds.
  path: Assets/Prefabs/Construcoes/Loja_Destruido_03.prefab
  artifactKey: Guid(b0d533d5cf9d144e2ae7f6e595614ec5) Importer(2089858483,192608db42251d675da83286b1cce702)
Start importing Assets/Prefabs/Construcoes/Loja_Destruido_03.prefab using Guid(b0d533d5cf9d144e2ae7f6e595614ec5) Importer(2089858483,192608db42251d675da83286b1cce702) (ScriptedImporter) -> (artifact id: 'c99bbbdec641f1f44b4a9b30bd48403d') in 0.0205736 seconds
Number of updated asset objects reloaded before import = 0Number of asset objects unloaded after import = 18

========================================================================
Received Import Request.
  Time since last request: 0.000019 seconds.
  path: Assets/Prefabs/Construcoes/Casa_Pequena_Destruido_02.prefab
  artifactKey: Guid(f5469e928e88c420c9bf1e5965ef731c) Importer(2089858483,192608db42251d675da83286b1cce702)
Start importing Assets/Prefabs/Construcoes/Casa_Pequena_Destruido_02.prefab using Guid(f5469e928e88c420c9bf1e5965ef731c) Importer(2089858483,192608db42251d675da83286b1cce702) (ScriptedImporter) -> (artifact id: 'bad5305345ccb0af6c11b4270f3764c7') in 0.0198391 seconds
Number of updated asset objects reloaded before import = 0Number of asset objects unloaded after import = 13

========================================================================
Received Import Request.
  Time since last request: 0.000019 seconds.
  path: Assets/Prefabs/Construcoes/Hospital_Destruido.prefab
  artifactKey: Guid(13d674784a3b5403181721c90d2cf25a) Importer(2089858483,192608db42251d675da83286b1cce702)
Start importing Assets/Prefabs/Construcoes/Hospital_Destruido.prefab using Guid(13d674784a3b5403181721c90d2cf25a) Importer(2089858483,192608db42251d675da83286b1cce702) (ScriptedImporter) -> (artifact id: 'c442a31c2b4f6f5d5bef1464b2388ef0') in 0.0228786 seconds
Number of updated asset objects reloaded before import = 0Number of asset objects unloaded after import = 13

========================================================================
Received Import Request.
  Time since last request: 0.000017 seconds.
  path: Assets/Prefabs/Construcoes/Loja_Destruido_01.prefab
  artifactKey: Guid(54a5b47e84fd743c5b1024f82020e6a9) Importer(2089858483,192608db42251d675da83286b1cce702)
Start importing Assets/Prefabs/Construcoes/Loja_Destruido_01.prefab using Guid(54a5b47e84fd743c5b1024f82020e6a9) Importer(2089858483,192608db42251d675da83286b1cce702) (ScriptedImporter) -> (artifact id: '2c2d34bc132d86e207664d75968555b1') in 0.0216308 seconds
Number of updated asset objects reloaded before import = 0Number of asset objects unloaded after import = 13

========================================================================
Received Import Request.
  Time since last request: 0.000136 seconds.
  path: Assets/Prefabs/Construcoes/Hotel_Destruido.prefab
  artifactKey: Guid(41a3265fa4e175441ab77dfde52b9adc) Importer(2089858483,192608db42251d675da83286b1cce702)
Start importing Assets/Prefabs/Construcoes/Hotel_Destruido.prefab using Guid(41a3265fa4e175441ab77dfde52b9adc) Importer(2089858483,192608db42251d675da83286b1cce702) (ScriptedImporter) -> (artifact id: '3fab55bcd07b2f464f3d7cdf5f5953b1') in 0.0205431 seconds
Number of updated asset objects reloaded before import = 0Number of asset objects unloaded after import = 32

========================================================================
Received Import Request.
  Time since last request: 0.000016 seconds.
  path: Assets/Prefabs/Construcoes/GaleriaDeLojas_Destruido.prefab
  artifactKey: Guid(eac7d4127990742bd968697c3943f981) Importer(2089858483,192608db42251d675da83286b1cce702)
Start importing Assets/Prefabs/Construcoes/GaleriaDeLojas_Destruido.prefab using Guid(eac7d4127990742bd968697c3943f981) Importer(2089858483,192608db42251d675da83286b1cce702) (ScriptedImporter) -> (artifact id: 'a78b0dd810cb170cdbb5cd35076489b2') in 0.0230845 seconds
Number of updated asset objects reloaded before import = 0Number of asset objects unloaded after import = 18

========================================================================
Received Import Request.
  Time since last request: 0.000018 seconds.
  path: Assets/Prefabs/Construcoes/Casa_Media_Destruido_02.prefab
  artifactKey: Guid(f03ac3cbbce2d4642a5df83b679514db) Importer(2089858483,192608db42251d675da83286b1cce702)
Start importing Assets/Prefabs/Construcoes/Casa_Media_Destruido_02.prefab using Guid(f03ac3cbbce2d4642a5df83b679514db) Importer(2089858483,192608db42251d675da83286b1cce702) (ScriptedImporter) -> (artifact id: '3e9a5c95ee6711ef5e1c3bc8c6a87f72') in 0.0241044 seconds
Number of updated asset objects reloaded before import = 0Number of asset objects unloaded after import = 18

========================================================================
Received Import Request.
  Time since last request: 0.000024 seconds.
  path: Assets/Prefabs/Construcoes/Fonte.prefab
  artifactKey: Guid(6860ea09bff8148419aa863d09f00fba) Importer(2089858483,192608db42251d675da83286b1cce702)
Start importing Assets/Prefabs/Construcoes/Fonte.prefab using Guid(6860ea09bff8148419aa863d09f00fba) Importer(2089858483,192608db42251d675da83286b1cce702) (ScriptedImporter) -> (artifact id: '31e0d8dd4515b8b2f818ba3228222bc2') in 0.0261094 seconds
Number of updated asset objects reloaded before import = 0Number of asset objects unloaded after import = 8

========================================================================
Received Import Request.
  Time since last request: 0.000016 seconds.
  path: Assets/Prefabs/Construcoes/Predio_Comercial_Destruido_08.prefab
  artifactKey: Guid(9ecc591fb23494d309a91f2f66073c79) Importer(2089858483,192608db42251d675da83286b1cce702)
Start importing Assets/Prefabs/Construcoes/Predio_Comercial_Destruido_08.prefab using Guid(9ecc591fb23494d309a91f2f66073c79) Importer(2089858483,192608db42251d675da83286b1cce702) (ScriptedImporter) -> (artifact id: 'd3e5aa71c2c09ed4300f657fea3135ae') in 0.025633 seconds
Number of updated asset objects reloaded before import = 0Number of asset objects unloaded after import = 13

========================================================================
Received Import Request.
  Time since last request: 0.000021 seconds.
  path: Assets/Prefabs/Construcoes/Predio_Comercial_Destruido_04.prefab
  artifactKey: Guid(284159092372e4a9b897672fcded70aa) Importer(2089858483,192608db42251d675da83286b1cce702)
Start importing Assets/Prefabs/Construcoes/Predio_Comercial_Destruido_04.prefab using Guid(284159092372e4a9b897672fcded70aa) Importer(2089858483,192608db42251d675da83286b1cce702) (ScriptedImporter) -> (artifact id: 'e4520dd2d9d403ace2b2f43e7db3c55f') in 0.0312341 seconds
Number of updated asset objects reloaded before import = 0Number of asset objects unloaded after import = 13

========================================================================
Received Import Request.
  Time since last request: 0.000313 seconds.
  path: Assets/Prefabs/Construcoes/Hospital.prefab
  artifactKey: Guid(af85de14b9e7c4fbf83d21e1ce324189) Importer(2089858483,192608db42251d675da83286b1cce702)
Start importing Assets/Prefabs/Construcoes/Hospital.prefab using Guid(af85de14b9e7c4fbf83d21e1ce324189) Importer(2089858483,192608db42251d675da83286b1cce702) (ScriptedImporter) -> (artifact id: 'f4fc83d59af206a2784b9914736569f9') in 0.0359299 seconds
Number of updated asset objects reloaded before import = 0Number of asset objects unloaded after import = 8

========================================================================
Received Import Request.
  Time since last request: 0.000024 seconds.
  path: Assets/Prefabs/Construcoes/Predio_Comercial_Destruido_05.prefab
  artifactKey: Guid(05eb9e62b0ab4448dbc48133ae89fdff) Importer(2089858483,192608db42251d675da83286b1cce702)
Start importing Assets/Prefabs/Construcoes/Predio_Comercial_Destruido_05.prefab using Guid(05eb9e62b0ab4448dbc48133ae89fdff) Importer(2089858483,192608db42251d675da83286b1cce702) (ScriptedImporter) -> (artifact id: '6eafda0356e92728799a6cab71de57b2') in 0.0292027 seconds
Number of updated asset objects reloaded before import = 0Number of asset objects unloaded after import = 13

========================================================================
Received Import Request.
  Time since last request: 0.000214 seconds.
  path: Assets/Prefabs/Construcoes/Posto_Policial_Destruido.prefab
  artifactKey: Guid(c4c946c2d39de43928d15cf347c89205) Importer(2089858483,192608db42251d675da83286b1cce702)
Start importing Assets/Prefabs/Construcoes/Posto_Policial_Destruido.prefab using Guid(c4c946c2d39de43928d15cf347c89205) Importer(2089858483,192608db42251d675da83286b1cce702) (ScriptedImporter) -> (artifact id: 'a7a88fa72327debdc25cf6958fd5f897') in 0.1461189 seconds
Number of updated asset objects reloaded before import = 0Number of asset objects unloaded after import = 18

========================================================================
Received Import Request.
  Time since last request: 0.000031 seconds.
  path: Assets/Prefabs/Construcoes/Casa_Pequena_Destruido_03.prefab
  artifactKey: Guid(909b0206a82f2403da74072a0275e921) Importer(2089858483,192608db42251d675da83286b1cce702)
Start importing Assets/Prefabs/Construcoes/Casa_Pequena_Destruido_03.prefab using Guid(909b0206a82f2403da74072a0275e921) Importer(2089858483,192608db42251d675da83286b1cce702) (ScriptedImporter) -> (artifact id: 'a9522f0d99418390a43f73e218329c87') in 0.0484861 seconds
Number of updated asset objects reloaded before import = 0Number of asset objects unloaded after import = 13

========================================================================
Received Import Request.
  Time since last request: 0.000228 seconds.
  path: Assets/Prefabs/Construcoes/Loja_Destruido_02.prefab
  artifactKey: Guid(d144633a57b704679aeeab6c6808aa84) Importer(2089858483,192608db42251d675da83286b1cce702)
Start importing Assets/Prefabs/Construcoes/Loja_Destruido_02.prefab using Guid(d144633a57b704679aeeab6c6808aa84) Importer(2089858483,192608db42251d675da83286b1cce702) (ScriptedImporter) -> (artifact id: 'a3e32f2613be0925c44bdaa8decad831') in 0.0402781 seconds
Number of updated asset objects reloaded before import = 0Number of asset objects unloaded after import = 18

========================================================================
Received Import Request.
  Time since last request: 0.000118 seconds.
  path: Assets/Modelos3D/Ambiente/Concreto_Destruido.fbx
  artifactKey: Guid(5a27a61256eef7c44b6503578d5bcb6b) Importer(2089858483,192608db42251d675da83286b1cce702)
Start importing Assets/Modelos3D/Ambiente/Concreto_Destruido.fbx using Guid(5a27a61256eef7c44b6503578d5bcb6b) Importer(2089858483,192608db42251d675da83286b1cce702) (ScriptedImporter) -> (artifact id: '71b080e803b4f9cff9dda7bb072b9585') in 0.0240826 seconds
Number of updated asset objects reloaded before import = 0Number of asset objects unloaded after import = 7

========================================================================
Received Import Request.
  Time since last request: 0.000065 seconds.
  path: Assets/Modelos3D/Aderecos/Brinquedo_Balanco.fbx
  artifactKey: Guid(a14be9a82544882479b04442030ae2cf) Importer(2089858483,192608db42251d675da83286b1cce702)
Start importing Assets/Modelos3D/Aderecos/Brinquedo_Balanco.fbx using Guid(a14be9a82544882479b04442030ae2cf) Importer(2089858483,192608db42251d675da83286b1cce702) (ScriptedImporter) -> (artifact id: '8025b2fadac3cab22ed8c1487b919bf4') in 0.0272036 seconds
Number of updated asset objects reloaded before import = 0Number of asset objects unloaded after import = 7

========================================================================
Received Import Request.
  Time since last request: 0.000016 seconds.
  path: Assets/Modelos3D/Ambiente/ParedeTijolos_Destruido_02.fbx
  artifactKey: Guid(5ae7baf89b8e6e947ae203c322c63d15) Importer(2089858483,192608db42251d675da83286b1cce702)
Start importing Assets/Modelos3D/Ambiente/ParedeTijolos_Destruido_02.fbx using Guid(5ae7baf89b8e6e947ae203c322c63d15) Importer(2089858483,192608db42251d675da83286b1cce702) (ScriptedImporter) -> (artifact id: '1b32ef5cd08ca0fd65357277a4015601') in 0.0242619 seconds
Number of updated asset objects reloaded before import = 0Number of asset objects unloaded after import = 7

========================================================================
Received Import Request.
  Time since last request: 0.000046 seconds.
  path: Assets/Modelos3D/Itens/WalkieTalkie.fbx
  artifactKey: Guid(aa3661d33d40a4b4da371fb25df61524) Importer(2089858483,192608db42251d675da83286b1cce702)
Start importing Assets/Modelos3D/Itens/WalkieTalkie.fbx using Guid(aa3661d33d40a4b4da371fb25df61524) Importer(2089858483,192608db42251d675da83286b1cce702) (ScriptedImporter) -> (artifact id: 'bcb458a4265b3be4b3e225e852826b81') in 0.0233421 seconds
Number of updated asset objects reloaded before import = 0Number of asset objects unloaded after import = 7

========================================================================
Received Import Request.
  Time since last request: 0.000017 seconds.
  path: Assets/Prefabs/Construcoes/Predio_Destruido_05.prefab
  artifactKey: Guid(7bc415467844c4d98ab56f767f785ac3) Importer(2089858483,192608db42251d675da83286b1cce702)
Start importing Assets/Prefabs/Construcoes/Predio_Destruido_05.prefab using Guid(7bc415467844c4d98ab56f767f785ac3) Importer(2089858483,192608db42251d675da83286b1cce702) (ScriptedImporter) -> (artifact id: 'f6d8e96f38d5e76bdd85a487b8e89fe5') in 0.0199427 seconds
Number of updated asset objects reloaded before import = 0Number of asset objects unloaded after import = 13

========================================================================
Received Import Request.
  Time since last request: 0.000015 seconds.
  path: Assets/Prefabs/Construcoes/Prefeitura_Destruida.prefab
  artifactKey: Guid(420967ed02c744a0c929c42931c3868b) Importer(2089858483,192608db42251d675da83286b1cce702)
Start importing Assets/Prefabs/Construcoes/Prefeitura_Destruida.prefab using Guid(420967ed02c744a0c929c42931c3868b) Importer(2089858483,192608db42251d675da83286b1cce702) (ScriptedImporter) -> (artifact id: '1b295d154df46656f6c101d72e3a824b') in 0.0204659 seconds
Number of updated asset objects reloaded before import = 0Number of asset objects unloaded after import = 18

========================================================================
Received Import Request.
  Time since last request: 0.000016 seconds.
  path: Assets/Prefabs/Construcoes/Predio_Destruido_03.prefab
  artifactKey: Guid(86e9ee220058d48aa8c4f8401c66c19d) Importer(2089858483,192608db42251d675da83286b1cce702)
Start importing Assets/Prefabs/Construcoes/Predio_Destruido_03.prefab using Guid(86e9ee220058d48aa8c4f8401c66c19d) Importer(2089858483,192608db42251d675da83286b1cce702) (ScriptedImporter) -> (artifact id: '245b8a318b638e3883994fd2770cf193') in 0.0192376 seconds
Number of updated asset objects reloaded before import = 0Number of asset objects unloaded after import = 13

========================================================================
Received Import Request.
  Time since last request: 0.000019 seconds.
  path: Assets/Prefabs/Construcoes/Torre_Agua.prefab
  artifactKey: Guid(97dc7f64ea9334b1bac4f23088382d45) Importer(2089858483,192608db42251d675da83286b1cce702)
Start importing Assets/Prefabs/Construcoes/Torre_Agua.prefab using Guid(97dc7f64ea9334b1bac4f23088382d45) Importer(2089858483,192608db42251d675da83286b1cce702) (ScriptedImporter) -> (artifact id: '97b9780f69625ed06044a69db77073f1') in 0.0220777 seconds
Number of updated asset objects reloaded before import = 0Number of asset objects unloaded after import = 8

========================================================================
Received Import Request.
  Time since last request: 0.000023 seconds.
  path: Assets/Modelos3D/Aderecos/PilhaDeLixo_03.fbx
  artifactKey: Guid(864d0673765ef644891c2026d19a2af3) Importer(2089858483,192608db42251d675da83286b1cce702)
Start importing Assets/Modelos3D/Aderecos/PilhaDeLixo_03.fbx using Guid(864d0673765ef644891c2026d19a2af3) Importer(2089858483,192608db42251d675da83286b1cce702) (ScriptedImporter) -> (artifact id: 'b685810f5eabc1e6001d55bc0539af0b') in 0.024233 seconds
Number of updated asset objects reloaded before import = 0Number of asset objects unloaded after import = 7

========================================================================
Received Import Request.
  Time since last request: 0.000014 seconds.
  path: Assets/Modelos3D/Construcoes/Loja_Destruido_03.fbx
  artifactKey: Guid(2ce60af90d5bc3b458345e37f3282e54) Importer(2089858483,192608db42251d675da83286b1cce702)
Start importing Assets/Modelos3D/Construcoes/Loja_Destruido_03.fbx using Guid(2ce60af90d5bc3b458345e37f3282e54) Importer(2089858483,192608db42251d675da83286b1cce702) (ScriptedImporter) -> (artifact id: '42ed1e2db18726d5a758e821f89a4c06') in 0.0258316 seconds
Number of updated asset objects reloaded before import = 0Number of asset objects unloaded after import = 17

========================================================================
Received Import Request.
  Time since last request: 0.000015 seconds.
  path: Assets/Modelos3D/Aderecos/Destrocos_04.fbx
  artifactKey: Guid(157f20aa3c8a9854b9baf3155b53b699) Importer(2089858483,192608db42251d675da83286b1cce702)
Start importing Assets/Modelos3D/Aderecos/Destrocos_04.fbx using Guid(157f20aa3c8a9854b9baf3155b53b699) Importer(2089858483,192608db42251d675da83286b1cce702) (ScriptedImporter) -> (artifact id: 'b3d721bbc9a8faa57418ed5089b7805e') in 0.0219523 seconds
Number of updated asset objects reloaded before import = 0Number of asset objects unloaded after import = 7

========================================================================
Received Import Request.
  Time since last request: 0.000017 seconds.
  path: Assets/Modelos3D/Construcoes/Hotel_Destruido.fbx
  artifactKey: Guid(d79cb0350f78f2c4ca9d2bd41118bf2a) Importer(2089858483,192608db42251d675da83286b1cce702)
Start importing Assets/Modelos3D/Construcoes/Hotel_Destruido.fbx using Guid(d79cb0350f78f2c4ca9d2bd41118bf2a) Importer(2089858483,192608db42251d675da83286b1cce702) (ScriptedImporter) -> (artifact id: '162620e832ebfae69e23995fc2eb8101') in 0.0266368 seconds
Number of updated asset objects reloaded before import = 0Number of asset objects unloaded after import = 17

========================================================================
Received Import Request.
  Time since last request: 0.000016 seconds.
  path: Assets/Modelos3D/Aderecos/Barril_01.fbx
  artifactKey: Guid(c4c345791594b644091b803fa7671f1c) Importer(2089858483,192608db42251d675da83286b1cce702)
Start importing Assets/Modelos3D/Aderecos/Barril_01.fbx using Guid(c4c345791594b644091b803fa7671f1c) Importer(2089858483,192608db42251d675da83286b1cce702) (ScriptedImporter) -> (artifact id: '5e7a8d1387eb81142fe426a3125fe5d8') in 0.0237148 seconds
Number of updated asset objects reloaded before import = 0Number of asset objects unloaded after import = 7

========================================================================
Received Import Request.
  Time since last request: 0.000014 seconds.
  path: Assets/Prefabs/Construcoes/Loja_Destruido_05.prefab
  artifactKey: Guid(4eece6fc288f449e49ea8c7318a245b6) Importer(2089858483,192608db42251d675da83286b1cce702)
Start importing Assets/Prefabs/Construcoes/Loja_Destruido_05.prefab using Guid(4eece6fc288f449e49ea8c7318a245b6) Importer(2089858483,192608db42251d675da83286b1cce702) (ScriptedImporter) -> (artifact id: 'bffb2078a5605186785615f92e17ea18') in 0.0203571 seconds
Number of updated asset objects reloaded before import = 0Number of asset objects unloaded after import = 18

========================================================================
Received Import Request.
  Time since last request: 0.000016 seconds.
  path: Assets/Materiais/Corpos/Corpo_03.mat
  artifactKey: Guid(a3fdcf61c676d9941b10521082aff728) Importer(2089858483,192608db42251d675da83286b1cce702)
Start importing Assets/Materiais/Corpos/Corpo_03.mat using Guid(a3fdcf61c676d9941b10521082aff728) Importer(2089858483,192608db42251d675da83286b1cce702) (ScriptedImporter) -> (artifact id: '141e2b57bc9353172278d56cd61ce3b9') in 0.0171139 seconds
Number of updated asset objects reloaded before import = 0Number of asset objects unloaded after import = 2

========================================================================
Received Import Request.
  Time since last request: 0.000016 seconds.
  path: Assets/Prefabs/Construcoes/Predio_Comercial_Destruido_03.prefab
  artifactKey: Guid(d48c4751b011a482eb2476af6830afe3) Importer(2089858483,192608db42251d675da83286b1cce702)
Start importing Assets/Prefabs/Construcoes/Predio_Comercial_Destruido_03.prefab using Guid(d48c4751b011a482eb2476af6830afe3) Importer(2089858483,192608db42251d675da83286b1cce702) (ScriptedImporter) -> (artifact id: 'a443c922c7268e1c62603c2a70951613') in 0.0237294 seconds
Number of updated asset objects reloaded before import = 0Number of asset objects unloaded after import = 13

========================================================================
Received Import Request.
  Time since last request: 0.000016 seconds.
  path: Assets/Modelos3D/Aderecos/Mala_04.fbx
  artifactKey: Guid(5f880bb578cf57545a28cc21985de291) Importer(2089858483,192608db42251d675da83286b1cce702)
Start importing Assets/Modelos3D/Aderecos/Mala_04.fbx using Guid(5f880bb578cf57545a28cc21985de291) Importer(2089858483,192608db42251d675da83286b1cce702) (ScriptedImporter) -> (artifact id: '5fbd0a54199a362a02ece8852d9bd735') in 0.0248149 seconds
Number of updated asset objects reloaded before import = 0Number of asset objects unloaded after import = 7

========================================================================
Received Import Request.
  Time since last request: 0.000018 seconds.
  path: Assets/Modelos3D/Ambiente/Rua_Reta_Grande_Destruido_02.fbx
  artifactKey: Guid(37810bb65b7a4e54ca574e4dd07c0987) Importer(2089858483,192608db42251d675da83286b1cce702)
Start importing Assets/Modelos3D/Ambiente/Rua_Reta_Grande_Destruido_02.fbx using Guid(37810bb65b7a4e54ca574e4dd07c0987) Importer(2089858483,192608db42251d675da83286b1cce702) (ScriptedImporter) -> (artifact id: '0e868e640f5a646142f247dd4e2d8892') in 0.0254297 seconds
Number of updated asset objects reloaded before import = 0Number of asset objects unloaded after import = 7

========================================================================
Received Import Request.
  Time since last request: 0.000023 seconds.
  path: Assets/Modelos3D/Aderecos/Mala_Aberta_03.fbx
  artifactKey: Guid(ec863730433e4124ebb71fe896403952) Importer(2089858483,192608db42251d675da83286b1cce702)
Start importing Assets/Modelos3D/Aderecos/Mala_Aberta_03.fbx using Guid(ec863730433e4124ebb71fe896403952) Importer(2089858483,192608db42251d675da83286b1cce702) (ScriptedImporter) -> (artifact id: 'e0eb93740cb1fd98c378afa2e6675188') in 0.0206417 seconds
Number of updated asset objects reloaded before import = 0Number of asset objects unloaded after import = 7

========================================================================
Received Import Request.
  Time since last request: 0.000015 seconds.
  path: Assets/Modelos3D/Aderecos/Brinquedo_Parque_Destruido.fbx
  artifactKey: Guid(edf380404f6abd243bee4caa53383ffb) Importer(2089858483,192608db42251d675da83286b1cce702)
Start importing Assets/Modelos3D/Aderecos/Brinquedo_Parque_Destruido.fbx using Guid(edf380404f6abd243bee4caa53383ffb) Importer(2089858483,192608db42251d675da83286b1cce702) (ScriptedImporter) -> (artifact id: '9e990b40dc7a41f6579ef1160a0763d7') in 0.0255312 seconds
Number of updated asset objects reloaded before import = 0Number of asset objects unloaded after import = 7

========================================================================
Received Import Request.
  Time since last request: 0.000015 seconds.
  path: Assets/Modelos3D/Aderecos/PosteDeLuz_Destruido_03.fbx
  artifactKey: Guid(e5ffc5c46c1b26742b4143fd736a23a4) Importer(2089858483,192608db42251d675da83286b1cce702)
Start importing Assets/Modelos3D/Aderecos/PosteDeLuz_Destruido_03.fbx using Guid(e5ffc5c46c1b26742b4143fd736a23a4) Importer(2089858483,192608db42251d675da83286b1cce702) (ScriptedImporter) -> (artifact id: '7758d6eaef8daa1a93fbc02a9c58ea17') in 0.0247909 seconds
Number of updated asset objects reloaded before import = 0Number of asset objects unloaded after import = 7

========================================================================
Received Import Request.
  Time since last request: 0.000015 seconds.
  path: Assets/Modelos3D/Itens/ComidaEnlatada_04.fbx
  artifactKey: Guid(1600753ce85a16740bb6893b7985370b) Importer(2089858483,192608db42251d675da83286b1cce702)
Start importing Assets/Modelos3D/Itens/ComidaEnlatada_04.fbx using Guid(1600753ce85a16740bb6893b7985370b) Importer(2089858483,192608db42251d675da83286b1cce702) (ScriptedImporter) -> (artifact id: '78ffaf06d26dc373a7a14a5eae1404d1') in 0.023699 seconds
Number of updated asset objects reloaded before import = 0Number of asset objects unloaded after import = 7

========================================================================
Received Import Request.
  Time since last request: 0.000016 seconds.
  path: Assets/Materiais/Zumbis/Zumbi_TrabalhadorEstrada.mat
  artifactKey: Guid(a9c66f4b2359cc045b4be663d295b02e) Importer(2089858483,192608db42251d675da83286b1cce702)
Start importing Assets/Materiais/Zumbis/Zumbi_TrabalhadorEstrada.mat using Guid(a9c66f4b2359cc045b4be663d295b02e) Importer(2089858483,192608db42251d675da83286b1cce702) (ScriptedImporter) -> (artifact id: 'd145b475807ab9055e956d9801832dbe') in 0.0236848 seconds
Number of updated asset objects reloaded before import = 0Number of asset objects unloaded after import = 2

========================================================================
Received Import Request.
  Time since last request: 0.000016 seconds.
  path: Assets/Prefabs/Construcoes/Trailer_Estacionado_Destruido.prefab
  artifactKey: Guid(7a4bc96ca24cb4c53bb328f746d7ba54) Importer(2089858483,192608db42251d675da83286b1cce702)
Start importing Assets/Prefabs/Construcoes/Trailer_Estacionado_Destruido.prefab using Guid(7a4bc96ca24cb4c53bb328f746d7ba54) Importer(2089858483,192608db42251d675da83286b1cce702) (ScriptedImporter) -> (artifact id: 'e8a86294dee7ed77a6a9c82928259404') in 0.0195499 seconds
Number of updated asset objects reloaded before import = 0Number of asset objects unloaded after import = 13

========================================================================
Received Import Request.
  Time since last request: 0.000015 seconds.
  path: Assets/Modelos3D/Aderecos/Churrasqueira.fbx
  artifactKey: Guid(3877bfe01c033494e8049322dcd26cd9) Importer(2089858483,192608db42251d675da83286b1cce702)
Start importing Assets/Modelos3D/Aderecos/Churrasqueira.fbx using Guid(3877bfe01c033494e8049322dcd26cd9) Importer(2089858483,192608db42251d675da83286b1cce702) (ScriptedImporter) -> (artifact id: '1e0e58986f3607542ed4490ecee710e6') in 0.0261232 seconds
Number of updated asset objects reloaded before import = 0Number of asset objects unloaded after import = 7

========================================================================
Received Import Request.
  Time since last request: 0.000015 seconds.
  path: Assets/Prefabs/Construcoes/Predio_Comercial_Destruido_07.prefab
  artifactKey: Guid(b676e0ba23f8543e5b687c3c4a3e2776) Importer(2089858483,192608db42251d675da83286b1cce702)
Start importing Assets/Prefabs/Construcoes/Predio_Comercial_Destruido_07.prefab using Guid(b676e0ba23f8543e5b687c3c4a3e2776) Importer(2089858483,192608db42251d675da83286b1cce702) (ScriptedImporter) -> (artifact id: '15422fdc0bc4abb54a34cf2a91903ddd') in 0.0210012 seconds
Number of updated asset objects reloaded before import = 0Number of asset objects unloaded after import = 13

========================================================================
Received Import Request.
  Time since last request: 0.000015 seconds.
  path: Assets/Prefabs/Personagens/Personagens.prefab
  artifactKey: Guid(4b3bb44effa49480d8d18049684cc33a) Importer(2089858483,192608db42251d675da83286b1cce702)
Start importing Assets/Prefabs/Personagens/Personagens.prefab using Guid(4b3bb44effa49480d8d18049684cc33a) Importer(2089858483,192608db42251d675da83286b1cce702) (ScriptedImporter) -> (artifact id: '0a65587b3977aa9ad9a7ee0ddd10c891') in 0.0277535 seconds
Number of updated asset objects reloaded before import = 0Number of asset objects unloaded after import = 128

========================================================================
Received Import Request.
  Time since last request: 0.000046 seconds.
  path: Assets/Prefabs/Itens/ComidaEnlatada_01.prefab
  artifactKey: Guid(dc1074958556e4b2f8de7cc12f01c311) Importer(2089858483,192608db42251d675da83286b1cce702)
Start importing Assets/Prefabs/Itens/ComidaEnlatada_01.prefab using Guid(dc1074958556e4b2f8de7cc12f01c311) Importer(2089858483,192608db42251d675da83286b1cce702) (ScriptedImporter) -> (artifact id: '5c485bc8128edefe87792c97b380ef52') in 0.016885 seconds
Number of updated asset objects reloaded before import = 0Number of asset objects unloaded after import = 8

========================================================================
Received Import Request.
  Time since last request: 0.000025 seconds.
  path: Assets/Prefabs/Itens/Corda.prefab
  artifactKey: Guid(6228c4279045948db8035fc464f7cf91) Importer(2089858483,192608db42251d675da83286b1cce702)
Start importing Assets/Prefabs/Itens/Corda.prefab using Guid(6228c4279045948db8035fc464f7cf91) Importer(2089858483,192608db42251d675da83286b1cce702) (ScriptedImporter) -> (artifact id: 'de79d9fd55de4a58ffe3bbf9f096d210') in 0.0205104 seconds
Number of updated asset objects reloaded before import = 0Number of asset objects unloaded after import = 8

========================================================================
Received Import Request.
  Time since last request: 0.000018 seconds.
  path: Assets/Prefabs/Itens/Fosforos.prefab
  artifactKey: Guid(b38ac6256c36d41ca91d79ce7a3d63b6) Importer(2089858483,192608db42251d675da83286b1cce702)
Start importing Assets/Prefabs/Itens/Fosforos.prefab using Guid(b38ac6256c36d41ca91d79ce7a3d63b6) Importer(2089858483,192608db42251d675da83286b1cce702) (ScriptedImporter) -> (artifact id: '2c95f25b2ab3372a66b750626691133a') in 0.0237282 seconds
Number of updated asset objects reloaded before import = 0Number of asset objects unloaded after import = 8

========================================================================
Received Import Request.
  Time since last request: 0.000016 seconds.
  path: Assets/Prefabs/Itens/Isqueiro.prefab
  artifactKey: Guid(ea8c5cea01d4e4188b8f30e349432a5f) Importer(2089858483,192608db42251d675da83286b1cce702)
Start importing Assets/Prefabs/Itens/Isqueiro.prefab using Guid(ea8c5cea01d4e4188b8f30e349432a5f) Importer(2089858483,192608db42251d675da83286b1cce702) (ScriptedImporter) -> (artifact id: 'd76a9ab7a3e458b5061a2fb6a29c592f') in 0.0181281 seconds
Number of updated asset objects reloaded before import = 0Number of asset objects unloaded after import = 8

========================================================================
Received Import Request.
  Time since last request: 0.000017 seconds.
  path: Assets/Prefabs/Itens/Lanterna_02.prefab
  artifactKey: Guid(981916d946d6a487a87e073600571547) Importer(2089858483,192608db42251d675da83286b1cce702)
Start importing Assets/Prefabs/Itens/Lanterna_02.prefab using Guid(981916d946d6a487a87e073600571547) Importer(2089858483,192608db42251d675da83286b1cce702) (ScriptedImporter) -> (artifact id: '94bcfbcce61202afd00734e8c2142fb3') in 0.0224167 seconds
Number of updated asset objects reloaded before import = 0Number of asset objects unloaded after import = 8

========================================================================
Received Import Request.
  Time since last request: 0.000016 seconds.
  path: Assets/Prefabs/Itens/ArmadilhaUrso.prefab
  artifactKey: Guid(dbcb82f5b95dc49bda1cc7c5a3192dd0) Importer(2089858483,192608db42251d675da83286b1cce702)
Start importing Assets/Prefabs/Itens/ArmadilhaUrso.prefab using Guid(dbcb82f5b95dc49bda1cc7c5a3192dd0) Importer(2089858483,192608db42251d675da83286b1cce702) (ScriptedImporter) -> (artifact id: '8893e447f8028924a980f650ec405a37') in 0.0237246 seconds
Number of updated asset objects reloaded before import = 0Number of asset objects unloaded after import = 18

========================================================================
Received Import Request.
  Time since last request: 0.000016 seconds.
  path: Assets/Prefabs/Veiculos/Ambulancia.prefab
  artifactKey: Guid(3e2d42a47e37849409a91a61749445b9) Importer(2089858483,192608db42251d675da83286b1cce702)
Start importing Assets/Prefabs/Veiculos/Ambulancia.prefab using Guid(3e2d42a47e37849409a91a61749445b9) Importer(2089858483,192608db42251d675da83286b1cce702) (ScriptedImporter) -> (artifact id: '07ed99b2df495c1ee3af4556ac2af595') in 0.0209497 seconds
Number of updated asset objects reloaded before import = 0Number of asset objects unloaded after import = 33

========================================================================
Received Import Request.
  Time since last request: 0.000015 seconds.
  path: Assets/Prefabs/Itens/KitPrimeirosSocorros.prefab
  artifactKey: Guid(6150c6f66b7034ec5b3672478195682a) Importer(2089858483,192608db42251d675da83286b1cce702)
Start importing Assets/Prefabs/Itens/KitPrimeirosSocorros.prefab using Guid(6150c6f66b7034ec5b3672478195682a) Importer(2089858483,192608db42251d675da83286b1cce702) (ScriptedImporter) -> (artifact id: '054c2892d78fed915e65cb0133e9d612') in 0.0214216 seconds
Number of updated asset objects reloaded before import = 0Number of asset objects unloaded after import = 8

========================================================================
Received Import Request.
  Time since last request: 0.000016 seconds.
  path: Assets/Prefabs/Itens/Mapa.prefab
  artifactKey: Guid(e07181272c9a247539054e84c564485b) Importer(2089858483,192608db42251d675da83286b1cce702)
Start importing Assets/Prefabs/Itens/Mapa.prefab using Guid(e07181272c9a247539054e84c564485b) Importer(2089858483,192608db42251d675da83286b1cce702) (ScriptedImporter) -> (artifact id: '534f98852a7bc465b1710d2173ebdc1b') in 0.0183143 seconds
Number of updated asset objects reloaded before import = 0Number of asset objects unloaded after import = 8

========================================================================
Received Import Request.
  Time since last request: 0.000017 seconds.
  path: Assets/Modelos3D/Construcoes/Predio_Apartamentos_Destruido.fbx
  artifactKey: Guid(633ca997228e0c14aaea4e1d41b6c808) Importer(2089858483,192608db42251d675da83286b1cce702)
Start importing Assets/Modelos3D/Construcoes/Predio_Apartamentos_Destruido.fbx using Guid(633ca997228e0c14aaea4e1d41b6c808) Importer(2089858483,192608db42251d675da83286b1cce702) (ScriptedImporter) -> (artifact id: 'd8c595650338ee68935befbd4ff1dc4b') in 0.0293747 seconds
Number of updated asset objects reloaded before import = 0Number of asset objects unloaded after import = 12

========================================================================
Received Import Request.
  Time since last request: 0.000015 seconds.
  path: Assets/Modelos3D/Aderecos/Colchao_02.fbx
  artifactKey: Guid(e678216711b578c489a4fae8ff17fe27) Importer(2089858483,192608db42251d675da83286b1cce702)
Start importing Assets/Modelos3D/Aderecos/Colchao_02.fbx using Guid(e678216711b578c489a4fae8ff17fe27) Importer(2089858483,192608db42251d675da83286b1cce702) (ScriptedImporter) -> (artifact id: '43a29254cae9c9c5020fbf2acbd4e680') in 0.0231696 seconds
Number of updated asset objects reloaded before import = 0Number of asset objects unloaded after import = 7

========================================================================
Received Import Request.
  Time since last request: 0.000037 seconds.
  path: Assets/Modelos3D/Construcoes/Predio_Destruido_02.fbx
  artifactKey: Guid(5a8685150ecdc344293810a8541df82d) Importer(2089858483,192608db42251d675da83286b1cce702)
Start importing Assets/Modelos3D/Construcoes/Predio_Destruido_02.fbx using Guid(5a8685150ecdc344293810a8541df82d) Importer(2089858483,192608db42251d675da83286b1cce702) (ScriptedImporter) -> (artifact id: '3fa1b48e35f5ea49c8414207742f08d2') in 0.0312292 seconds
Number of updated asset objects reloaded before import = 0Number of asset objects unloaded after import = 12

========================================================================
Received Import Request.
  Time since last request: 0.000015 seconds.
  path: Assets/Materiais/Corpos/Corpo_01.mat
  artifactKey: Guid(f253e3cc5fc906b40b62ee5faf05960d) Importer(2089858483,192608db42251d675da83286b1cce702)
Start importing Assets/Materiais/Corpos/Corpo_01.mat using Guid(f253e3cc5fc906b40b62ee5faf05960d) Importer(2089858483,192608db42251d675da83286b1cce702) (ScriptedImporter) -> (artifact id: '523b53267519a06c53d1bd5a73bcd880') in 0.0165661 seconds
Number of updated asset objects reloaded before import = 0Number of asset objects unloaded after import = 2

========================================================================
Received Import Request.
  Time since last request: 0.000017 seconds.
  path: Assets/Prefabs/Itens/Garrafa.prefab
  artifactKey: Guid(8e9e7a65205bc4c209ccd0a5431af8ff) Importer(2089858483,192608db42251d675da83286b1cce702)
Start importing Assets/Prefabs/Itens/Garrafa.prefab using Guid(8e9e7a65205bc4c209ccd0a5431af8ff) Importer(2089858483,192608db42251d675da83286b1cce702) (ScriptedImporter) -> (artifact id: '9e19aa4fedf104c93edbb34f7d5ccf4d') in 0.0205281 seconds
Number of updated asset objects reloaded before import = 0Number of asset objects unloaded after import = 8

========================================================================
Received Import Request.
  Time since last request: 0.000049 seconds.
  path: Assets/Modelos3D/Aderecos/Mochila_02.fbx
  artifactKey: Guid(258508822e22f2041bb31faf1ac0a1fd) Importer(2089858483,192608db42251d675da83286b1cce702)
Start importing Assets/Modelos3D/Aderecos/Mochila_02.fbx using Guid(258508822e22f2041bb31faf1ac0a1fd) Importer(2089858483,192608db42251d675da83286b1cce702) (ScriptedImporter) -> (artifact id: '4aba5a4c1b55cf217843bb8280ea86b7') in 0.0232955 seconds
Number of updated asset objects reloaded before import = 0Number of asset objects unloaded after import = 7

========================================================================
Received Import Request.
  Time since last request: 0.000015 seconds.
  path: Assets/Prefabs/Itens/Cantil.prefab
  artifactKey: Guid(2252f59e5341e4245871c2fbec346f94) Importer(2089858483,192608db42251d675da83286b1cce702)
Start importing Assets/Prefabs/Itens/Cantil.prefab using Guid(2252f59e5341e4245871c2fbec346f94) Importer(2089858483,192608db42251d675da83286b1cce702) (ScriptedImporter) -> (artifact id: '7c115663a0d366e011f966b919296933') in 0.0210725 seconds
Number of updated asset objects reloaded before import = 0Number of asset objects unloaded after import = 8

========================================================================
Received Import Request.
  Time since last request: 0.000015 seconds.
  path: Assets/Materiais/Personagens/Personagem_Perigo.mat
  artifactKey: Guid(43fbf0c3a85be124186e14b33f658522) Importer(2089858483,192608db42251d675da83286b1cce702)
Start importing Assets/Materiais/Personagens/Personagem_Perigo.mat using Guid(43fbf0c3a85be124186e14b33f658522) Importer(2089858483,192608db42251d675da83286b1cce702) (ScriptedImporter) -> (artifact id: '4995e882a54ac8b99167d00d9093e58d') in 0.0216609 seconds
Number of updated asset objects reloaded before import = 0Number of asset objects unloaded after import = 2

========================================================================
Received Import Request.
  Time since last request: 0.000033 seconds.
  path: Assets/Modelos3D/Ambiente/Rua_Quadrado.fbx
  artifactKey: Guid(e22934d861474164ba5defc4cfab628e) Importer(2089858483,192608db42251d675da83286b1cce702)
Start importing Assets/Modelos3D/Ambiente/Rua_Quadrado.fbx using Guid(e22934d861474164ba5defc4cfab628e) Importer(2089858483,192608db42251d675da83286b1cce702) (ScriptedImporter) -> (artifact id: 'f2df46c9ce62098f1486d208dfa51171') in 0.0300032 seconds
Number of updated asset objects reloaded before import = 0Number of asset objects unloaded after import = 7

========================================================================
Received Import Request.
  Time since last request: 0.000028 seconds.
  path: Assets/Materiais/Personagens/Personagem_SobreviventeExperiente.mat
  artifactKey: Guid(11473f6bfb61e0245b60784ebb60cfef) Importer(2089858483,192608db42251d675da83286b1cce702)
Start importing Assets/Materiais/Personagens/Personagem_SobreviventeExperiente.mat using Guid(11473f6bfb61e0245b60784ebb60cfef) Importer(2089858483,192608db42251d675da83286b1cce702) (ScriptedImporter) -> (artifact id: '3f1be12327bd9dab1d3c5fb99061a834') in 0.0295768 seconds
Number of updated asset objects reloaded before import = 0Number of asset objects unloaded after import = 2

========================================================================
Received Import Request.
  Time since last request: 0.000016 seconds.
  path: Assets/Modelos3D/Aderecos/Mala_Aberta_02.fbx
  artifactKey: Guid(c2f09dc0cbfc959409cf4e1733912017) Importer(2089858483,192608db42251d675da83286b1cce702)
Start importing Assets/Modelos3D/Aderecos/Mala_Aberta_02.fbx using Guid(c2f09dc0cbfc959409cf4e1733912017) Importer(2089858483,192608db42251d675da83286b1cce702) (ScriptedImporter) -> (artifact id: '35d941ea78d31746febeaddda717ce5d') in 0.0333418 seconds
Number of updated asset objects reloaded before import = 0Number of asset objects unloaded after import = 12

========================================================================
Received Import Request.
  Time since last request: 0.000018 seconds.
  path: Assets/Prefabs/Veiculos/Caminhonete_Quebrada_01.prefab
  artifactKey: Guid(e02fae233aab240dfb69c6c170b19bfd) Importer(2089858483,192608db42251d675da83286b1cce702)
Start importing Assets/Prefabs/Veiculos/Caminhonete_Quebrada_01.prefab using Guid(e02fae233aab240dfb69c6c170b19bfd) Importer(2089858483,192608db42251d675da83286b1cce702) (ScriptedImporter) -> (artifact id: 'cf58404fcaab8aa9f72c450da742e153') in 0.0200977 seconds
Number of updated asset objects reloaded before import = 0Number of asset objects unloaded after import = 8

========================================================================
Received Import Request.
  Time since last request: 0.000024 seconds.
  path: Assets/Prefabs/Veiculos/Trator.prefab
  artifactKey: Guid(c9b21efd088484bb9ac61107c03bcef6) Importer(2089858483,192608db42251d675da83286b1cce702)
Start importing Assets/Prefabs/Veiculos/Trator.prefab using Guid(c9b21efd088484bb9ac61107c03bcef6) Importer(2089858483,192608db42251d675da83286b1cce702) (ScriptedImporter) -> (artifact id: '71281201fcc23dd79f2b87cfcbbf067a') in 0.0251082 seconds
Number of updated asset objects reloaded before import = 0Number of asset objects unloaded after import = 28

========================================================================
Received Import Request.
  Time since last request: 0.000016 seconds.
  path: Assets/Prefabs/Veiculos/TanqueDeGuerra_Destruido.prefab
  artifactKey: Guid(ee7f91516af52453f98f491cf554a1f1) Importer(2089858483,192608db42251d675da83286b1cce702)
Start importing Assets/Prefabs/Veiculos/TanqueDeGuerra_Destruido.prefab using Guid(ee7f91516af52453f98f491cf554a1f1) Importer(2089858483,192608db42251d675da83286b1cce702) (ScriptedImporter) -> (artifact id: '4e8e3b73b29e9843ad1d113be212dd82') in 0.0253239 seconds
Number of updated asset objects reloaded before import = 0Number of asset objects unloaded after import = 8

========================================================================
Received Import Request.
  Time since last request: 0.000016 seconds.
  path: Assets/Prefabs/Veiculos/Van_Batida_01.prefab
  artifactKey: Guid(37857ccc62dcd40a088e0d9273841e91) Importer(2089858483,192608db42251d675da83286b1cce702)
Start importing Assets/Prefabs/Veiculos/Van_Batida_01.prefab using Guid(37857ccc62dcd40a088e0d9273841e91) Importer(2089858483,192608db42251d675da83286b1cce702) (ScriptedImporter) -> (artifact id: 'adef416396a578e173cdc01bec68a46d') in 0.0226532 seconds
Number of updated asset objects reloaded before import = 0Number of asset objects unloaded after import = 8

========================================================================
Received Import Request.
  Time since last request: 0.000015 seconds.
  path: Assets/Prefabs/Veiculos/Ambulancia_Quebrada.prefab
  artifactKey: Guid(967c32f5e6c1149c785f5d082d0ab7cc) Importer(2089858483,192608db42251d675da83286b1cce702)
Start importing Assets/Prefabs/Veiculos/Ambulancia_Quebrada.prefab using Guid(967c32f5e6c1149c785f5d082d0ab7cc) Importer(2089858483,192608db42251d675da83286b1cce702) (ScriptedImporter) -> (artifact id: '8dec1fc7258e6274e30f45358586d26c') in 0.0250942 seconds
Number of updated asset objects reloaded before import = 0Number of asset objects unloaded after import = 8

========================================================================
Received Import Request.
  Time since last request: 0.000016 seconds.
  path: Assets/Prefabs/Veiculos/Caminhonete_Quebrada_03.prefab
  artifactKey: Guid(a256988d6d77c413c93f6bf1ec2055a5) Importer(2089858483,192608db42251d675da83286b1cce702)
Start importing Assets/Prefabs/Veiculos/Caminhonete_Quebrada_03.prefab using Guid(a256988d6d77c413c93f6bf1ec2055a5) Importer(2089858483,192608db42251d675da83286b1cce702) (ScriptedImporter) -> (artifact id: 'bff326306e8ec1619dff2cadacf42bb1') in 0.0253193 seconds
Number of updated asset objects reloaded before import = 0Number of asset objects unloaded after import = 8

========================================================================
Received Import Request.
  Time since last request: 0.000015 seconds.
  path: Assets/Prefabs/Veiculos/Carro_Capotado_02.prefab
  artifactKey: Guid(e7f6f65d681c040ae87ec9b4447c6ca7) Importer(2089858483,192608db42251d675da83286b1cce702)
Start importing Assets/Prefabs/Veiculos/Carro_Capotado_02.prefab using Guid(e7f6f65d681c040ae87ec9b4447c6ca7) Importer(2089858483,192608db42251d675da83286b1cce702) (ScriptedImporter) -> (artifact id: '8a3d5df6054226ef04628186217c9d71') in 0.0244509 seconds
Number of updated asset objects reloaded before import = 0Number of asset objects unloaded after import = 8

========================================================================
Received Import Request.
  Time since last request: 0.000018 seconds.
  path: Assets/Prefabs/Veiculos/Carro_Capotado_03.prefab
  artifactKey: Guid(a9398d190b8e94f2f9e38d8b1fe42278) Importer(2089858483,192608db42251d675da83286b1cce702)
Start importing Assets/Prefabs/Veiculos/Carro_Capotado_03.prefab using Guid(a9398d190b8e94f2f9e38d8b1fe42278) Importer(2089858483,192608db42251d675da83286b1cce702) (ScriptedImporter) -> (artifact id: 'fe075a0672bfd39d41b4247eeb5160bb') in 0.0222402 seconds
Number of updated asset objects reloaded before import = 0Number of asset objects unloaded after import = 8

========================================================================
Received Import Request.
  Time since last request: 0.000016 seconds.
  path: Assets/Texturas/Corpos/Corpo_03.png
  artifactKey: Guid(c1f52c4ae99ce5b43a14ded45027c7dd) Importer(2089858483,192608db42251d675da83286b1cce702)
Start importing Assets/Texturas/Corpos/Corpo_03.png using Guid(c1f52c4ae99ce5b43a14ded45027c7dd) Importer(2089858483,192608db42251d675da83286b1cce702) (ScriptedImporter) -> (artifact id: '5cdfe366b817316480cc37bc896a0eb9') in 0.0302731 seconds
Number of updated asset objects reloaded before import = 0Number of asset objects unloaded after import = 1

========================================================================
Received Import Request.
  Time since last request: 0.000019 seconds.
  path: Assets/Prefabs/Veiculos/Carro_Capotado_01.prefab
  artifactKey: Guid(c43228607ad9e40e4b51b49570ad1466) Importer(2089858483,192608db42251d675da83286b1cce702)
Start importing Assets/Prefabs/Veiculos/Carro_Capotado_01.prefab using Guid(c43228607ad9e40e4b51b49570ad1466) Importer(2089858483,192608db42251d675da83286b1cce702) (ScriptedImporter) -> (artifact id: '8caa8a1f6dc7062597439657dae70fcd') in 0.0215147 seconds
Number of updated asset objects reloaded before import = 0Number of asset objects unloaded after import = 8

========================================================================
Received Import Request.
  Time since last request: 0.000024 seconds.
  path: Assets/Prefabs/Veiculos/Carro_Policial.prefab
  artifactKey: Guid(e8e5a55bd37bb41e798bf87dcdad19b4) Importer(2089858483,192608db42251d675da83286b1cce702)
Start importing Assets/Prefabs/Veiculos/Carro_Policial.prefab using Guid(e8e5a55bd37bb41e798bf87dcdad19b4) Importer(2089858483,192608db42251d675da83286b1cce702) (ScriptedImporter) -> (artifact id: '1ff3ef28ae781fc56ab7c64b0ed92505') in 0.0269703 seconds
Number of updated asset objects reloaded before import = 0Number of asset objects unloaded after import = 28

========================================================================
Received Import Request.
  Time since last request: 0.000017 seconds.
  path: Assets/Modelos3D/Aderecos/Maquina_Venda_02.fbx
  artifactKey: Guid(48b43873a3e468d4ead6e08a3371e666) Importer(2089858483,192608db42251d675da83286b1cce702)
Start importing Assets/Modelos3D/Aderecos/Maquina_Venda_02.fbx using Guid(48b43873a3e468d4ead6e08a3371e666) Importer(2089858483,192608db42251d675da83286b1cce702) (ScriptedImporter) -> (artifact id: '0b644db799fbd3c253f4589c513332cc') in 0.0338365 seconds
Number of updated asset objects reloaded before import = 0Number of asset objects unloaded after import = 7

========================================================================
Received Import Request.
  Time since last request: 0.000037 seconds.
  path: Assets/Modelos3D/Aderecos/Caixa.fbx
  artifactKey: Guid(63643dfdc81dc9f4ea7dd425c0133a38) Importer(2089858483,192608db42251d675da83286b1cce702)
Start importing Assets/Modelos3D/Aderecos/Caixa.fbx using Guid(63643dfdc81dc9f4ea7dd425c0133a38) Importer(2089858483,192608db42251d675da83286b1cce702) (ScriptedImporter) -> (artifact id: '0fe93993fa42907d7ddbc82bab8b6e9e') in 0.0274898 seconds
Number of updated asset objects reloaded before import = 0Number of asset objects unloaded after import = 7

========================================================================
Received Import Request.
  Time since last request: 0.000016 seconds.
  path: Assets/Modelos3D/Aderecos/Maquina_Venda_01.fbx
  artifactKey: Guid(051b5e945ecb5ae4f8bc5a3dff7be5f2) Importer(2089858483,192608db42251d675da83286b1cce702)
Start importing Assets/Modelos3D/Aderecos/Maquina_Venda_01.fbx using Guid(051b5e945ecb5ae4f8bc5a3dff7be5f2) Importer(2089858483,192608db42251d675da83286b1cce702) (ScriptedImporter) -> (artifact id: 'e9d01dbec4bbd368ee36adaba4aae293') in 0.0299564 seconds
Number of updated asset objects reloaded before import = 0Number of asset objects unloaded after import = 7

========================================================================
Received Import Request.
  Time since last request: 0.000049 seconds.
  path: Assets/Modelos3D/Aderecos/Mochila_01.fbx
  artifactKey: Guid(8db980a47b729974b86b43beb3d58697) Importer(2089858483,192608db42251d675da83286b1cce702)
Start importing Assets/Modelos3D/Aderecos/Mochila_01.fbx using Guid(8db980a47b729974b86b43beb3d58697) Importer(2089858483,192608db42251d675da83286b1cce702) (ScriptedImporter) -> (artifact id: 'd55c3ef9085735165b0fda39c2dee343') in 0.0255001 seconds
Number of updated asset objects reloaded before import = 0Number of asset objects unloaded after import = 7

========================================================================
Received Import Request.
  Time since last request: 0.000015 seconds.
  path: Assets/Modelos3D/Ambiente/ParedeTijolos_Destruido_03.fbx
  artifactKey: Guid(18dfb98c74775ae42b45eed7cc15a673) Importer(2089858483,192608db42251d675da83286b1cce702)
Start importing Assets/Modelos3D/Ambiente/ParedeTijolos_Destruido_03.fbx using Guid(18dfb98c74775ae42b45eed7cc15a673) Importer(2089858483,192608db42251d675da83286b1cce702) (ScriptedImporter) -> (artifact id: 'ec2d209bae599f132a4ffaf208c0fd1a') in 0.0276982 seconds
Number of updated asset objects reloaded before import = 0Number of asset objects unloaded after import = 7

========================================================================
Received Import Request.
  Time since last request: 0.000015 seconds.
  path: Assets/Prefabs/Construcoes/Loja_Destruido_07.prefab
  artifactKey: Guid(6da5b512f235b47be933513481860a88) Importer(2089858483,192608db42251d675da83286b1cce702)
Start importing Assets/Prefabs/Construcoes/Loja_Destruido_07.prefab using Guid(6da5b512f235b47be933513481860a88) Importer(2089858483,192608db42251d675da83286b1cce702) (ScriptedImporter) -> (artifact id: '4b50771abc19951bfd57905946bcdef5') in 0.0210347 seconds
Number of updated asset objects reloaded before import = 0Number of asset objects unloaded after import = 18

========================================================================
Received Import Request.
  Time since last request: 0.000016 seconds.
  path: Assets/Modelos3D/Construcoes/Casa_Grande_Destruido_02.fbx
  artifactKey: Guid(98acca1964a49aa43a862f9697f6c31a) Importer(2089858483,192608db42251d675da83286b1cce702)
Start importing Assets/Modelos3D/Construcoes/Casa_Grande_Destruido_02.fbx using Guid(98acca1964a49aa43a862f9697f6c31a) Importer(2089858483,192608db42251d675da83286b1cce702) (ScriptedImporter) -> (artifact id: 'e23a7dc04e5fadb5003d5cd281f76d2b') in 0.0309918 seconds
Number of updated asset objects reloaded before import = 0Number of asset objects unloaded after import = 17

========================================================================
Received Import Request.
  Time since last request: 0.000017 seconds.
  path: Assets/Modelos3D/Ambiente/Rua_Curva_Esquerda_01.fbx
  artifactKey: Guid(ee1f0c613d9004d4ba64c7b09e68ca52) Importer(2089858483,192608db42251d675da83286b1cce702)
Start importing Assets/Modelos3D/Ambiente/Rua_Curva_Esquerda_01.fbx using Guid(ee1f0c613d9004d4ba64c7b09e68ca52) Importer(2089858483,192608db42251d675da83286b1cce702) (ScriptedImporter) -> (artifact id: 'a96fb035b222719ec03be3a83a45af51') in 0.0268028 seconds
Number of updated asset objects reloaded before import = 0Number of asset objects unloaded after import = 7

========================================================================
Received Import Request.
  Time since last request: 0.000023 seconds.
  path: Assets/Texturas/Personagens/Personagem_Piromaniaca.png
  artifactKey: Guid(45b595a2f40e7354aabf68560d176ce8) Importer(2089858483,192608db42251d675da83286b1cce702)
Start importing Assets/Texturas/Personagens/Personagem_Piromaniaca.png using Guid(45b595a2f40e7354aabf68560d176ce8) Importer(2089858483,192608db42251d675da83286b1cce702) (ScriptedImporter) -> (artifact id: '6f16b443bf3576d488a12650f8d4bc36') in 0.0356272 seconds
Number of updated asset objects reloaded before import = 0Number of asset objects unloaded after import = 1

========================================================================
Received Import Request.
  Time since last request: 0.000046 seconds.
  path: Assets/Texturas/Personagens/Personagem_Perigo.png
  artifactKey: Guid(21e40fdb214d593449474fa30aa5b59d) Importer(2089858483,192608db42251d675da83286b1cce702)
Start importing Assets/Texturas/Personagens/Personagem_Perigo.png using Guid(21e40fdb214d593449474fa30aa5b59d) Importer(2089858483,192608db42251d675da83286b1cce702) (ScriptedImporter) -> (artifact id: 'c1e142b5ab187c8e22b50fb57462b8ec') in 0.0373093 seconds
Number of updated asset objects reloaded before import = 0Number of asset objects unloaded after import = 1

========================================================================
Received Import Request.
  Time since last request: 0.000033 seconds.
  path: Assets/Texturas/Personagens/Personagem_HomemSobrevivente02_V2.png
  artifactKey: Guid(95b6dca51cbcec540892f30f6223ade3) Importer(2089858483,192608db42251d675da83286b1cce702)
Start importing Assets/Texturas/Personagens/Personagem_HomemSobrevivente02_V2.png using Guid(95b6dca51cbcec540892f30f6223ade3) Importer(2089858483,192608db42251d675da83286b1cce702) (ScriptedImporter) -> (artifact id: '01ae59a6af6d7be095896fe9301a01e2') in 0.0320675 seconds
Number of updated asset objects reloaded before import = 0Number of asset objects unloaded after import = 1

========================================================================
Received Import Request.
  Time since last request: 0.000032 seconds.
  path: Assets/Texturas/Personagens/Personagem_Medico.png
  artifactKey: Guid(403888f5ebac1c9429f7645d03dc100c) Importer(2089858483,192608db42251d675da83286b1cce702)
Start importing Assets/Texturas/Personagens/Personagem_Medico.png using Guid(403888f5ebac1c9429f7645d03dc100c) Importer(2089858483,192608db42251d675da83286b1cce702) (ScriptedImporter) -> (artifact id: '5e077b07912adddb5fef49f26dcb29c0') in 0.0342485 seconds
Number of updated asset objects reloaded before import = 0Number of asset objects unloaded after import = 1

========================================================================
Received Import Request.
  Time since last request: 0.000028 seconds.
  path: Assets/Texturas/Personagens/Personagem_MulherCasaco.png
  artifactKey: Guid(81bb6eebd77ca8740871286163284682) Importer(2089858483,192608db42251d675da83286b1cce702)
Start importing Assets/Texturas/Personagens/Personagem_MulherCasaco.png using Guid(81bb6eebd77ca8740871286163284682) Importer(2089858483,192608db42251d675da83286b1cce702) (ScriptedImporter) -> (artifact id: '3b061198aaa16bbf92e663c433f15ff5') in 0.0255951 seconds
Number of updated asset objects reloaded before import = 0Number of asset objects unloaded after import = 1

========================================================================
Received Import Request.
  Time since last request: 0.000018 seconds.
  path: Assets/Texturas/Personagens/Personagem_Machucado.png
  artifactKey: Guid(9c7d73dc97fa3ac479bb5566b72934ed) Importer(2089858483,192608db42251d675da83286b1cce702)
Start importing Assets/Texturas/Personagens/Personagem_Machucado.png using Guid(9c7d73dc97fa3ac479bb5566b72934ed) Importer(2089858483,192608db42251d675da83286b1cce702) (ScriptedImporter) -> (artifact id: '14661892c168783563f5f81b9d249749') in 0.0330409 seconds
Number of updated asset objects reloaded before import = 0Number of asset objects unloaded after import = 1

========================================================================
Received Import Request.
  Time since last request: 0.000028 seconds.
  path: Assets/Texturas/Personagens/Personagem_Prisioneiro.png
  artifactKey: Guid(16a726b848593954c95418d0d4218104) Importer(2089858483,192608db42251d675da83286b1cce702)
Start importing Assets/Texturas/Personagens/Personagem_Prisioneiro.png using Guid(16a726b848593954c95418d0d4218104) Importer(2089858483,192608db42251d675da83286b1cce702) (ScriptedImporter) -> (artifact id: '4760f2e39395bbe437c62c9483c83a3a') in 0.0256205 seconds
Number of updated asset objects reloaded before import = 0Number of asset objects unloaded after import = 1

========================================================================
Received Import Request.
  Time since last request: 0.000020 seconds.
  path: Assets/Texturas/Personagens/Personagem_HomemSobrevivente02.png
  artifactKey: Guid(759a2865d1d13124fb63d5d335119260) Importer(2089858483,192608db42251d675da83286b1cce702)
Start importing Assets/Texturas/Personagens/Personagem_HomemSobrevivente02.png using Guid(759a2865d1d13124fb63d5d335119260) Importer(2089858483,192608db42251d675da83286b1cce702) (ScriptedImporter) -> (artifact id: 'bee26c8777d943a0745be5b6a3e7f07e') in 0.026617 seconds
Number of updated asset objects reloaded before import = 0Number of asset objects unloaded after import = 1

========================================================================
Received Import Request.
  Time since last request: 0.000045 seconds.
  path: Assets/Modelos3D/Personagens/Personagens.fbx
  artifactKey: Guid(dbbc53a6bc8f5c64bb234194ce1380aa) Importer(2089858483,192608db42251d675da83286b1cce702)
Start importing Assets/Modelos3D/Personagens/Personagens.fbx using Guid(dbbc53a6bc8f5c64bb234194ce1380aa) Importer(2089858483,192608db42251d675da83286b1cce702) (ScriptedImporter) -> (artifact id: '0f4954b23549aae9494ec24dfbea505b') in 0.0982539 seconds
Number of updated asset objects reloaded before import = 0Number of asset objects unloaded after import = 242

========================================================================
Received Import Request.
  Time since last request: 0.000018 seconds.
  path: Assets/Modelos3D/Ambiente/Acampamento.fbx
  artifactKey: Guid(9dcf83bc4e2c36a4fbf79e0d51c6a5e6) Importer(2089858483,192608db42251d675da83286b1cce702)
Start importing Assets/Modelos3D/Ambiente/Acampamento.fbx using Guid(9dcf83bc4e2c36a4fbf79e0d51c6a5e6) Importer(2089858483,192608db42251d675da83286b1cce702) (ScriptedImporter) -> (artifact id: '57b98de3c8ecb0e21a6441f13ecf6aa0') in 0.0291203 seconds
Number of updated asset objects reloaded before import = 0Number of asset objects unloaded after import = 7

========================================================================
Received Import Request.
  Time since last request: 0.000017 seconds.
  path: Assets/Modelos3D/Construcoes/Apartamentos_Grande_Destruido_01.fbx
  artifactKey: Guid(04aa6e58563c66849a09813d4ad0700a) Importer(2089858483,192608db42251d675da83286b1cce702)
Start importing Assets/Modelos3D/Construcoes/Apartamentos_Grande_Destruido_01.fbx using Guid(04aa6e58563c66849a09813d4ad0700a) Importer(2089858483,192608db42251d675da83286b1cce702) (ScriptedImporter) -> (artifact id: 'd0729a262ea2b4f3280b83670f17a957') in 0.0340187 seconds
Number of updated asset objects reloaded before import = 0Number of asset objects unloaded after import = 17

========================================================================
Received Import Request.
  Time since last request: 0.000633 seconds.
  path: Assets/Modelos3D/Veiculos/Van_Batida_02.fbx
  artifactKey: Guid(2d54b84628129bc489d589b673df05d3) Importer(2089858483,192608db42251d675da83286b1cce702)
Start importing Assets/Modelos3D/Veiculos/Van_Batida_02.fbx using Guid(2d54b84628129bc489d589b673df05d3) Importer(2089858483,192608db42251d675da83286b1cce702) (ScriptedImporter) -> (artifact id: '6a715811087dec4c4caa952bc081655b') in 0.0283233 seconds
Number of updated asset objects reloaded before import = 0Number of asset objects unloaded after import = 7

========================================================================
Received Import Request.
  Time since last request: 0.000195 seconds.
  path: Assets/Prefabs/Veiculos/CarroClassico.prefab
  artifactKey: Guid(d7294dba362ab4aadbb0a1f8f30453cb) Importer(2089858483,192608db42251d675da83286b1cce702)
Start importing Assets/Prefabs/Veiculos/CarroClassico.prefab using Guid(d7294dba362ab4aadbb0a1f8f30453cb) Importer(2089858483,192608db42251d675da83286b1cce702) (ScriptedImporter) -> (artifact id: 'a24346b6ffca6cc0315bc39f2d0f3b83') in 0.0204919 seconds
Number of updated asset objects reloaded before import = 0Number of asset objects unloaded after import = 33

========================================================================
Received Import Request.
  Time since last request: 0.000022 seconds.
  path: Assets/Prefabs/Veiculos/MonsterTruck.prefab
  artifactKey: Guid(cbffb290379be40a38b68d2696af1c98) Importer(2089858483,192608db42251d675da83286b1cce702)
Start importing Assets/Prefabs/Veiculos/MonsterTruck.prefab using Guid(cbffb290379be40a38b68d2696af1c98) Importer(2089858483,192608db42251d675da83286b1cce702) (ScriptedImporter) -> (artifact id: '8f7d151054b2574a516acdb248827181') in 0.0215323 seconds
Number of updated asset objects reloaded before import = 0Number of asset objects unloaded after import = 28

========================================================================
Received Import Request.
  Time since last request: 0.000024 seconds.
  path: Assets/Prefabs/Itens/ComidaEnlatada_04.prefab
  artifactKey: Guid(8a65fd58c8d794276bbe2784f9d12ef3) Importer(2089858483,192608db42251d675da83286b1cce702)
Start importing Assets/Prefabs/Itens/ComidaEnlatada_04.prefab using Guid(8a65fd58c8d794276bbe2784f9d12ef3) Importer(2089858483,192608db42251d675da83286b1cce702) (ScriptedImporter) -> (artifact id: '39a47cbe1dbeb829f2a1a6ac6102f438') in 0.0174664 seconds
Number of updated asset objects reloaded before import = 0Number of asset objects unloaded after import = 8

========================================================================
Received Import Request.
  Time since last request: 0.000016 seconds.
  path: Assets/Prefabs/Construcoes/Predio_Comercial_Destruido_06.prefab
  artifactKey: Guid(ec8fae91bf97f42ae8527b29be8ca952) Importer(2089858483,192608db42251d675da83286b1cce702)
Start importing Assets/Prefabs/Construcoes/Predio_Comercial_Destruido_06.prefab using Guid(ec8fae91bf97f42ae8527b29be8ca952) Importer(2089858483,192608db42251d675da83286b1cce702) (ScriptedImporter) -> (artifact id: 'a99b26dceac4a422c7b82d8d6021e4b1') in 0.0170689 seconds
Number of updated asset objects reloaded before import = 0Number of asset objects unloaded after import = 13

========================================================================
Received Import Request.
  Time since last request: 0.000017 seconds.
  path: Assets/Prefabs/Itens/Lanterna_01.prefab
  artifactKey: Guid(82894e35ffe32440ba09eea8f54946bb) Importer(2089858483,192608db42251d675da83286b1cce702)
Start importing Assets/Prefabs/Itens/Lanterna_01.prefab using Guid(82894e35ffe32440ba09eea8f54946bb) Importer(2089858483,192608db42251d675da83286b1cce702) (ScriptedImporter) -> (artifact id: '5a5d96197979362cec7baeceafe8ceba') in 0.0149876 seconds
Number of updated asset objects reloaded before import = 0Number of asset objects unloaded after import = 8

========================================================================
Received Import Request.
  Time since last request: 0.000016 seconds.
  path: Assets/Prefabs/Itens/Lanterna_03.prefab
  artifactKey: Guid(23f9fae61ed9e46b188681f09d1dbd64) Importer(2089858483,192608db42251d675da83286b1cce702)
Start importing Assets/Prefabs/Itens/Lanterna_03.prefab using Guid(23f9fae61ed9e46b188681f09d1dbd64) Importer(2089858483,192608db42251d675da83286b1cce702) (ScriptedImporter) -> (artifact id: '41aeb9e369af4f8edda881eb7ef60aa8') in 0.0157773 seconds
Number of updated asset objects reloaded before import = 0Number of asset objects unloaded after import = 8

========================================================================
Received Import Request.
  Time since last request: 0.000016 seconds.
  path: Assets/Texturas/Personagens/Personagem_Heroina.png
  artifactKey: Guid(4b6f9006b34de554a8befd39aabad463) Importer(2089858483,192608db42251d675da83286b1cce702)
Start importing Assets/Texturas/Personagens/Personagem_Heroina.png using Guid(4b6f9006b34de554a8befd39aabad463) Importer(2089858483,192608db42251d675da83286b1cce702) (ScriptedImporter) -> (artifact id: '41a23925e1bec15e3fc24184617e867f') in 0.0203938 seconds
Number of updated asset objects reloaded before import = 0Number of asset objects unloaded after import = 1

========================================================================
Received Import Request.
  Time since last request: 0.000083 seconds.
  path: Assets/Prefabs/Veiculos/Van_Batida_02.prefab
  artifactKey: Guid(2cc9fbb4bdd574f1cadec92083acb88b) Importer(2089858483,192608db42251d675da83286b1cce702)
Start importing Assets/Prefabs/Veiculos/Van_Batida_02.prefab using Guid(2cc9fbb4bdd574f1cadec92083acb88b) Importer(2089858483,192608db42251d675da83286b1cce702) (ScriptedImporter) -> (artifact id: 'b26f00f4ad58fce5691aaddddcd46187') in 0.0152746 seconds
Number of updated asset objects reloaded before import = 0Number of asset objects unloaded after import = 8

========================================================================
Received Import Request.
  Time since last request: 0.000016 seconds.
  path: Assets/Prefabs/Veiculos/Caminhonete_Quebrada_02.prefab
  artifactKey: Guid(644a7401fc9b34adebbb8e9c9bca3105) Importer(2089858483,192608db42251d675da83286b1cce702)
Start importing Assets/Prefabs/Veiculos/Caminhonete_Quebrada_02.prefab using Guid(644a7401fc9b34adebbb8e9c9bca3105) Importer(2089858483,192608db42251d675da83286b1cce702) (ScriptedImporter) -> (artifact id: 'c2d268228ff3a1406924e52c598900d2') in 0.0152092 seconds
Number of updated asset objects reloaded before import = 0Number of asset objects unloaded after import = 8

========================================================================
Received Import Request.
  Time since last request: 0.000015 seconds.
  path: Assets/Prefabs/Construcoes/Restaurante.prefab
  artifactKey: Guid(cb4c7a2172ada4cad863b78c0747c586) Importer(2089858483,192608db42251d675da83286b1cce702)
Start importing Assets/Prefabs/Construcoes/Restaurante.prefab using Guid(cb4c7a2172ada4cad863b78c0747c586) Importer(2089858483,192608db42251d675da83286b1cce702) (ScriptedImporter) -> (artifact id: '65a1c9aa2aacf5290d0f2a5146794359') in 0.0184551 seconds
Number of updated asset objects reloaded before import = 0Number of asset objects unloaded after import = 8

========================================================================
Received Import Request.
  Time since last request: 0.000015 seconds.
  path: Assets/Texturas/Corpos/Corpo_01.png
  artifactKey: Guid(f99b2a52314de76448f7285c9783ed91) Importer(2089858483,192608db42251d675da83286b1cce702)
Start importing Assets/Texturas/Corpos/Corpo_01.png using Guid(f99b2a52314de76448f7285c9783ed91) Importer(2089858483,192608db42251d675da83286b1cce702) (ScriptedImporter) -> (artifact id: '465bab5f6859a8604c7e2ae6d9e15eea') in 0.0197175 seconds
Number of updated asset objects reloaded before import = 0Number of asset objects unloaded after import = 1

========================================================================
Received Import Request.
  Time since last request: 0.000088 seconds.
  path: Assets/Prefabs/Construcoes/Predio_Destruido_01.prefab
  artifactKey: Guid(f47a490faaf1d4f58b84e68881133fa7) Importer(2089858483,192608db42251d675da83286b1cce702)
Start importing Assets/Prefabs/Construcoes/Predio_Destruido_01.prefab using Guid(f47a490faaf1d4f58b84e68881133fa7) Importer(2089858483,192608db42251d675da83286b1cce702) (ScriptedImporter) -> (artifact id: '697bc5172a9567c5a646b5ac98ea834e') in 0.0190145 seconds
Number of updated asset objects reloaded before import = 0Number of asset objects unloaded after import = 13

========================================================================
Received Import Request.
  Time since last request: 0.000016 seconds.
  path: Assets/Prefabs/Veiculos/CaminhaoDeLixo.prefab
  artifactKey: Guid(7647ea840cb314376b0ea8d89d483e95) Importer(2089858483,192608db42251d675da83286b1cce702)
Start importing Assets/Prefabs/Veiculos/CaminhaoDeLixo.prefab using Guid(7647ea840cb314376b0ea8d89d483e95) Importer(2089858483,192608db42251d675da83286b1cce702) (ScriptedImporter) -> (artifact id: 'fc1395540e5e5588a073de7f738d2b90') in 0.0170811 seconds
Number of updated asset objects reloaded before import = 0Number of asset objects unloaded after import = 53

========================================================================
Received Import Request.
  Time since last request: 0.000030 seconds.
  path: Assets/Prefabs/Construcoes/Posto_Gasolina_Destruido.prefab
  artifactKey: Guid(8e8ecc4b6df224a43bef6485cdd90681) Importer(2089858483,192608db42251d675da83286b1cce702)
Start importing Assets/Prefabs/Construcoes/Posto_Gasolina_Destruido.prefab using Guid(8e8ecc4b6df224a43bef6485cdd90681) Importer(2089858483,192608db42251d675da83286b1cce702) (ScriptedImporter) -> (artifact id: 'df10014042fae7dbe077e16a9afa9ac2') in 0.0165543 seconds
Number of updated asset objects reloaded before import = 0Number of asset objects unloaded after import = 13

========================================================================
Received Import Request.
  Time since last request: 0.000019 seconds.
  path: Assets/Prefabs/Construcoes/Predio_Comercial_Destruido_02.prefab
  artifactKey: Guid(45f54f4435f5141a4a9c02612d8e0c0b) Importer(2089858483,192608db42251d675da83286b1cce702)
Start importing Assets/Prefabs/Construcoes/Predio_Comercial_Destruido_02.prefab using Guid(45f54f4435f5141a4a9c02612d8e0c0b) Importer(2089858483,192608db42251d675da83286b1cce702) (ScriptedImporter) -> (artifact id: '36063018f73d7ab6d033841a5d3b0ce8') in 0.0191433 seconds
Number of updated asset objects reloaded before import = 0Number of asset objects unloaded after import = 13

========================================================================
Received Import Request.
  Time since last request: 0.000024 seconds.
  path: Assets/Prefabs/Construcoes/Trailer_Destruido.prefab
  artifactKey: Guid(b84972cd6bed94c13959eb4ce6d50b88) Importer(2089858483,192608db42251d675da83286b1cce702)
Start importing Assets/Prefabs/Construcoes/Trailer_Destruido.prefab using Guid(b84972cd6bed94c13959eb4ce6d50b88) Importer(2089858483,192608db42251d675da83286b1cce702) (ScriptedImporter) -> (artifact id: 'ffaa3615e8d5126a0e4207139c964168') in 0.0159007 seconds
Number of updated asset objects reloaded before import = 0Number of asset objects unloaded after import = 8

========================================================================
Received Import Request.
  Time since last request: 0.000016 seconds.
  path: Assets/Texturas/Personagens/Personagem_HomemSobrevivente03.png
  artifactKey: Guid(4ee261b229fc39448af917406897d8b0) Importer(2089858483,192608db42251d675da83286b1cce702)
Start importing Assets/Texturas/Personagens/Personagem_HomemSobrevivente03.png using Guid(4ee261b229fc39448af917406897d8b0) Importer(2089858483,192608db42251d675da83286b1cce702) (ScriptedImporter) -> (artifact id: '94ac77fc68857d801cb340890bbad529') in 0.0206545 seconds
Number of updated asset objects reloaded before import = 0Number of asset objects unloaded after import = 1

========================================================================
Received Import Request.
  Time since last request: 0.000033 seconds.
  path: Assets/Prefabs/Construcoes/Predio_Destruido_04.prefab
  artifactKey: Guid(aba0360a0675a4cd0ac5558d3b470ec4) Importer(2089858483,192608db42251d675da83286b1cce702)
Start importing Assets/Prefabs/Construcoes/Predio_Destruido_04.prefab using Guid(aba0360a0675a4cd0ac5558d3b470ec4) Importer(2089858483,192608db42251d675da83286b1cce702) (ScriptedImporter) -> (artifact id: 'ac4bc7c5e8a7d80863a324e50645d0f1') in 0.0180585 seconds
Number of updated asset objects reloaded before import = 0Number of asset objects unloaded after import = 13

========================================================================
Received Import Request.
  Time since last request: 0.000020 seconds.
  path: Assets/Prefabs/Construcoes/Hospital_Entrada.prefab
  artifactKey: Guid(de66043a35a594a249c108c1a631a58a) Importer(2089858483,192608db42251d675da83286b1cce702)
Start importing Assets/Prefabs/Construcoes/Hospital_Entrada.prefab using Guid(de66043a35a594a249c108c1a631a58a) Importer(2089858483,192608db42251d675da83286b1cce702) (ScriptedImporter) -> (artifact id: 'bf5bd89a6e031ce480945600c18154b7') in 0.0167054 seconds
Number of updated asset objects reloaded before import = 0Number of asset objects unloaded after import = 13

========================================================================
Received Import Request.
  Time since last request: 0.000016 seconds.
  path: Assets/Texturas/Personagens/Personagem_HomemSobrevivente01.png
  artifactKey: Guid(057d23c98cc0d1a4da8787538aaff79c) Importer(2089858483,192608db42251d675da83286b1cce702)
Start importing Assets/Texturas/Personagens/Personagem_HomemSobrevivente01.png using Guid(057d23c98cc0d1a4da8787538aaff79c) Importer(2089858483,192608db42251d675da83286b1cce702) (ScriptedImporter) -> (artifact id: '37d8fd6e502e203993fee60e210bf8df') in 0.0208349 seconds
Number of updated asset objects reloaded before import = 0Number of asset objects unloaded after import = 1

========================================================================
Received Import Request.
  Time since last request: 0.000102 seconds.
  path: Assets/Prefabs/Construcoes/LojaFerramentas_Destruido.prefab
  artifactKey: Guid(32356e952c0244709bdf91f6f35489fd) Importer(2089858483,192608db42251d675da83286b1cce702)
Start importing Assets/Prefabs/Construcoes/LojaFerramentas_Destruido.prefab using Guid(32356e952c0244709bdf91f6f35489fd) Importer(2089858483,192608db42251d675da83286b1cce702) (ScriptedImporter) -> (artifact id: '283c3f2c075e3c8ae021f8267b6a37b3') in 0.0170159 seconds
Number of updated asset objects reloaded before import = 0Number of asset objects unloaded after import = 18

========================================================================
Received Import Request.
  Time since last request: 0.000015 seconds.
  path: Assets/Prefabs/Construcoes/Loja_Destruido_04.prefab
  artifactKey: Guid(5ba34cc0e3e4e41109617e362b536b5d) Importer(2089858483,192608db42251d675da83286b1cce702)
Start importing Assets/Prefabs/Construcoes/Loja_Destruido_04.prefab using Guid(5ba34cc0e3e4e41109617e362b536b5d) Importer(2089858483,192608db42251d675da83286b1cce702) (ScriptedImporter) -> (artifact id: 'a97f917b5d2490b3bedfda84dd58a8d5') in 0.0204272 seconds
Number of updated asset objects reloaded before import = 0Number of asset objects unloaded after import = 18

========================================================================
Received Import Request.
  Time since last request: 0.000017 seconds.
  path: Assets/Texturas/Corpos/Corpo_02.png
  artifactKey: Guid(d361e626f294f2e4f834ec3cc61758ab) Importer(2089858483,192608db42251d675da83286b1cce702)
Start importing Assets/Texturas/Corpos/Corpo_02.png using Guid(d361e626f294f2e4f834ec3cc61758ab) Importer(2089858483,192608db42251d675da83286b1cce702) (ScriptedImporter) -> (artifact id: 'c3d95bbae6852d5e79fb762df8c1c546') in 0.0184172 seconds
Number of updated asset objects reloaded before import = 0Number of asset objects unloaded after import = 1

========================================================================
Received Import Request.
  Time since last request: 0.000087 seconds.
  path: Assets/Prefabs/Itens/ComidaEnlatada_02.prefab
  artifactKey: Guid(820afa394a0c24cf394d6163f3d28954) Importer(2089858483,192608db42251d675da83286b1cce702)
Start importing Assets/Prefabs/Itens/ComidaEnlatada_02.prefab using Guid(820afa394a0c24cf394d6163f3d28954) Importer(2089858483,192608db42251d675da83286b1cce702) (ScriptedImporter) -> (artifact id: 'da71d5099107aaa2ac365adc5fc3cdaf') in 0.0165917 seconds
Number of updated asset objects reloaded before import = 0Number of asset objects unloaded after import = 8

========================================================================
Received Import Request.
  Time since last request: 0.000015 seconds.
  path: Assets/Texturas/Personagens/Personagem_Fazendeiro.png
  artifactKey: Guid(54d1f54ae06f3704f81013c74418b60e) Importer(2089858483,192608db42251d675da83286b1cce702)
Start importing Assets/Texturas/Personagens/Personagem_Fazendeiro.png using Guid(54d1f54ae06f3704f81013c74418b60e) Importer(2089858483,192608db42251d675da83286b1cce702) (ScriptedImporter) -> (artifact id: 'e92d60d39cd4241267eeee9f41c02227') in 0.0210108 seconds
Number of updated asset objects reloaded before import = 0Number of asset objects unloaded after import = 1

========================================================================
Received Import Request.
  Time since last request: 0.000146 seconds.
  path: Assets/Prefabs/Construcoes/Hotel_Secundario_Destruido.prefab
  artifactKey: Guid(221febee1e344a046bdcdb24996b6bce) Importer(2089858483,192608db42251d675da83286b1cce702)
Start importing Assets/Prefabs/Construcoes/Hotel_Secundario_Destruido.prefab using Guid(221febee1e344a046bdcdb24996b6bce) Importer(2089858483,192608db42251d675da83286b1cce702) (ScriptedImporter) -> (artifact id: 'dda1547b3d7023c39cec1ff0730436bf') in 0.0161802 seconds
Number of updated asset objects reloaded before import = 0Number of asset objects unloaded after import = 32

========================================================================
Received Import Request.
  Time since last request: 0.000019 seconds.
  path: Assets/Prefabs/Itens/Brinquedo_Damas.prefab
  artifactKey: Guid(8f0e7b584ded441afb351fb70ff08183) Importer(2089858483,192608db42251d675da83286b1cce702)
Start importing Assets/Prefabs/Itens/Brinquedo_Damas.prefab using Guid(8f0e7b584ded441afb351fb70ff08183) Importer(2089858483,192608db42251d675da83286b1cce702) (ScriptedImporter) -> (artifact id: 'ff28420c04729276042541b049f53f04') in 0.0165599 seconds
Number of updated asset objects reloaded before import = 0Number of asset objects unloaded after import = 8

========================================================================
Received Import Request.
  Time since last request: 0.000048 seconds.
  path: Assets/Texturas/Personagens/Personagem_MulherSoldado.png
  artifactKey: Guid(cbdbc75b8920ae74c87300b761f20e60) Importer(2089858483,192608db42251d675da83286b1cce702)
Start importing Assets/Texturas/Personagens/Personagem_MulherSoldado.png using Guid(cbdbc75b8920ae74c87300b761f20e60) Importer(2089858483,192608db42251d675da83286b1cce702) (ScriptedImporter) -> (artifact id: '1682bdd492a359a4af3659876913f95a') in 0.0193704 seconds
Number of updated asset objects reloaded before import = 0Number of asset objects unloaded after import = 1

========================================================================
Received Import Request.
  Time since last request: 0.000149 seconds.
  path: Assets/Texturas/Personagens/Personagem_Explorador.png
  artifactKey: Guid(383281580c79a0e4e8408a9afe11ad43) Importer(2089858483,192608db42251d675da83286b1cce702)
Start importing Assets/Texturas/Personagens/Personagem_Explorador.png using Guid(383281580c79a0e4e8408a9afe11ad43) Importer(2089858483,192608db42251d675da83286b1cce702) (ScriptedImporter) -> (artifact id: 'e0f152fb7a03a7a67c7d639c8c3f8f66') in 0.0210051 seconds
Number of updated asset objects reloaded before import = 0Number of asset objects unloaded after import = 1

========================================================================
Received Import Request.
  Time since last request: 0.000150 seconds.
  path: Assets/Prefabs/Itens/PapelHigienico.prefab
  artifactKey: Guid(3634bf4deb860478984332b4d2191b24) Importer(2089858483,192608db42251d675da83286b1cce702)
Start importing Assets/Prefabs/Itens/PapelHigienico.prefab using Guid(3634bf4deb860478984332b4d2191b24) Importer(2089858483,192608db42251d675da83286b1cce702) (ScriptedImporter) -> (artifact id: 'd0a24e8c46855be9ffac7b45ecfb8449') in 0.0154456 seconds
Number of updated asset objects reloaded before import = 0Number of asset objects unloaded after import = 8

========================================================================
Received Import Request.
  Time since last request: 0.000017 seconds.
  path: Assets/Prefabs/Armas/Revolver_02.prefab
  artifactKey: Guid(eb466420915594aa68314ac6ad7298af) Importer(2089858483,192608db42251d675da83286b1cce702)
Start importing Assets/Prefabs/Armas/Revolver_02.prefab using Guid(eb466420915594aa68314ac6ad7298af) Importer(2089858483,192608db42251d675da83286b1cce702) (ScriptedImporter) -> (artifact id: '86ab26e5450f8de3c41fd1cdbcd68010') in 0.016806 seconds
Number of updated asset objects reloaded before import = 0Number of asset objects unloaded after import = 33

========================================================================
Received Import Request.
  Time since last request: 0.000016 seconds.
  path: Assets/Texturas/Corpos/Corpo_04.png
  artifactKey: Guid(9e44986f16c307f45b80d0c9d282299b) Importer(2089858483,192608db42251d675da83286b1cce702)
Start importing Assets/Texturas/Corpos/Corpo_04.png using Guid(9e44986f16c307f45b80d0c9d282299b) Importer(2089858483,192608db42251d675da83286b1cce702) (ScriptedImporter) -> (artifact id: '2a75e230efffa046250253edc75add00') in 0.0251684 seconds
Number of updated asset objects reloaded before import = 0Number of asset objects unloaded after import = 1

========================================================================
Received Import Request.
  Time since last request: 0.000016 seconds.
  path: Assets/Prefabs/Veiculos/Helicoptero_Destruido.prefab
  artifactKey: Guid(d3b3574e65a104da6b8e3e8cc2517e34) Importer(2089858483,192608db42251d675da83286b1cce702)
Start importing Assets/Prefabs/Veiculos/Helicoptero_Destruido.prefab using Guid(d3b3574e65a104da6b8e3e8cc2517e34) Importer(2089858483,192608db42251d675da83286b1cce702) (ScriptedImporter) -> (artifact id: '4ccd418ba51fda20c4ca1a53a6c6d2c4') in 0.0369818 seconds
Number of updated asset objects reloaded before import = 0Number of asset objects unloaded after import = 8

========================================================================
Received Import Request.
  Time since last request: 0.000027 seconds.
  path: Assets/Texturas/Personagens/Personagem_HomemCasaco.png
  artifactKey: Guid(db39a3f749c1d0c4d9c1a32964e7f20c) Importer(2089858483,192608db42251d675da83286b1cce702)
Start importing Assets/Texturas/Personagens/Personagem_HomemCasaco.png using Guid(db39a3f749c1d0c4d9c1a32964e7f20c) Importer(2089858483,192608db42251d675da83286b1cce702) (ScriptedImporter) -> (artifact id: '336c5d199041cd55cdae46b3e45ec174') in 0.0442766 seconds
Number of updated asset objects reloaded before import = 0Number of asset objects unloaded after import = 1

========================================================================
Received Import Request.
  Time since last request: 0.000038 seconds.
  path: Assets/Prefabs/Itens/Lanterna_04.prefab
  artifactKey: Guid(7b81fdfff842048a2aecb275cd8ed30d) Importer(2089858483,192608db42251d675da83286b1cce702)
Start importing Assets/Prefabs/Itens/Lanterna_04.prefab using Guid(7b81fdfff842048a2aecb275cd8ed30d) Importer(2089858483,192608db42251d675da83286b1cce702) (ScriptedImporter) -> (artifact id: 'e7fbd4734598218c5bfdd44ec8841f4d') in 0.0257805 seconds
Number of updated asset objects reloaded before import = 0Number of asset objects unloaded after import = 8

========================================================================
Received Import Request.
  Time since last request: 0.000021 seconds.
  path: Assets/Modelos3D/Aderecos/Ruina_Predio_01.fbx
  artifactKey: Guid(7a5a808fdc09b654483cfe981eba7bb4) Importer(2089858483,192608db42251d675da83286b1cce702)
Start importing Assets/Modelos3D/Aderecos/Ruina_Predio_01.fbx using Guid(7a5a808fdc09b654483cfe981eba7bb4) Importer(2089858483,192608db42251d675da83286b1cce702) (ScriptedImporter) -> (artifact id: '2898ad0dbffe2f3a205909f51b5d0e59') in 0.0308104 seconds
Number of updated asset objects reloaded before import = 0Number of asset objects unloaded after import = 7

========================================================================
Received Import Request.
  Time since last request: 0.000025 seconds.
  path: Assets/Prefabs/Ambiente/Terra_02.prefab
  artifactKey: Guid(50fc901e811e74c10ada7234ed22eb14) Importer(2089858483,192608db42251d675da83286b1cce702)
Start importing Assets/Prefabs/Ambiente/Terra_02.prefab using Guid(50fc901e811e74c10ada7234ed22eb14) Importer(2089858483,192608db42251d675da83286b1cce702) (ScriptedImporter) -> (artifact id: '31814810eeeb87dac26219c02183df97') in 0.0212543 seconds
Number of updated asset objects reloaded before import = 0Number of asset objects unloaded after import = 8

========================================================================
Received Import Request.
  Time since last request: 0.000018 seconds.
  path: Assets/Prefabs/Veiculos/Carro_Bombeiro.prefab
  artifactKey: Guid(9057a921d6d1a49839ea2068c4edae0a) Importer(2089858483,192608db42251d675da83286b1cce702)
Start importing Assets/Prefabs/Veiculos/Carro_Bombeiro.prefab using Guid(9057a921d6d1a49839ea2068c4edae0a) Importer(2089858483,192608db42251d675da83286b1cce702) (ScriptedImporter) -> (artifact id: '2ef256dad713d29899608342da13359a') in 0.016723 seconds
Number of updated asset objects reloaded before import = 0Number of asset objects unloaded after import = 33

========================================================================
Received Import Request.
  Time since last request: 0.000016 seconds.
  path: Assets/Modelos3D/Construcoes/Loja_Destruido_07.fbx
  artifactKey: Guid(4b67c214b804be1468198de7ca29c53d) Importer(2089858483,192608db42251d675da83286b1cce702)
Start importing Assets/Modelos3D/Construcoes/Loja_Destruido_07.fbx using Guid(4b67c214b804be1468198de7ca29c53d) Importer(2089858483,192608db42251d675da83286b1cce702) (ScriptedImporter) -> (artifact id: '0fa76eaf5cf11841a257a8fbd1b0fed7') in 0.0236112 seconds
Number of updated asset objects reloaded before import = 0Number of asset objects unloaded after import = 17

========================================================================
Received Import Request.
  Time since last request: 0.000016 seconds.
  path: Assets/Materiais/Cenario.mat
  artifactKey: Guid(965e421d30d6a2a419dfd5b3597456b8) Importer(2089858483,192608db42251d675da83286b1cce702)
Start importing Assets/Materiais/Cenario.mat using Guid(965e421d30d6a2a419dfd5b3597456b8) Importer(2089858483,192608db42251d675da83286b1cce702) (ScriptedImporter) -> (artifact id: 'cc2e890288465aa8d1208cc49d817dd7') in 0.0168108 seconds
Number of updated asset objects reloaded before import = 0Number of asset objects unloaded after import = 2

========================================================================
Received Import Request.
  Time since last request: 0.000019 seconds.
  path: Assets/Modelos3D/Itens/ComidaEnlatada_01.fbx
  artifactKey: Guid(ba3866cfd7f96494283a99ee20d47985) Importer(2089858483,192608db42251d675da83286b1cce702)
Start importing Assets/Modelos3D/Itens/ComidaEnlatada_01.fbx using Guid(ba3866cfd7f96494283a99ee20d47985) Importer(2089858483,192608db42251d675da83286b1cce702) (ScriptedImporter) -> (artifact id: '5e96541db211b6147832fd43f3227c62') in 0.0220322 seconds
Number of updated asset objects reloaded before import = 0Number of asset objects unloaded after import = 7

========================================================================
Received Import Request.
  Time since last request: 0.000015 seconds.
  path: Assets/Prefabs/Construcoes/Restaurante_Destruido.prefab
  artifactKey: Guid(ae496fdd48ee74085a352093ba11440e) Importer(2089858483,192608db42251d675da83286b1cce702)
Start importing Assets/Prefabs/Construcoes/Restaurante_Destruido.prefab using Guid(ae496fdd48ee74085a352093ba11440e) Importer(2089858483,192608db42251d675da83286b1cce702) (ScriptedImporter) -> (artifact id: '60cac259d6730557c7231864f4d6b52b') in 0.0154331 seconds
Number of updated asset objects reloaded before import = 0Number of asset objects unloaded after import = 13

========================================================================
Received Import Request.
  Time since last request: 0.000015 seconds.
  path: Assets/Modelos3D/Armas/Arm_Pregos.fbx
  artifactKey: Guid(f7c5a214cc78b8b449434dead86fb0c2) Importer(2089858483,192608db42251d675da83286b1cce702)
Start importing Assets/Modelos3D/Armas/Arm_Pregos.fbx using Guid(f7c5a214cc78b8b449434dead86fb0c2) Importer(2089858483,192608db42251d675da83286b1cce702) (ScriptedImporter) -> (artifact id: '6bb7a692d9daed33197b351d50bf4e5e') in 0.0210665 seconds
Number of updated asset objects reloaded before import = 0Number of asset objects unloaded after import = 7

========================================================================
Received Import Request.
  Time since last request: 0.000016 seconds.
  path: Assets/Modelos3D/Ambiente/Rua_Reta_Grande_Destruido_01.fbx
  artifactKey: Guid(ec94d35107865384b8c6fbbd7d872043) Importer(2089858483,192608db42251d675da83286b1cce702)
Start importing Assets/Modelos3D/Ambiente/Rua_Reta_Grande_Destruido_01.fbx using Guid(ec94d35107865384b8c6fbbd7d872043) Importer(2089858483,192608db42251d675da83286b1cce702) (ScriptedImporter) -> (artifact id: '57b310d73e3da6ce5a80c67ecdab190d') in 0.020482 seconds
Number of updated asset objects reloaded before import = 0Number of asset objects unloaded after import = 7

========================================================================
Received Import Request.
  Time since last request: 0.000016 seconds.
  path: Assets/Modelos3D/Construcoes/Casa_Destruido_02.fbx
  artifactKey: Guid(7bcc93c8b02ea7842867283faba505ac) Importer(2089858483,192608db42251d675da83286b1cce702)
Start importing Assets/Modelos3D/Construcoes/Casa_Destruido_02.fbx using Guid(7bcc93c8b02ea7842867283faba505ac) Importer(2089858483,192608db42251d675da83286b1cce702) (ScriptedImporter) -> (artifact id: '9a3f8e955fa0283aea7db061306ed95c') in 0.0237405 seconds
Number of updated asset objects reloaded before import = 0Number of asset objects unloaded after import = 12

========================================================================
Received Import Request.
  Time since last request: 0.000015 seconds.
  path: Assets/Prefabs/Construcoes/Predio_Destruido_02.prefab
  artifactKey: Guid(14dcb2fd0ed594b8da495706a5f54a67) Importer(2089858483,192608db42251d675da83286b1cce702)
Start importing Assets/Prefabs/Construcoes/Predio_Destruido_02.prefab using Guid(14dcb2fd0ed594b8da495706a5f54a67) Importer(2089858483,192608db42251d675da83286b1cce702) (ScriptedImporter) -> (artifact id: '3fd203eaa71a3eedd3cd8cb3dac537c4') in 0.0189698 seconds
Number of updated asset objects reloaded before import = 0Number of asset objects unloaded after import = 13

========================================================================
Received Import Request.
  Time since last request: 0.000016 seconds.
  path: Assets/Prefabs/Construcoes/Predio_Apartamentos_Destruido.prefab
  artifactKey: Guid(f8c2bd3ebd46d464997af19fb51b028d) Importer(2089858483,192608db42251d675da83286b1cce702)
Start importing Assets/Prefabs/Construcoes/Predio_Apartamentos_Destruido.prefab using Guid(f8c2bd3ebd46d464997af19fb51b028d) Importer(2089858483,192608db42251d675da83286b1cce702) (ScriptedImporter) -> (artifact id: '8a5387b7956c557834400db38434d66a') in 0.020443 seconds
Number of updated asset objects reloaded before import = 0Number of asset objects unloaded after import = 13

========================================================================
Received Import Request.
  Time since last request: 0.000019 seconds.
  path: Assets/Prefabs/Itens/ComidaEnlatada_03.prefab
  artifactKey: Guid(5d1dcf1064edf4ded89ff293a2cd5752) Importer(2089858483,192608db42251d675da83286b1cce702)
Start importing Assets/Prefabs/Itens/ComidaEnlatada_03.prefab using Guid(5d1dcf1064edf4ded89ff293a2cd5752) Importer(2089858483,192608db42251d675da83286b1cce702) (ScriptedImporter) -> (artifact id: '4b8abdab25f6eb62ac853e01d09b26f9') in 0.0203922 seconds
Number of updated asset objects reloaded before import = 0Number of asset objects unloaded after import = 8

========================================================================
Received Import Request.
  Time since last request: 0.000023 seconds.
  path: Assets/Materiais/Zumbis/Zumbi_Gangster.mat
  artifactKey: Guid(8f6155e0307365142b86ab4eaacce47d) Importer(2089858483,192608db42251d675da83286b1cce702)
Start importing Assets/Materiais/Zumbis/Zumbi_Gangster.mat using Guid(8f6155e0307365142b86ab4eaacce47d) Importer(2089858483,192608db42251d675da83286b1cce702) (ScriptedImporter) -> (artifact id: '16e5356707e588ba1ab3e079b7ece11c') in 0.0147673 seconds
Number of updated asset objects reloaded before import = 0Number of asset objects unloaded after import = 2

========================================================================
Received Import Request.
  Time since last request: 0.000016 seconds.
  path: Assets/Prefabs/Itens/WalkieTalkie.prefab
  artifactKey: Guid(0f9c3e2bcaf9a4bfeaa89cb2e8f418c7) Importer(2089858483,192608db42251d675da83286b1cce702)
Start importing Assets/Prefabs/Itens/WalkieTalkie.prefab using Guid(0f9c3e2bcaf9a4bfeaa89cb2e8f418c7) Importer(2089858483,192608db42251d675da83286b1cce702) (ScriptedImporter) -> (artifact id: '161d269b04d3febda6fa5e4c72e3a79d') in 0.0175021 seconds
Number of updated asset objects reloaded before import = 0Number of asset objects unloaded after import = 8

========================================================================
Received Import Request.
  Time since last request: 0.000018 seconds.
  path: Assets/Materiais/Zumbis/Zumbi_AtendenteLoja.mat
  artifactKey: Guid(e664cf1b7f35039489da18a0f2e0b8fb) Importer(2089858483,192608db42251d675da83286b1cce702)
Start importing Assets/Materiais/Zumbis/Zumbi_AtendenteLoja.mat using Guid(e664cf1b7f35039489da18a0f2e0b8fb) Importer(2089858483,192608db42251d675da83286b1cce702) (ScriptedImporter) -> (artifact id: '67cd3e4391253ec2d87906d0d2543ff2') in 0.0180438 seconds
Number of updated asset objects reloaded before import = 0Number of asset objects unloaded after import = 2

========================================================================
Received Import Request.
  Time since last request: 0.000016 seconds.
  path: Assets/Modelos3D/Aderecos/Ruina_Predio_03.fbx
  artifactKey: Guid(add6b60c86c920842bd6bbe9ec33d255) Importer(2089858483,192608db42251d675da83286b1cce702)
Start importing Assets/Modelos3D/Aderecos/Ruina_Predio_03.fbx using Guid(add6b60c86c920842bd6bbe9ec33d255) Importer(2089858483,192608db42251d675da83286b1cce702) (ScriptedImporter) -> (artifact id: '8df3e68b20fdfd74557502ebeba4f795') in 0.0219016 seconds
Number of updated asset objects reloaded before import = 0Number of asset objects unloaded after import = 7

========================================================================
Received Import Request.
  Time since last request: 0.000016 seconds.
  path: Assets/Modelos3D/Aderecos/Caixa_Pizza_01.fbx
  artifactKey: Guid(91ba7704a24543b4a93ed0ea90ec5298) Importer(2089858483,192608db42251d675da83286b1cce702)
Start importing Assets/Modelos3D/Aderecos/Caixa_Pizza_01.fbx using Guid(91ba7704a24543b4a93ed0ea90ec5298) Importer(2089858483,192608db42251d675da83286b1cce702) (ScriptedImporter) -> (artifact id: 'a847259749de0c9c944dd987dc3c71c7') in 0.0238347 seconds
Number of updated asset objects reloaded before import = 0Number of asset objects unloaded after import = 7

========================================================================
Received Import Request.
  Time since last request: 0.000029 seconds.
  path: Assets/Materiais/Zumbis/Zumbi_Turista.mat
  artifactKey: Guid(77b21607c66df0d4b80a0addc59f17ea) Importer(2089858483,192608db42251d675da83286b1cce702)
Start importing Assets/Materiais/Zumbis/Zumbi_Turista.mat using Guid(77b21607c66df0d4b80a0addc59f17ea) Importer(2089858483,192608db42251d675da83286b1cce702) (ScriptedImporter) -> (artifact id: '69b02595275a7468a5991c91a75fa34f') in 0.0203186 seconds
Number of updated asset objects reloaded before import = 0Number of asset objects unloaded after import = 2

========================================================================
Received Import Request.
  Time since last request: 0.000017 seconds.
  path: Assets/Materiais/Zumbis/Zumbi_CarregadorDeMalas.mat
  artifactKey: Guid(a61cde1ee1dbdbc47a85601d74b9149d) Importer(2089858483,192608db42251d675da83286b1cce702)
Start importing Assets/Materiais/Zumbis/Zumbi_CarregadorDeMalas.mat using Guid(a61cde1ee1dbdbc47a85601d74b9149d) Importer(2089858483,192608db42251d675da83286b1cce702) (ScriptedImporter) -> (artifact id: 'cf2982296ded6eb4212bc19d6fce3b04') in 0.019258 seconds
Number of updated asset objects reloaded before import = 0Number of asset objects unloaded after import = 2

========================================================================
Received Import Request.
  Time since last request: 0.000018 seconds.
  path: Assets/Modelos3D/Aderecos/Mala_02.fbx
  artifactKey: Guid(5a1141fcc7756864b9b0e10b3b2e4785) Importer(2089858483,192608db42251d675da83286b1cce702)
Start importing Assets/Modelos3D/Aderecos/Mala_02.fbx using Guid(5a1141fcc7756864b9b0e10b3b2e4785) Importer(2089858483,192608db42251d675da83286b1cce702) (ScriptedImporter) -> (artifact id: '03ce2397cb592c4977ce15a3c9733699') in 0.0283843 seconds
Number of updated asset objects reloaded before import = 0Number of asset objects unloaded after import = 7

========================================================================
Received Import Request.
  Time since last request: 0.000017 seconds.
  path: Assets/Prefabs/Personagens/Zumbi.prefab
  artifactKey: Guid(35861510587b7489780fe86970823679) Importer(2089858483,192608db42251d675da83286b1cce702)
Start importing Assets/Prefabs/Personagens/Zumbi.prefab using Guid(35861510587b7489780fe86970823679) Importer(2089858483,192608db42251d675da83286b1cce702) (ScriptedImporter) -> (artifact id: '5aca7b4db0da4bc0a4c42111bd494956') in 0.0337234 seconds
Number of updated asset objects reloaded before import = 0Number of asset objects unloaded after import = 148

========================================================================
Received Import Request.
  Time since last request: 0.000020 seconds.
  path: Assets/Modelos3D/Construcoes/Predio_Destruido_03.fbx
  artifactKey: Guid(803cefe7f62e4f0469cacd0b01850be8) Importer(2089858483,192608db42251d675da83286b1cce702)
Start importing Assets/Modelos3D/Construcoes/Predio_Destruido_03.fbx using Guid(803cefe7f62e4f0469cacd0b01850be8) Importer(2089858483,192608db42251d675da83286b1cce702) (ScriptedImporter) -> (artifact id: '3d59741d7a815c39844c7ed8f4cee2d7') in 0.0539139 seconds
Number of updated asset objects reloaded before import = 0Number of asset objects unloaded after import = 12

========================================================================
Received Import Request.
  Time since last request: 0.000030 seconds.
  path: Assets/Materiais/Zumbis/Zumbi_JogadorDeFutebol.mat
  artifactKey: Guid(4e491cd124db34c4483f392510da0dac) Importer(2089858483,192608db42251d675da83286b1cce702)
Start importing Assets/Materiais/Zumbis/Zumbi_JogadorDeFutebol.mat using Guid(4e491cd124db34c4483f392510da0dac) Importer(2089858483,192608db42251d675da83286b1cce702) (ScriptedImporter) -> (artifact id: 'ca4a1a275118e89c88cf799a14716dd1') in 0.0314627 seconds
Number of updated asset objects reloaded before import = 0Number of asset objects unloaded after import = 2

========================================================================
Received Import Request.
  Time since last request: 0.000124 seconds.
  path: Assets/Prefabs/Veiculos/Tanque.prefab
  artifactKey: Guid(c2fe2407b32a8419fa5c22d1e5e37871) Importer(2089858483,192608db42251d675da83286b1cce702)
Start importing Assets/Prefabs/Veiculos/Tanque.prefab using Guid(c2fe2407b32a8419fa5c22d1e5e37871) Importer(2089858483,192608db42251d675da83286b1cce702) (ScriptedImporter) -> (artifact id: 'ca884354658bf8a12d1f94452fe8c228') in 0.025942 seconds
Number of updated asset objects reloaded before import = 0Number of asset objects unloaded after import = 63

========================================================================
Received Import Request.
  Time since last request: 0.000083 seconds.
  path: Assets/Prefabs/Construcoes/Predio_Comercial_Destruido_01.prefab
  artifactKey: Guid(7838d82f56cc54177bf8ef54183cac12) Importer(2089858483,192608db42251d675da83286b1cce702)
Start importing Assets/Prefabs/Construcoes/Predio_Comercial_Destruido_01.prefab using Guid(7838d82f56cc54177bf8ef54183cac12) Importer(2089858483,192608db42251d675da83286b1cce702) (ScriptedImporter) -> (artifact id: '5e62078001e2992ad1113109578fa254') in 0.0189735 seconds
Number of updated asset objects reloaded before import = 0Number of asset objects unloaded after import = 13

========================================================================
Received Import Request.
  Time since last request: 0.000020 seconds.
  path: Assets/Materiais/Zumbis/Zumbi_Prisioneiro.mat
  artifactKey: Guid(da830dc705972ed4f9ac88c0d4b79b92) Importer(2089858483,192608db42251d675da83286b1cce702)
Start importing Assets/Materiais/Zumbis/Zumbi_Prisioneiro.mat using Guid(da830dc705972ed4f9ac88c0d4b79b92) Importer(2089858483,192608db42251d675da83286b1cce702) (ScriptedImporter) -> (artifact id: '15d9c5bd172e8c1a9ce2b092e8131f09') in 0.0172901 seconds
Number of updated asset objects reloaded before import = 0Number of asset objects unloaded after import = 2

========================================================================
Received Import Request.
  Time since last request: 0.000021 seconds.
  path: Assets/Modelos3D/Aderecos/Grama_03.fbx
  artifactKey: Guid(ca206cd1c58b5bb419f93b3e1ee764bd) Importer(2089858483,192608db42251d675da83286b1cce702)
Start importing Assets/Modelos3D/Aderecos/Grama_03.fbx using Guid(ca206cd1c58b5bb419f93b3e1ee764bd) Importer(2089858483,192608db42251d675da83286b1cce702) (ScriptedImporter) -> (artifact id: '1db9d62ad809e94f43d444fe7d7bb305') in 0.0240813 seconds
Number of updated asset objects reloaded before import = 0Number of asset objects unloaded after import = 7

========================================================================
Received Import Request.
  Time since last request: 0.000027 seconds.
  path: Assets/Prefabs/Aderecos/Colchao_02.prefab
  artifactKey: Guid(77a704c1b0dea4361b8f8019be0fceb7) Importer(2089858483,192608db42251d675da83286b1cce702)
Start importing Assets/Prefabs/Aderecos/Colchao_02.prefab using Guid(77a704c1b0dea4361b8f8019be0fceb7) Importer(2089858483,192608db42251d675da83286b1cce702) (ScriptedImporter) -> (artifact id: 'b7dbc5a8fea0dd143cf950bdc6f0dce9') in 0.0155414 seconds
Number of updated asset objects reloaded before import = 0Number of asset objects unloaded after import = 8

========================================================================
Received Import Request.
  Time since last request: 0.000015 seconds.
  path: Assets/Modelos3D/Aderecos/Geladeira_Destruida.fbx
  artifactKey: Guid(80bf67d4bc98e9944834f8c175cd34e4) Importer(2089858483,192608db42251d675da83286b1cce702)
Start importing Assets/Modelos3D/Aderecos/Geladeira_Destruida.fbx using Guid(80bf67d4bc98e9944834f8c175cd34e4) Importer(2089858483,192608db42251d675da83286b1cce702) (ScriptedImporter) -> (artifact id: 'e12f32371b1820381394d69c5a1041f6') in 0.020956 seconds
Number of updated asset objects reloaded before import = 0Number of asset objects unloaded after import = 7

========================================================================
Received Import Request.
  Time since last request: 0.000016 seconds.
  path: Assets/Modelos3D/Aderecos/Arvore_01.fbx
  artifactKey: Guid(f301f6b168cdb6044b134dc1695c2e00) Importer(2089858483,192608db42251d675da83286b1cce702)
Start importing Assets/Modelos3D/Aderecos/Arvore_01.fbx using Guid(f301f6b168cdb6044b134dc1695c2e00) Importer(2089858483,192608db42251d675da83286b1cce702) (ScriptedImporter) -> (artifact id: '3051a7332899c7120210f2f98209bab8') in 0.0217226 seconds
Number of updated asset objects reloaded before import = 0Number of asset objects unloaded after import = 7

========================================================================
Received Import Request.
  Time since last request: 0.000016 seconds.
  path: Assets/Modelos3D/Aderecos/Arvore_02.fbx
  artifactKey: Guid(dc2bcfd1b3fd48247b55faa20b6ea16a) Importer(2089858483,192608db42251d675da83286b1cce702)
Start importing Assets/Modelos3D/Aderecos/Arvore_02.fbx using Guid(dc2bcfd1b3fd48247b55faa20b6ea16a) Importer(2089858483,192608db42251d675da83286b1cce702) (ScriptedImporter) -> (artifact id: '73762d78815c720b79a6672432320f36') in 0.0215474 seconds
Number of updated asset objects reloaded before import = 0Number of asset objects unloaded after import = 7

========================================================================
Received Import Request.
  Time since last request: 0.000048 seconds.
  path: Assets/Modelos3D/Aderecos/Barril_Caido_01.fbx
  artifactKey: Guid(65a874b805f39ad4d93a1b2e93b9b96b) Importer(2089858483,192608db42251d675da83286b1cce702)
Start importing Assets/Modelos3D/Aderecos/Barril_Caido_01.fbx using Guid(65a874b805f39ad4d93a1b2e93b9b96b) Importer(2089858483,192608db42251d675da83286b1cce702) (ScriptedImporter) -> (artifact id: '00150ccd3074d79bece421022f24aa29') in 0.0212529 seconds
Number of updated asset objects reloaded before import = 0Number of asset objects unloaded after import = 7

========================================================================
Received Import Request.
  Time since last request: 0.000021 seconds.
  path: Assets/Modelos3D/Aderecos/Destrocos_02.fbx
  artifactKey: Guid(c422f41dacd63bc41849d01c06d7167b) Importer(2089858483,192608db42251d675da83286b1cce702)
Start importing Assets/Modelos3D/Aderecos/Destrocos_02.fbx using Guid(c422f41dacd63bc41849d01c06d7167b) Importer(2089858483,192608db42251d675da83286b1cce702) (ScriptedImporter) -> (artifact id: '22aba688c4624d59b72942331c1db714') in 0.0215164 seconds
Number of updated asset objects reloaded before import = 0Number of asset objects unloaded after import = 7

========================================================================
Received Import Request.
  Time since last request: 0.000113 seconds.
  path: Assets/Materiais/Zumbis/Zumbi_Mecanico.mat
  artifactKey: Guid(008316033fc5cb54e9df91755a34fb2f) Importer(2089858483,192608db42251d675da83286b1cce702)
Start importing Assets/Materiais/Zumbis/Zumbi_Mecanico.mat using Guid(008316033fc5cb54e9df91755a34fb2f) Importer(2089858483,192608db42251d675da83286b1cce702) (ScriptedImporter) -> (artifact id: '916f8d1e06d042f96c271d7d49c51036') in 0.0158208 seconds
Number of updated asset objects reloaded before import = 0Number of asset objects unloaded after import = 2

========================================================================
Received Import Request.
  Time since last request: 0.000016 seconds.
  path: Assets/Materiais/Zumbis/Zumbi_PoliciaMontada.mat
  artifactKey: Guid(9ddf5db41272a184897937ef13c14e01) Importer(2089858483,192608db42251d675da83286b1cce702)
Start importing Assets/Materiais/Zumbis/Zumbi_PoliciaMontada.mat using Guid(9ddf5db41272a184897937ef13c14e01) Importer(2089858483,192608db42251d675da83286b1cce702) (ScriptedImporter) -> (artifact id: 'daa94093887324a4410e45e9ea182a0c') in 0.0145639 seconds
Number of updated asset objects reloaded before import = 0Number of asset objects unloaded after import = 2

========================================================================
Received Import Request.
  Time since last request: 0.000072 seconds.
  path: Assets/Modelos3D/Aderecos/Caixa_Municao_Aberta.fbx
  artifactKey: Guid(bb49499c2c6db664f8fdd07a2e2e993c) Importer(2089858483,192608db42251d675da83286b1cce702)
Start importing Assets/Modelos3D/Aderecos/Caixa_Municao_Aberta.fbx using Guid(bb49499c2c6db664f8fdd07a2e2e993c) Importer(2089858483,192608db42251d675da83286b1cce702) (ScriptedImporter) -> (artifact id: 'cf318e66ff03425c39b012a594da9d95') in 0.0239846 seconds
Number of updated asset objects reloaded before import = 0Number of asset objects unloaded after import = 12

========================================================================
Received Import Request.
  Time since last request: 0.000030 seconds.
  path: Assets/Prefabs/Construcoes/Loja_Destruido_06.prefab
  artifactKey: Guid(01beadeab9463430ab3c5d79971b707c) Importer(2089858483,192608db42251d675da83286b1cce702)
Start importing Assets/Prefabs/Construcoes/Loja_Destruido_06.prefab using Guid(01beadeab9463430ab3c5d79971b707c) Importer(2089858483,192608db42251d675da83286b1cce702) (ScriptedImporter) -> (artifact id: 'fc21099f4f53a65581f2b55ce74ce5ed') in 0.0190859 seconds
Number of updated asset objects reloaded before import = 0Number of asset objects unloaded after import = 13

========================================================================
Received Import Request.
  Time since last request: 0.000016 seconds.
  path: Assets/Modelos3D/Ambiente/ParedeTijolos_01.fbx
  artifactKey: Guid(860188669ecf9f44d938982161af21ab) Importer(2089858483,192608db42251d675da83286b1cce702)
Start importing Assets/Modelos3D/Ambiente/ParedeTijolos_01.fbx using Guid(860188669ecf9f44d938982161af21ab) Importer(2089858483,192608db42251d675da83286b1cce702) (ScriptedImporter) -> (artifact id: '093290118745252599245a300e75e1ca') in 0.020725 seconds
Number of updated asset objects reloaded before import = 0Number of asset objects unloaded after import = 7

========================================================================
Received Import Request.
  Time since last request: 0.000015 seconds.
  path: Assets/Materiais/Zumbis/Zumbi_MulherFazendeira.mat
  artifactKey: Guid(3b11922100fbe6d43b13ba2d57da2127) Importer(2089858483,192608db42251d675da83286b1cce702)
Start importing Assets/Materiais/Zumbis/Zumbi_MulherFazendeira.mat using Guid(3b11922100fbe6d43b13ba2d57da2127) Importer(2089858483,192608db42251d675da83286b1cce702) (ScriptedImporter) -> (artifact id: '4f6da4246a6ecaea70bf273901374c2d') in 0.0169306 seconds
Number of updated asset objects reloaded before import = 0Number of asset objects unloaded after import = 2

========================================================================
Received Import Request.
  Time since last request: 0.000018 seconds.
  path: Assets/Texturas/Personagens/Personagem_Cacador.png
  artifactKey: Guid(86f4eb568f641bc4caf79cb6beca8739) Importer(2089858483,192608db42251d675da83286b1cce702)
Start importing Assets/Texturas/Personagens/Personagem_Cacador.png using Guid(86f4eb568f641bc4caf79cb6beca8739) Importer(2089858483,192608db42251d675da83286b1cce702) (ScriptedImporter) -> (artifact id: '7b47eece78d164ef04a8e3e847be3ed7') in 0.0213261 seconds
Number of updated asset objects reloaded before import = 0Number of asset objects unloaded after import = 1

========================================================================
Received Import Request.
  Time since last request: 0.000018 seconds.
  path: Assets/Materiais/Personagens/Personagem_HomemCasaco.mat
  artifactKey: Guid(565a36848934faa4db08756381f0ec23) Importer(2089858483,192608db42251d675da83286b1cce702)
Start importing Assets/Materiais/Personagens/Personagem_HomemCasaco.mat using Guid(565a36848934faa4db08756381f0ec23) Importer(2089858483,192608db42251d675da83286b1cce702) (ScriptedImporter) -> (artifact id: '3cd5ca94732fd74f4c2044ebb74acfc3') in 0.0163123 seconds
Number of updated asset objects reloaded before import = 0Number of asset objects unloaded after import = 2

========================================================================
Received Import Request.
  Time since last request: 0.000017 seconds.
  path: Assets/Modelos3D/Aderecos/Sofa_Destruido_01.fbx
  artifactKey: Guid(c5450e96dbf8a6e4f992c46384eac8dc) Importer(2089858483,192608db42251d675da83286b1cce702)
Start importing Assets/Modelos3D/Aderecos/Sofa_Destruido_01.fbx using Guid(c5450e96dbf8a6e4f992c46384eac8dc) Importer(2089858483,192608db42251d675da83286b1cce702) (ScriptedImporter) -> (artifact id: '0c1eb45a6e23d1c47292856c9a138f48') in 0.0227831 seconds
Number of updated asset objects reloaded before import = 0Number of asset objects unloaded after import = 7

========================================================================
Received Import Request.
  Time since last request: 0.000016 seconds.
  path: Assets/Texturas/Personagens/Personagem_Construtor.png
  artifactKey: Guid(f7dd35384e233a344ade3ccc81aa1f10) Importer(2089858483,192608db42251d675da83286b1cce702)
Start importing Assets/Texturas/Personagens/Personagem_Construtor.png using Guid(f7dd35384e233a344ade3ccc81aa1f10) Importer(2089858483,192608db42251d675da83286b1cce702) (ScriptedImporter) -> (artifact id: 'ab982b9f538f65d02e5fc9c9cba667d4') in 0.0233392 seconds
Number of updated asset objects reloaded before import = 0Number of asset objects unloaded after import = 1

========================================================================
Received Import Request.
  Time since last request: 0.000076 seconds.
  path: Assets/Modelos3D/Construcoes/Predio_Comercial_Destruido_08.fbx
  artifactKey: Guid(b343ab44dadde784ea46cf045aa20e4a) Importer(2089858483,192608db42251d675da83286b1cce702)
Start importing Assets/Modelos3D/Construcoes/Predio_Comercial_Destruido_08.fbx using Guid(b343ab44dadde784ea46cf045aa20e4a) Importer(2089858483,192608db42251d675da83286b1cce702) (ScriptedImporter) -> (artifact id: '0bb885ebbd663c723b1681bde29cb105') in 0.0255906 seconds
Number of updated asset objects reloaded before import = 0Number of asset objects unloaded after import = 12

========================================================================
Received Import Request.
  Time since last request: 0.000019 seconds.
  path: Assets/Modelos3D/Aderecos/Cerca_Continua_01.fbx
  artifactKey: Guid(2e1a2501aedb52247b010912b5de50d1) Importer(2089858483,192608db42251d675da83286b1cce702)
Start importing Assets/Modelos3D/Aderecos/Cerca_Continua_01.fbx using Guid(2e1a2501aedb52247b010912b5de50d1) Importer(2089858483,192608db42251d675da83286b1cce702) (ScriptedImporter) -> (artifact id: 'cb16a3b63c195a8a96de195acfa653f4') in 0.0194499 seconds
Number of updated asset objects reloaded before import = 0Number of asset objects unloaded after import = 7

========================================================================
Received Import Request.
  Time since last request: 0.000025 seconds.
  path: Assets/Modelos3D/Aderecos/Ruina_Predio_02.fbx
  artifactKey: Guid(3f92f5dbef138304faed402b5e0fb895) Importer(2089858483,192608db42251d675da83286b1cce702)
Start importing Assets/Modelos3D/Aderecos/Ruina_Predio_02.fbx using Guid(3f92f5dbef138304faed402b5e0fb895) Importer(2089858483,192608db42251d675da83286b1cce702) (ScriptedImporter) -> (artifact id: '949bb7e85c9b0faaa4bbf46d92e52917') in 0.0236307 seconds
Number of updated asset objects reloaded before import = 0Number of asset objects unloaded after import = 7

========================================================================
Received Import Request.
  Time since last request: 0.000015 seconds.
  path: Assets/Modelos3D/Construcoes/Casa_Media_Destruido_01.fbx
  artifactKey: Guid(f69f0d0835848ff459d6e0d6182aac9e) Importer(2089858483,192608db42251d675da83286b1cce702)
Start importing Assets/Modelos3D/Construcoes/Casa_Media_Destruido_01.fbx using Guid(f69f0d0835848ff459d6e0d6182aac9e) Importer(2089858483,192608db42251d675da83286b1cce702) (ScriptedImporter) -> (artifact id: 'f3c6db2299c3b32c304afbd4407fddb8') in 0.0253444 seconds
Number of updated asset objects reloaded before import = 0Number of asset objects unloaded after import = 17

========================================================================
Received Import Request.
  Time since last request: 0.000016 seconds.
  path: Assets/Modelos3D/Armas/Revolver_02.fbx
  artifactKey: Guid(4536b01e1a072544194fa27c38c9fc4d) Importer(2089858483,192608db42251d675da83286b1cce702)
Start importing Assets/Modelos3D/Armas/Revolver_02.fbx using Guid(4536b01e1a072544194fa27c38c9fc4d) Importer(2089858483,192608db42251d675da83286b1cce702) (ScriptedImporter) -> (artifact id: '963e6db432179c4b98f235b106cc7129') in 0.0276741 seconds
Number of updated asset objects reloaded before import = 0Number of asset objects unloaded after import = 32

========================================================================
Received Import Request.
  Time since last request: 0.000016 seconds.
  path: Assets/Modelos3D/Aderecos/Mala_01.fbx
  artifactKey: Guid(3246e4215b3ec3a4ca0fbdfbffad6676) Importer(2089858483,192608db42251d675da83286b1cce702)
Start importing Assets/Modelos3D/Aderecos/Mala_01.fbx using Guid(3246e4215b3ec3a4ca0fbdfbffad6676) Importer(2089858483,192608db42251d675da83286b1cce702) (ScriptedImporter) -> (artifact id: '61fd3f86e99beab9d1e3359e331e4522') in 0.0219566 seconds
Number of updated asset objects reloaded before import = 0Number of asset objects unloaded after import = 7

========================================================================
Received Import Request.
  Time since last request: 0.000071 seconds.
  path: Assets/Modelos3D/Ambiente/Terra_03.fbx
  artifactKey: Guid(2de7e4ae5b3a1a34b859d2c5e964ca5d) Importer(2089858483,192608db42251d675da83286b1cce702)
Start importing Assets/Modelos3D/Ambiente/Terra_03.fbx using Guid(2de7e4ae5b3a1a34b859d2c5e964ca5d) Importer(2089858483,192608db42251d675da83286b1cce702) (ScriptedImporter) -> (artifact id: '0dbb9e2c27d62343e2cac38eae1e2f57') in 0.020128 seconds
Number of updated asset objects reloaded before import = 0Number of asset objects unloaded after import = 7

========================================================================
Received Import Request.
  Time since last request: 0.000107 seconds.
  path: Assets/Texturas/Personagens/Personagem_Empresario.png
  artifactKey: Guid(6ab68334279b7a44caf244340a714929) Importer(2089858483,192608db42251d675da83286b1cce702)
Start importing Assets/Texturas/Personagens/Personagem_Empresario.png using Guid(6ab68334279b7a44caf244340a714929) Importer(2089858483,192608db42251d675da83286b1cce702) (ScriptedImporter) -> (artifact id: '98f90e902ef08e1038e3e4ef0c8bde06') in 0.0189599 seconds
Number of updated asset objects reloaded before import = 0Number of asset objects unloaded after import = 1

========================================================================
Received Import Request.
  Time since last request: 2.252464 seconds.
  path: Assets/Texturas/Personagens/Personagem_RiscoBiologico.png
  artifactKey: Guid(9981feb813e54334cbc9ae372c061bf6) Importer(2089858483,192608db42251d675da83286b1cce702)
Start importing Assets/Texturas/Personagens/Personagem_RiscoBiologico.png using Guid(9981feb813e54334cbc9ae372c061bf6) Importer(2089858483,192608db42251d675da83286b1cce702) (ScriptedImporter) -> (artifact id: '0195ae01da098bdace8c68f045290dca') in 0.1527872 seconds
Number of updated asset objects reloaded before import = 0Number of asset objects unloaded after import = 1

========================================================================
Received Import Request.
  Time since last request: 0.000038 seconds.
  path: Assets/Modelos3D/Personagens/Animacoes/Animacoes_Zumbi.txt
  artifactKey: Guid(dedeb49e73b6d54469c92bc018e4cf32) Importer(2089858483,192608db42251d675da83286b1cce702)
Start importing Assets/Modelos3D/Personagens/Animacoes/Animacoes_Zumbi.txt using Guid(dedeb49e73b6d54469c92bc018e4cf32) Importer(2089858483,192608db42251d675da83286b1cce702) (ScriptedImporter) -> (artifact id: 'f416c1fbf3f5306c3346d0a2fb00462b') in 0.0380198 seconds
Number of updated asset objects reloaded before import = 0Number of asset objects unloaded after import = 1

========================================================================
Received Import Request.
  Time since last request: 0.000140 seconds.
  path: Assets/Texturas/Zumbis/Zumbi_JogadorBasket.png
  artifactKey: Guid(7115aa9d40fcec047b0d01c25de00e33) Importer(2089858483,192608db42251d675da83286b1cce702)
Start importing Assets/Texturas/Zumbis/Zumbi_JogadorBasket.png using Guid(7115aa9d40fcec047b0d01c25de00e33) Importer(2089858483,192608db42251d675da83286b1cce702) (ScriptedImporter) -> (artifact id: '80db2cb7f09efc5f320293f3bc518d6a') in 0.0423825 seconds
Number of updated asset objects reloaded before import = 0Number of asset objects unloaded after import = 1

========================================================================
Received Import Request.
  Time since last request: 0.000035 seconds.
  path: Assets/Texturas/Personagens/Personagem_SobreviventeExperiente.png
  artifactKey: Guid(b421bc4f19e69e1409583990dd5471cb) Importer(2089858483,192608db42251d675da83286b1cce702)
Start importing Assets/Texturas/Personagens/Personagem_SobreviventeExperiente.png using Guid(b421bc4f19e69e1409583990dd5471cb) Importer(2089858483,192608db42251d675da83286b1cce702) (ScriptedImporter) -> (artifact id: '4af78c0c57fa0c5964c0f05c41ff2bf9') in 0.0371889 seconds
Number of updated asset objects reloaded before import = 0Number of asset objects unloaded after import = 1

========================================================================
Received Import Request.
  Time since last request: 0.000070 seconds.
  path: Assets/Texturas/Zumbis/Zumbi_Palhaco.png
  artifactKey: Guid(9f5f0c12c3d927c45a333361dcfcd5aa) Importer(2089858483,192608db42251d675da83286b1cce702)
Start importing Assets/Texturas/Zumbis/Zumbi_Palhaco.png using Guid(9f5f0c12c3d927c45a333361dcfcd5aa) Importer(2089858483,192608db42251d675da83286b1cce702) (ScriptedImporter) -> (artifact id: '486dc3c6fdc937631baf5f4b170b4282') in 0.0283268 seconds
Number of updated asset objects reloaded before import = 0Number of asset objects unloaded after import = 1

========================================================================
Received Import Request.
  Time since last request: 0.000022 seconds.
  path: Assets/Texturas/Zumbis/Zumbi_PoliciaMontada.png
  artifactKey: Guid(7da7ad78bc14e7442aed1c6e260aa8ca) Importer(2089858483,192608db42251d675da83286b1cce702)
Start importing Assets/Texturas/Zumbis/Zumbi_PoliciaMontada.png using Guid(7da7ad78bc14e7442aed1c6e260aa8ca) Importer(2089858483,192608db42251d675da83286b1cce702) (ScriptedImporter) -> (artifact id: '1629cf83586bd563500411f037a1d81f') in 0.0266389 seconds
Number of updated asset objects reloaded before import = 0Number of asset objects unloaded after import = 1

========================================================================
Received Import Request.
  Time since last request: 0.000034 seconds.
  path: Assets/Texturas/Personagens/Personagem_Sobrevivente02.png
  artifactKey: Guid(99929664d02b2b84f97a09ecbfd0e477) Importer(2089858483,192608db42251d675da83286b1cce702)
Start importing Assets/Texturas/Personagens/Personagem_Sobrevivente02.png using Guid(99929664d02b2b84f97a09ecbfd0e477) Importer(2089858483,192608db42251d675da83286b1cce702) (ScriptedImporter) -> (artifact id: '0d73c131d2952ade1c939f97c9ac6c74') in 0.0235527 seconds
Number of updated asset objects reloaded before import = 0Number of asset objects unloaded after import = 1

========================================================================
Received Import Request.
  Time since last request: 0.000027 seconds.
  path: Assets/Texturas/Zumbis/Zumbi_JogadorDeFutebol.png
  artifactKey: Guid(c769cd85783d6fe45958147ae83e8562) Importer(2089858483,192608db42251d675da83286b1cce702)
Start importing Assets/Texturas/Zumbis/Zumbi_JogadorDeFutebol.png using Guid(c769cd85783d6fe45958147ae83e8562) Importer(2089858483,192608db42251d675da83286b1cce702) (ScriptedImporter) -> (artifact id: '3683f92258cf491325fa53975df91d4d') in 0.0248665 seconds
Number of updated asset objects reloaded before import = 0Number of asset objects unloaded after import = 1

========================================================================
Received Import Request.
  Time since last request: 0.000033 seconds.
  path: Assets/Texturas/Zumbis/Zumbi_Caminhoneiro.png
  artifactKey: Guid(24ea722503c8082419da354c575bf04a) Importer(2089858483,192608db42251d675da83286b1cce702)
Start importing Assets/Texturas/Zumbis/Zumbi_Caminhoneiro.png using Guid(24ea722503c8082419da354c575bf04a) Importer(2089858483,192608db42251d675da83286b1cce702) (ScriptedImporter) -> (artifact id: 'de6b6d2425cd351968ea65ebf5b09a78') in 0.0230907 seconds
Number of updated asset objects reloaded before import = 0Number of asset objects unloaded after import = 1

========================================================================
Received Import Request.
  Time since last request: 0.000033 seconds.
  path: Assets/Texturas/Zumbis/Zumbi_SegurancaAeroporto.png
  artifactKey: Guid(80dca1f9597bd29419d84998401e7621) Importer(2089858483,192608db42251d675da83286b1cce702)
Start importing Assets/Texturas/Zumbis/Zumbi_SegurancaAeroporto.png using Guid(80dca1f9597bd29419d84998401e7621) Importer(2089858483,192608db42251d675da83286b1cce702) (ScriptedImporter) -> (artifact id: '7b05040ec0b61a3dd6f17c2543b79211') in 0.0240719 seconds
Number of updated asset objects reloaded before import = 0Number of asset objects unloaded after import = 1

========================================================================
Received Import Request.
  Time since last request: 0.000030 seconds.
  path: Assets/Texturas/Zumbis/Zumbi_Gangster.png
  artifactKey: Guid(1f5b1d7785802d347a3da9b7a907a180) Importer(2089858483,192608db42251d675da83286b1cce702)
Start importing Assets/Texturas/Zumbis/Zumbi_Gangster.png using Guid(1f5b1d7785802d347a3da9b7a907a180) Importer(2089858483,192608db42251d675da83286b1cce702) (ScriptedImporter) -> (artifact id: '469487c10a772356a473c9794ee25e76') in 0.0224622 seconds
Number of updated asset objects reloaded before import = 0Number of asset objects unloaded after import = 1

========================================================================
Received Import Request.
  Time since last request: 0.000017 seconds.
  path: Assets/Modelos3D/Personagens/Animacoes/Animacoes_Zumbi.fbx
  artifactKey: Guid(69a526a296b75074db3310a32ab2ba19) Importer(2089858483,192608db42251d675da83286b1cce702)
Start importing Assets/Modelos3D/Personagens/Animacoes/Animacoes_Zumbi.fbx using Guid(69a526a296b75074db3310a32ab2ba19) Importer(2089858483,192608db42251d675da83286b1cce702) (ScriptedImporter) -> (artifact id: 'f4dcd8ffc946550e58db447fc7dfdef5') in 0.0626877 seconds
Number of updated asset objects reloaded before import = 0Number of asset objects unloaded after import = 207

========================================================================
Received Import Request.
  Time since last request: 0.000019 seconds.
  path: Assets/Texturas/Zumbis/Zumbi_Industrial.png
  artifactKey: Guid(82d43dfe81ee77b4e99e0d980acc78b5) Importer(2089858483,192608db42251d675da83286b1cce702)
Start importing Assets/Texturas/Zumbis/Zumbi_Industrial.png using Guid(82d43dfe81ee77b4e99e0d980acc78b5) Importer(2089858483,192608db42251d675da83286b1cce702) (ScriptedImporter) -> (artifact id: '2fd91fb1f26dc986ce7b9440739206be') in 0.0365181 seconds
Number of updated asset objects reloaded before import = 0Number of asset objects unloaded after import = 1

========================================================================
Received Import Request.
  Time since last request: 0.000199 seconds.
  path: Assets/Texturas/Zumbis/Zumbi_AtendenteLoja.png
  artifactKey: Guid(317df323758af614cbad2150890261f4) Importer(2089858483,192608db42251d675da83286b1cce702)
Start importing Assets/Texturas/Zumbis/Zumbi_AtendenteLoja.png using Guid(317df323758af614cbad2150890261f4) Importer(2089858483,192608db42251d675da83286b1cce702) (ScriptedImporter) -> (artifact id: '3843dd3220c24f951c2fe42c2d4923e7') in 0.2092814 seconds
Number of updated asset objects reloaded before import = 0Number of asset objects unloaded after import = 1

========================================================================
Received Import Request.
  Time since last request: 0.000451 seconds.
  path: Assets/Texturas/Zumbis/Zumbi_Fazendeiro.png
  artifactKey: Guid(5cf46a2ed0940cd44bddca4d3288de18) Importer(2089858483,192608db42251d675da83286b1cce702)
Start importing Assets/Texturas/Zumbis/Zumbi_Fazendeiro.png using Guid(5cf46a2ed0940cd44bddca4d3288de18) Importer(2089858483,192608db42251d675da83286b1cce702) (ScriptedImporter) -> (artifact id: '6c9a9f74eedd5b7b123e31c5907f42f4') in 0.0531125 seconds
Number of updated asset objects reloaded before import = 0Number of asset objects unloaded after import = 1

========================================================================
Received Import Request.
  Time since last request: 0.000046 seconds.
  path: Assets/Texturas/Zumbis/Zumbi_Piloto.png
  artifactKey: Guid(da80cb659c328474390b7170f6f7d103) Importer(2089858483,192608db42251d675da83286b1cce702)
Start importing Assets/Texturas/Zumbis/Zumbi_Piloto.png using Guid(da80cb659c328474390b7170f6f7d103) Importer(2089858483,192608db42251d675da83286b1cce702) (ScriptedImporter) -> (artifact id: '8a519cfad51e2fff13e270c8f2a96175') in 0.0323485 seconds
Number of updated asset objects reloaded before import = 0Number of asset objects unloaded after import = 1

========================================================================
Received Import Request.
  Time since last request: 0.000016 seconds.
  path: Assets/Texturas/Personagens/Personagem_Sobrevivente01.png
  artifactKey: Guid(dcd57a549b2501e40bbc1de824fe3ab3) Importer(2089858483,192608db42251d675da83286b1cce702)
Start importing Assets/Texturas/Personagens/Personagem_Sobrevivente01.png using Guid(dcd57a549b2501e40bbc1de824fe3ab3) Importer(2089858483,192608db42251d675da83286b1cce702) (ScriptedImporter) -> (artifact id: 'e0b7ccb6cb342d25b75e1753098e7b56') in 0.0242623 seconds
Number of updated asset objects reloaded before import = 0Number of asset objects unloaded after import = 1

========================================================================
Received Import Request.
  Time since last request: 0.000015 seconds.
  path: Assets/Texturas/Zumbis/Zumbi_Avo.png
  artifactKey: Guid(f0509460e2235064e9007cfc898e8dfb) Importer(2089858483,192608db42251d675da83286b1cce702)
Start importing Assets/Texturas/Zumbis/Zumbi_Avo.png using Guid(f0509460e2235064e9007cfc898e8dfb) Importer(2089858483,192608db42251d675da83286b1cce702) (ScriptedImporter) -> (artifact id: '92f58f90e9f6065f010ffe38f71cd095') in 0.0273483 seconds
Number of updated asset objects reloaded before import = 0Number of asset objects unloaded after import = 1

========================================================================
Received Import Request.
  Time since last request: 0.000016 seconds.
  path: Assets/Texturas/Zumbis/Zumbi_MoradorDeAreaLivre.png
  artifactKey: Guid(3e539d58882693c4d942ebafb87f42c6) Importer(2089858483,192608db42251d675da83286b1cce702)
Start importing Assets/Texturas/Zumbis/Zumbi_MoradorDeAreaLivre.png using Guid(3e539d58882693c4d942ebafb87f42c6) Importer(2089858483,192608db42251d675da83286b1cce702) (ScriptedImporter) -> (artifact id: 'a5fca097a5a2a6f3cb28e59ba6f25277') in 0.0235737 seconds
Number of updated asset objects reloaded before import = 0Number of asset objects unloaded after import = 1

========================================================================
Received Import Request.
  Time since last request: 0.000121 seconds.
  path: Assets/Texturas/Zumbis/Zumbi_Executivo.png
  artifactKey: Guid(86b594a11a411eb43a6d96e02578abe8) Importer(2089858483,192608db42251d675da83286b1cce702)
Start importing Assets/Texturas/Zumbis/Zumbi_Executivo.png using Guid(86b594a11a411eb43a6d96e02578abe8) Importer(2089858483,192608db42251d675da83286b1cce702) (ScriptedImporter) -> (artifact id: '582f2f1ebbb9063f54771a86b04cea35') in 0.0248386 seconds
Number of updated asset objects reloaded before import = 0Number of asset objects unloaded after import = 1

========================================================================
Received Import Request.
  Time since last request: 0.000465 seconds.
  path: Assets/Texturas/Zumbis/Zumbi_PapaiNoel.png
  artifactKey: Guid(d2af7cac1255c844b8f9b8eeca5f0da5) Importer(2089858483,192608db42251d675da83286b1cce702)
Start importing Assets/Texturas/Zumbis/Zumbi_PapaiNoel.png using Guid(d2af7cac1255c844b8f9b8eeca5f0da5) Importer(2089858483,192608db42251d675da83286b1cce702) (ScriptedImporter) -> (artifact id: '2c5befcce197ad9b725bab28f66ddbde') in 0.0255671 seconds
Number of updated asset objects reloaded before import = 0Number of asset objects unloaded after import = 1

========================================================================
Received Import Request.
  Time since last request: 0.000025 seconds.
  path: Assets/Texturas/Zumbis/Zumbi_TrabalhadorEstrada.png
  artifactKey: Guid(258175a7011fa554c957f848b082fa1f) Importer(2089858483,192608db42251d675da83286b1cce702)
Start importing Assets/Texturas/Zumbis/Zumbi_TrabalhadorEstrada.png using Guid(258175a7011fa554c957f848b082fa1f) Importer(2089858483,192608db42251d675da83286b1cce702) (ScriptedImporter) -> (artifact id: '1a6457bc6282f5dbe088d5777722cb8a') in 0.022719 seconds
Number of updated asset objects reloaded before import = 0Number of asset objects unloaded after import = 1

========================================================================
Received Import Request.
  Time since last request: 0.000056 seconds.
  path: Assets/Texturas/Zumbis/Zumbi_MulherFazendeiro.png
  artifactKey: Guid(d720e4ace5d897f43a5ff988a681ae82) Importer(2089858483,192608db42251d675da83286b1cce702)
Start importing Assets/Texturas/Zumbis/Zumbi_MulherFazendeiro.png using Guid(d720e4ace5d897f43a5ff988a681ae82) Importer(2089858483,192608db42251d675da83286b1cce702) (ScriptedImporter) -> (artifact id: '613744b97b35508e41367de89538f754') in 0.024169 seconds
Number of updated asset objects reloaded before import = 0Number of asset objects unloaded after import = 1

========================================================================
Received Import Request.
  Time since last request: 0.000611 seconds.
  path: Assets/Texturas/Zumbis/Zumbi_LiderDeTorcida.png
  artifactKey: Guid(969b8499de92f7d41839e687f672f69e) Importer(2089858483,192608db42251d675da83286b1cce702)
Start importing Assets/Texturas/Zumbis/Zumbi_LiderDeTorcida.png using Guid(969b8499de92f7d41839e687f672f69e) Importer(2089858483,192608db42251d675da83286b1cce702) (ScriptedImporter) -> (artifact id: 'd460de7afd06b00b444934cc444f5f67') in 0.0249622 seconds
Number of updated asset objects reloaded before import = 0Number of asset objects unloaded after import = 1

========================================================================
Received Import Request.
  Time since last request: 0.000016 seconds.
  path: Assets/Texturas/Zumbis/Zumbi_Turista.png
  artifactKey: Guid(2441c01cc2e9a7b43b07333cc5fbb85f) Importer(2089858483,192608db42251d675da83286b1cce702)
Start importing Assets/Texturas/Zumbis/Zumbi_Turista.png using Guid(2441c01cc2e9a7b43b07333cc5fbb85f) Importer(2089858483,192608db42251d675da83286b1cce702) (ScriptedImporter) -> (artifact id: 'b577e0453dad8e5021d4e029bc671c39') in 0.0261362 seconds
Number of updated asset objects reloaded before import = 0Number of asset objects unloaded after import = 1

========================================================================
Received Import Request.
  Time since last request: 0.000035 seconds.
  path: Assets/Texturas/Personagens/Personagem_Xerife.png
  artifactKey: Guid(15e6407923e657947b0a85a81335a9d4) Importer(2089858483,192608db42251d675da83286b1cce702)
Start importing Assets/Texturas/Personagens/Personagem_Xerife.png using Guid(15e6407923e657947b0a85a81335a9d4) Importer(2089858483,192608db42251d675da83286b1cce702) (ScriptedImporter) -> (artifact id: 'ea0cbf58d395c867fb2f2381a43c6f8f') in 0.020938 seconds
Number of updated asset objects reloaded before import = 0Number of asset objects unloaded after import = 1

========================================================================
Received Import Request.
  Time since last request: 0.000038 seconds.
  path: Assets/Modelos3D/Personagens/Animacoes/Animacoes.txt
  artifactKey: Guid(f8de6a4374030c249b6d89ba52a336c5) Importer(2089858483,192608db42251d675da83286b1cce702)
Start importing Assets/Modelos3D/Personagens/Animacoes/Animacoes.txt using Guid(f8de6a4374030c249b6d89ba52a336c5) Importer(2089858483,192608db42251d675da83286b1cce702) (ScriptedImporter) -> (artifact id: '5983b3b34a8fba5e4e13e00a8bb21af9') in 0.0121834 seconds
Number of updated asset objects reloaded before import = 0Number of asset objects unloaded after import = 1

========================================================================
Received Import Request.
  Time since last request: 0.000036 seconds.
  path: Assets/Texturas/Zumbis/Zumbi_ControleAeroporto.png
  artifactKey: Guid(5eb25a982d788cf42a2c3dcd29fda88b) Importer(2089858483,192608db42251d675da83286b1cce702)
Start importing Assets/Texturas/Zumbis/Zumbi_ControleAeroporto.png using Guid(5eb25a982d788cf42a2c3dcd29fda88b) Importer(2089858483,192608db42251d675da83286b1cce702) (ScriptedImporter) -> (artifact id: '7c700f57c2a00013991395c5e3388411') in 0.019238 seconds
Number of updated asset objects reloaded before import = 0Number of asset objects unloaded after import = 1

========================================================================
Received Import Request.
  Time since last request: 0.000017 seconds.
  path: Assets/Texturas/Zumbis/Zumbi_Corredor.png
  artifactKey: Guid(ba1cf622a738afa45aa3ca1880f2b526) Importer(2089858483,192608db42251d675da83286b1cce702)
Start importing Assets/Texturas/Zumbis/Zumbi_Corredor.png using Guid(ba1cf622a738afa45aa3ca1880f2b526) Importer(2089858483,192608db42251d675da83286b1cce702) (ScriptedImporter) -> (artifact id: '33b4066439c54e4130ecbd31a16b76eb') in 0.019538 seconds
Number of updated asset objects reloaded before import = 0Number of asset objects unloaded after import = 1

========================================================================
Received Import Request.
  Time since last request: 0.000075 seconds.
  path: Assets/Texturas/Zumbis/Zumbi_Bombeiro.png
  artifactKey: Guid(2d2be3f73ff1c504098b7ba60bbef03f) Importer(2089858483,192608db42251d675da83286b1cce702)
Start importing Assets/Texturas/Zumbis/Zumbi_Bombeiro.png using Guid(2d2be3f73ff1c504098b7ba60bbef03f) Importer(2089858483,192608db42251d675da83286b1cce702) (ScriptedImporter) -> (artifact id: '65937646356a3e0f482ca7d957079df8') in 0.0189009 seconds
Number of updated asset objects reloaded before import = 0Number of asset objects unloaded after import = 1

========================================================================
Received Import Request.
  Time since last request: 0.000066 seconds.
  path: Assets/Texturas/Zumbis/Zumbi_Prisioneiro.png
  artifactKey: Guid(774e0564891577d47a64e0210e504945) Importer(2089858483,192608db42251d675da83286b1cce702)
Start importing Assets/Texturas/Zumbis/Zumbi_Prisioneiro.png using Guid(774e0564891577d47a64e0210e504945) Importer(2089858483,192608db42251d675da83286b1cce702) (ScriptedImporter) -> (artifact id: 'e538245ea1c3d4ca014f16c69a3df232') in 0.0199454 seconds
Number of updated asset objects reloaded before import = 0Number of asset objects unloaded after import = 1

========================================================================
Received Import Request.
  Time since last request: 0.000085 seconds.
  path: Assets/Texturas/Zumbis/Zumbi_Mecanico.png
  artifactKey: Guid(d0d7a195b8333024f997fb1fcd618e7a) Importer(2089858483,192608db42251d675da83286b1cce702)
Start importing Assets/Texturas/Zumbis/Zumbi_Mecanico.png using Guid(d0d7a195b8333024f997fb1fcd618e7a) Importer(2089858483,192608db42251d675da83286b1cce702) (ScriptedImporter) -> (artifact id: '7ab6e9d7f9ac97e9526557960dfc153e') in 0.0195998 seconds
Number of updated asset objects reloaded before import = 0Number of asset objects unloaded after import = 1

========================================================================
Received Import Request.
  Time since last request: 0.000099 seconds.
  path: Assets/Modelos3D/Personagens/Animacoes/Animacoes_Ataque.fbx
  artifactKey: Guid(ddf59738cd3fce848867929e0595edc5) Importer(2089858483,192608db42251d675da83286b1cce702)
Start importing Assets/Modelos3D/Personagens/Animacoes/Animacoes_Ataque.fbx using Guid(ddf59738cd3fce848867929e0595edc5) Importer(2089858483,192608db42251d675da83286b1cce702) (ScriptedImporter) -> (artifact id: 'dbc9af998add66d1667bbcd0b7eee884') in 0.0224852 seconds
Number of updated asset objects reloaded before import = 0Number of asset objects unloaded after import = 49

========================================================================
Received Import Request.
  Time since last request: 0.000017 seconds.
  path: Assets/Modelos3D/Personagens/Animacoes/Animacoes_IK.fbx
  artifactKey: Guid(6e4b26fde7f77c046bed3bb532de26f1) Importer(2089858483,192608db42251d675da83286b1cce702)
Start importing Assets/Modelos3D/Personagens/Animacoes/Animacoes_IK.fbx using Guid(6e4b26fde7f77c046bed3bb532de26f1) Importer(2089858483,192608db42251d675da83286b1cce702) (ScriptedImporter) -> (artifact id: 'ccf7fb68d14e4b37c2df534fdf5786be') in 0.0255239 seconds
Number of updated asset objects reloaded before import = 0Number of asset objects unloaded after import = 48

========================================================================
Received Import Request.
  Time since last request: 0.000016 seconds.
  path: Assets/Texturas/Zumbis/Zumbi_CarregadorDeMalas.png
  artifactKey: Guid(5b1a62cd5a3d90e48b501d5c4dacbf3c) Importer(2089858483,192608db42251d675da83286b1cce702)
Start importing Assets/Texturas/Zumbis/Zumbi_CarregadorDeMalas.png using Guid(5b1a62cd5a3d90e48b501d5c4dacbf3c) Importer(2089858483,192608db42251d675da83286b1cce702) (ScriptedImporter) -> (artifact id: '25fd8917cdcdb99e341b668a289e7cae') in 0.0196835 seconds
Number of updated asset objects reloaded before import = 0Number of asset objects unloaded after import = 1

========================================================================
Received Import Request.
  Time since last request: 0.000093 seconds.
  path: Assets/Texturas/Zumbis/Zumbi_Soldado.png
  artifactKey: Guid(b8237dc3eb59cd84ebcec6966e6b9afd) Importer(2089858483,192608db42251d675da83286b1cce702)
Start importing Assets/Texturas/Zumbis/Zumbi_Soldado.png using Guid(b8237dc3eb59cd84ebcec6966e6b9afd) Importer(2089858483,192608db42251d675da83286b1cce702) (ScriptedImporter) -> (artifact id: '020dcab01683e47979ffdc336e0e7ff9') in 0.0201806 seconds
Number of updated asset objects reloaded before import = 0Number of asset objects unloaded after import = 1

========================================================================
Received Import Request.
  Time since last request: 0.000071 seconds.
  path: Assets/Texturas/Zumbis/Zumbi_Ladrao.png
  artifactKey: Guid(6b294cf1c2f696e4e9faeea49394c4af) Importer(2089858483,192608db42251d675da83286b1cce702)
Start importing Assets/Texturas/Zumbis/Zumbi_Ladrao.png using Guid(6b294cf1c2f696e4e9faeea49394c4af) Importer(2089858483,192608db42251d675da83286b1cce702) (ScriptedImporter) -> (artifact id: '73bbd7a315b27da17b7c5ca6a896beba') in 0.0197633 seconds
Number of updated asset objects reloaded before import = 0Number of asset objects unloaded after import = 1

========================================================================
Received Import Request.
  Time since last request: 0.000094 seconds.
  path: Assets/Modelos3D/Personagens/Animacoes/Animacoes.fbx
  artifactKey: Guid(d55a3dafe23105e409ee70d6605cbd49) Importer(2089858483,192608db42251d675da83286b1cce702)
Start importing Assets/Modelos3D/Personagens/Animacoes/Animacoes.fbx using Guid(d55a3dafe23105e409ee70d6605cbd49) Importer(2089858483,192608db42251d675da83286b1cce702) (ScriptedImporter) -> (artifact id: '8908f7572d695cfc44ccbb4bebde3c2b') in 0.0212155 seconds
Number of updated asset objects reloaded before import = 0Number of asset objects unloaded after import = 44

========================================================================
Received Import Request.
  Time since last request: 67.009491 seconds.
  path: Assets/ControlaJogador.cs
  artifactKey: Guid(1efded3eb15b8c146820e72fb3d95211) Importer(815301076,1909f56bfc062723c751e8b465ee728b)
Start importing Assets/ControlaJogador.cs using Guid(1efded3eb15b8c146820e72fb3d95211) Importer(815301076,1909f56bfc062723c751e8b465ee728b) (PreviewImporter) -> (artifact id: '9c0d389d7803146040ed053285fccc2f') in 0.0007119 seconds
Number of updated asset objects reloaded before import = 0Number of asset objects unloaded after import = 0

========================================================================
Received Prepare
Refreshing native plugins compatible for Editor in 0.00 ms, found 0 plugins.
Preloading 0 native plugins for Editor in 0.00 ms.
Unloading 0 Unused Serialized files (Serialized files now loaded: 0)
Unloading 64 unused Assets / (1.9 KB). Loaded Objects now: 564.
Memory consumption went from 53.3 MB to 53.3 MB.
Total: 11.772800 ms (FindLiveObjects: 0.059200 ms CreateObjectMapping: 0.006900 ms MarkObjects: 11.669200 ms  DeleteObjects: 0.035400 ms)

Prepare: number of updated asset objects reloaded= 0
========================================================================
Received Import Request.
  Time since last request: 336.717610 seconds.
  path: Assets/ControlaJogador.cs
  artifactKey: Guid(1efded3eb15b8c146820e72fb3d95211) Importer(815301076,1909f56bfc062723c751e8b465ee728b)
Start importing Assets/ControlaJogador.cs using Guid(1efded3eb15b8c146820e72fb3d95211) Importer(815301076,1909f56bfc062723c751e8b465ee728b) (PreviewImporter) -> (artifact id: 'b160dbd992b5722b27a96bc3f2d7811f') in 0.000811 seconds
Number of updated asset objects reloaded before import = 0Number of asset objects unloaded after import = 0

========================================================================
Received Import Request.
  Time since last request: 0.910539 seconds.
  path: Assets/ControlaJogador.cs
  artifactKey: Guid(1efded3eb15b8c146820e72fb3d95211) Importer(2089858483,192608db42251d675da83286b1cce702)
Start importing Assets/ControlaJogador.cs using Guid(1efded3eb15b8c146820e72fb3d95211) Importer(2089858483,192608db42251d675da83286b1cce702) (ScriptedImporter) -> (artifact id: '07d0242043efdefd707d2ef2f9ac7a38') in 0.0252098 seconds
Number of updated asset objects reloaded before import = 0Number of asset objects unloaded after import = 0

========================================================================
Received Prepare
Begin MonoManager ReloadAssembly
- Loaded All Assemblies, in  0.365 seconds
Refreshing native plugins compatible for Editor in 0.00 ms, found 0 plugins.
Native extension for WindowsStandalone target not found
Native extension for WebGL target not found
Mono: successfully reloaded assembly
- Finished resetting the current domain, in  0.511 seconds
Domain Reload Profiling: 874ms
	BeginReloadAssembly (255ms)
		ExecutionOrderSort (0ms)
		DisableScriptedObjects (11ms)
		BackupInstance (0ms)
		ReleaseScriptingObjects (0ms)
		CreateAndSetChildDomain (35ms)
	RebuildCommonClasses (51ms)
	RebuildNativeTypeToScriptingClass (18ms)
	initialDomainReloadingComplete (24ms)
	LoadAllAssembliesAndSetupDomain (15ms)
		LoadAssemblies (154ms)
		RebuildTransferFunctionScriptingTraits (0ms)
		AnalyzeDomain (10ms)
			TypeCache.Refresh (5ms)
				TypeCache.ScanAssembly (0ms)
			BuildScriptInfoCaches (3ms)
			ResolveRequiredComponents (0ms)
	FinalizeReload (511ms)
		ReleaseScriptCaches (0ms)
		RebuildScriptCaches (0ms)
		SetupLoadedEditorAssemblies (286ms)
			LogAssemblyErrors (0ms)
			InitializePlatformSupportModulesInManaged (5ms)
			SetLoadedEditorAssemblies (3ms)
			BeforeProcessingInitializeOnLoad (80ms)
			ProcessInitializeOnLoadAttributes (154ms)
			ProcessInitializeOnLoadMethodAttributes (34ms)
			AfterProcessingInitializeOnLoad (9ms)
			EditorAssembliesLoaded (0ms)
		ExecutionOrderSort2 (0ms)
		AwakeInstancesAfterBackupRestoration (11ms)
Refreshing native plugins compatible for Editor in 0.00 ms, found 0 plugins.
Preloading 0 native plugins for Editor in 0.00 ms.
Unloading 0 Unused Serialized files (Serialized files now loaded: 0)
Unloading 63 unused Assets / (1.0 KB). Loaded Objects now: 564.
Memory consumption went from 52.7 MB to 52.7 MB.
Total: 3.760700 ms (FindLiveObjects: 0.043200 ms CreateObjectMapping: 0.005200 ms MarkObjects: 3.681400 ms  DeleteObjects: 0.029600 ms)

Prepare: number of updated asset objects reloaded= 0
========================================================================
Received Import Request.
  Time since last request: 111.845709 seconds.
  path: Assets/ControlaJogador.cs
  artifactKey: Guid(1efded3eb15b8c146820e72fb3d95211) Importer(815301076,1909f56bfc062723c751e8b465ee728b)
Start importing Assets/ControlaJogador.cs using Guid(1efded3eb15b8c146820e72fb3d95211) Importer(815301076,1909f56bfc062723c751e8b465ee728b) (PreviewImporter) -> (artifact id: '0ea3112694d876ee8eacaf7cac5c6e87') in 0.0016224 seconds
Number of updated asset objects reloaded before import = 0Number of asset objects unloaded after import = 0

========================================================================
Received Prepare
Refreshing native plugins compatible for Editor in 0.00 ms, found 0 plugins.
Preloading 0 native plugins for Editor in 0.00 ms.
Unloading 0 Unused Serialized files (Serialized files now loaded: 0)
Unloading 63 unused Assets / (1.0 KB). Loaded Objects now: 564.
Memory consumption went from 52.9 MB to 52.9 MB.
Total: 5.405100 ms (FindLiveObjects: 0.056200 ms CreateObjectMapping: 0.005800 ms MarkObjects: 5.308500 ms  DeleteObjects: 0.033600 ms)

Prepare: number of updated asset objects reloaded= 0
========================================================================
Received Import Request.
  Time since last request: 109.213936 seconds.
  path: Assets/ControlaJogador.cs
  artifactKey: Guid(1efded3eb15b8c146820e72fb3d95211) Importer(815301076,1909f56bfc062723c751e8b465ee728b)
Start importing Assets/ControlaJogador.cs using Guid(1efded3eb15b8c146820e72fb3d95211) Importer(815301076,1909f56bfc062723c751e8b465ee728b) (PreviewImporter) -> (artifact id: '0ca9ca949588729b6df62729e9c22247') in 0.0008191 seconds
Number of updated asset objects reloaded before import = 0Number of asset objects unloaded after import = 0

========================================================================
Received Prepare
Begin MonoManager ReloadAssembly
- Loaded All Assemblies, in  0.323 seconds
Refreshing native plugins compatible for Editor in 0.00 ms, found 0 plugins.
Native extension for WindowsStandalone target not found
Native extension for WebGL target not found
Mono: successfully reloaded assembly
- Finished resetting the current domain, in  0.443 seconds
Domain Reload Profiling: 764ms
	BeginReloadAssembly (215ms)
		ExecutionOrderSort (0ms)
		DisableScriptedObjects (8ms)
		BackupInstance (0ms)
		ReleaseScriptingObjects (0ms)
		CreateAndSetChildDomain (35ms)
	RebuildCommonClasses (47ms)
	RebuildNativeTypeToScriptingClass (17ms)
	initialDomainReloadingComplete (26ms)
	LoadAllAssembliesAndSetupDomain (14ms)
		LoadAssemblies (139ms)
		RebuildTransferFunctionScriptingTraits (0ms)
		AnalyzeDomain (9ms)
			TypeCache.Refresh (4ms)
				TypeCache.ScanAssembly (0ms)
			BuildScriptInfoCaches (3ms)
			ResolveRequiredComponents (0ms)
	FinalizeReload (444ms)
		ReleaseScriptCaches (0ms)
		RebuildScriptCaches (0ms)
		SetupLoadedEditorAssemblies (291ms)
			LogAssemblyErrors (0ms)
			InitializePlatformSupportModulesInManaged (4ms)
			SetLoadedEditorAssemblies (4ms)
			BeforeProcessingInitializeOnLoad (74ms)
			ProcessInitializeOnLoadAttributes (158ms)
			ProcessInitializeOnLoadMethodAttributes (42ms)
			AfterProcessingInitializeOnLoad (9ms)
			EditorAssembliesLoaded (0ms)
		ExecutionOrderSort2 (0ms)
		AwakeInstancesAfterBackupRestoration (17ms)
Refreshing native plugins compatible for Editor in 0.00 ms, found 0 plugins.
Preloading 0 native plugins for Editor in 0.00 ms.
Unloading 0 Unused Serialized files (Serialized files now loaded: 0)
Unloading 63 unused Assets / (1.0 KB). Loaded Objects now: 564.
Memory consumption went from 52.7 MB to 52.7 MB.
Total: 4.238600 ms (FindLiveObjects: 0.048300 ms CreateObjectMapping: 0.006600 ms MarkObjects: 4.151200 ms  DeleteObjects: 0.031400 ms)

Prepare: number of updated asset objects reloaded= 0
========================================================================
Received Prepare
Begin MonoManager ReloadAssembly
- Loaded All Assemblies, in  0.319 seconds
Refreshing native plugins compatible for Editor in 0.00 ms, found 0 plugins.
Native extension for WindowsStandalone target not found
Native extension for WebGL target not found
Mono: successfully reloaded assembly
- Finished resetting the current domain, in  0.477 seconds
Domain Reload Profiling: 789ms
	BeginReloadAssembly (206ms)
		ExecutionOrderSort (0ms)
		DisableScriptedObjects (9ms)
		BackupInstance (0ms)
		ReleaseScriptingObjects (0ms)
		CreateAndSetChildDomain (30ms)
	RebuildCommonClasses (45ms)
	RebuildNativeTypeToScriptingClass (18ms)
	initialDomainReloadingComplete (28ms)
	LoadAllAssembliesAndSetupDomain (15ms)
		LoadAssemblies (130ms)
		RebuildTransferFunctionScriptingTraits (0ms)
		AnalyzeDomain (9ms)
			TypeCache.Refresh (4ms)
				TypeCache.ScanAssembly (0ms)
			BuildScriptInfoCaches (3ms)
			ResolveRequiredComponents (0ms)
	FinalizeReload (477ms)
		ReleaseScriptCaches (0ms)
		RebuildScriptCaches (0ms)
		SetupLoadedEditorAssemblies (298ms)
			LogAssemblyErrors (0ms)
			InitializePlatformSupportModulesInManaged (5ms)
			SetLoadedEditorAssemblies (4ms)
			BeforeProcessingInitializeOnLoad (80ms)
			ProcessInitializeOnLoadAttributes (171ms)
			ProcessInitializeOnLoadMethodAttributes (30ms)
			AfterProcessingInitializeOnLoad (8ms)
			EditorAssembliesLoaded (0ms)
		ExecutionOrderSort2 (0ms)
		AwakeInstancesAfterBackupRestoration (12ms)
Refreshing native plugins compatible for Editor in 0.00 ms, found 0 plugins.
Preloading 0 native plugins for Editor in 0.00 ms.
Unloading 0 Unused Serialized files (Serialized files now loaded: 0)
Unloading 63 unused Assets / (1.0 KB). Loaded Objects now: 564.
Memory consumption went from 52.7 MB to 52.7 MB.
Total: 4.620000 ms (FindLiveObjects: 0.083600 ms CreateObjectMapping: 0.008100 ms MarkObjects: 4.495700 ms  DeleteObjects: 0.031300 ms)

Prepare: number of updated asset objects reloaded= 0
========================================================================
Received Prepare
Begin MonoManager ReloadAssembly
- Loaded All Assemblies, in  0.315 seconds
Refreshing native plugins compatible for Editor in 0.00 ms, found 0 plugins.
Native extension for WindowsStandalone target not found
Native extension for WebGL target not found
Mono: successfully reloaded assembly
- Finished resetting the current domain, in  0.509 seconds
Domain Reload Profiling: 822ms
	BeginReloadAssembly (212ms)
		ExecutionOrderSort (0ms)
		DisableScriptedObjects (8ms)
		BackupInstance (0ms)
		ReleaseScriptingObjects (0ms)
		CreateAndSetChildDomain (31ms)
	RebuildCommonClasses (45ms)
	RebuildNativeTypeToScriptingClass (16ms)
	initialDomainReloadingComplete (26ms)
	LoadAllAssembliesAndSetupDomain (14ms)
		LoadAssemblies (137ms)
		RebuildTransferFunctionScriptingTraits (0ms)
		AnalyzeDomain (9ms)
			TypeCache.Refresh (3ms)
				TypeCache.ScanAssembly (0ms)
			BuildScriptInfoCaches (3ms)
			ResolveRequiredComponents (1ms)
	FinalizeReload (510ms)
		ReleaseScriptCaches (0ms)
		RebuildScriptCaches (0ms)
		SetupLoadedEditorAssemblies (357ms)
			LogAssemblyErrors (0ms)
			InitializePlatformSupportModulesInManaged (3ms)
			SetLoadedEditorAssemblies (4ms)
			BeforeProcessingInitializeOnLoad (91ms)
			ProcessInitializeOnLoadAttributes (192ms)
			ProcessInitializeOnLoadMethodAttributes (53ms)
			AfterProcessingInitializeOnLoad (12ms)
			EditorAssembliesLoaded (0ms)
		ExecutionOrderSort2 (0ms)
		AwakeInstancesAfterBackupRestoration (10ms)
Refreshing native plugins compatible for Editor in 0.00 ms, found 0 plugins.
Preloading 0 native plugins for Editor in 0.00 ms.
Unloading 0 Unused Serialized files (Serialized files now loaded: 0)
Unloading 63 unused Assets / (1.0 KB). Loaded Objects now: 564.
Memory consumption went from 52.7 MB to 52.7 MB.
Total: 4.517200 ms (FindLiveObjects: 0.043900 ms CreateObjectMapping: 0.005600 ms MarkObjects: 4.434800 ms  DeleteObjects: 0.031800 ms)

Prepare: number of updated asset objects reloaded= 0
========================================================================
Received Prepare
Begin MonoManager ReloadAssembly
- Loaded All Assemblies, in  0.332 seconds
Refreshing native plugins compatible for Editor in 0.00 ms, found 0 plugins.
Native extension for WindowsStandalone target not found
Native extension for WebGL target not found
Mono: successfully reloaded assembly
- Finished resetting the current domain, in  0.439 seconds
Domain Reload Profiling: 768ms
	BeginReloadAssembly (225ms)
		ExecutionOrderSort (0ms)
		DisableScriptedObjects (9ms)
		BackupInstance (0ms)
		ReleaseScriptingObjects (0ms)
		CreateAndSetChildDomain (37ms)
	RebuildCommonClasses (50ms)
	RebuildNativeTypeToScriptingClass (15ms)
	initialDomainReloadingComplete (26ms)
	LoadAllAssembliesAndSetupDomain (12ms)
		LoadAssemblies (143ms)
		RebuildTransferFunctionScriptingTraits (0ms)
		AnalyzeDomain (8ms)
			TypeCache.Refresh (3ms)
				TypeCache.ScanAssembly (0ms)
			BuildScriptInfoCaches (2ms)
			ResolveRequiredComponents (0ms)
	FinalizeReload (439ms)
		ReleaseScriptCaches (0ms)
		RebuildScriptCaches (0ms)
		SetupLoadedEditorAssemblies (294ms)
			LogAssemblyErrors (0ms)
			InitializePlatformSupportModulesInManaged (4ms)
			SetLoadedEditorAssemblies (5ms)
			BeforeProcessingInitializeOnLoad (84ms)
			ProcessInitializeOnLoadAttributes (147ms)
			ProcessInitializeOnLoadMethodAttributes (47ms)
			AfterProcessingInitializeOnLoad (8ms)
			EditorAssembliesLoaded (0ms)
		ExecutionOrderSort2 (0ms)
		AwakeInstancesAfterBackupRestoration (10ms)
Refreshing native plugins compatible for Editor in 0.00 ms, found 0 plugins.
Preloading 0 native plugins for Editor in 0.00 ms.
Unloading 0 Unused Serialized files (Serialized files now loaded: 0)
Unloading 63 unused Assets / (1.0 KB). Loaded Objects now: 564.
Memory consumption went from 52.7 MB to 52.7 MB.
Total: 4.187500 ms (FindLiveObjects: 0.044900 ms CreateObjectMapping: 0.006800 ms MarkObjects: 4.098900 ms  DeleteObjects: 0.035600 ms)

Prepare: number of updated asset objects reloaded= 0
========================================================================
Received Prepare
Begin MonoManager ReloadAssembly
- Loaded All Assemblies, in  0.324 seconds
Refreshing native plugins compatible for Editor in 0.00 ms, found 0 plugins.
Native extension for WindowsStandalone target not found
Native extension for WebGL target not found
Mono: successfully reloaded assembly
- Finished resetting the current domain, in  0.562 seconds
Domain Reload Profiling: 883ms
	BeginReloadAssembly (217ms)
		ExecutionOrderSort (0ms)
		DisableScriptedObjects (8ms)
		BackupInstance (0ms)
		ReleaseScriptingObjects (0ms)
		CreateAndSetChildDomain (30ms)
	RebuildCommonClasses (46ms)
	RebuildNativeTypeToScriptingClass (17ms)
	initialDomainReloadingComplete (26ms)
	LoadAllAssembliesAndSetupDomain (14ms)
		LoadAssemblies (139ms)
		RebuildTransferFunctionScriptingTraits (0ms)
		AnalyzeDomain (10ms)
			TypeCache.Refresh (3ms)
				TypeCache.ScanAssembly (0ms)
			BuildScriptInfoCaches (3ms)
			ResolveRequiredComponents (1ms)
	FinalizeReload (563ms)
		ReleaseScriptCaches (0ms)
		RebuildScriptCaches (0ms)
		SetupLoadedEditorAssemblies (367ms)
			LogAssemblyErrors (0ms)
			InitializePlatformSupportModulesInManaged (3ms)
			SetLoadedEditorAssemblies (6ms)
			BeforeProcessingInitializeOnLoad (89ms)
			ProcessInitializeOnLoadAttributes (190ms)
			ProcessInitializeOnLoadMethodAttributes (63ms)
			AfterProcessingInitializeOnLoad (15ms)
			EditorAssembliesLoaded (1ms)
		ExecutionOrderSort2 (0ms)
		AwakeInstancesAfterBackupRestoration (17ms)
Refreshing native plugins compatible for Editor in 0.00 ms, found 0 plugins.
Preloading 0 native plugins for Editor in 0.00 ms.
Unloading 0 Unused Serialized files (Serialized files now loaded: 0)
Unloading 63 unused Assets / (1.0 KB). Loaded Objects now: 564.
Memory consumption went from 52.7 MB to 52.7 MB.
Total: 5.769900 ms (FindLiveObjects: 0.047200 ms CreateObjectMapping: 0.006100 ms MarkObjects: 5.670500 ms  DeleteObjects: 0.044900 ms)

Prepare: number of updated asset objects reloaded= 0
========================================================================
Received Prepare
Begin MonoManager ReloadAssembly
- Loaded All Assemblies, in  0.321 seconds
Refreshing native plugins compatible for Editor in 0.00 ms, found 0 plugins.
Native extension for WindowsStandalone target not found
Native extension for WebGL target not found
Mono: successfully reloaded assembly
- Finished resetting the current domain, in  0.744 seconds
Domain Reload Profiling: 1062ms
	BeginReloadAssembly (211ms)
		ExecutionOrderSort (0ms)
		DisableScriptedObjects (8ms)
		BackupInstance (0ms)
		ReleaseScriptingObjects (0ms)
		CreateAndSetChildDomain (31ms)
	RebuildCommonClasses (47ms)
	RebuildNativeTypeToScriptingClass (17ms)
	initialDomainReloadingComplete (28ms)
	LoadAllAssembliesAndSetupDomain (15ms)
		LoadAssemblies (130ms)
		RebuildTransferFunctionScriptingTraits (0ms)
		AnalyzeDomain (10ms)
			TypeCache.Refresh (4ms)
				TypeCache.ScanAssembly (0ms)
			BuildScriptInfoCaches (3ms)
			ResolveRequiredComponents (1ms)
	FinalizeReload (744ms)
		ReleaseScriptCaches (0ms)
		RebuildScriptCaches (0ms)
		SetupLoadedEditorAssemblies (559ms)
			LogAssemblyErrors (0ms)
			InitializePlatformSupportModulesInManaged (3ms)
			SetLoadedEditorAssemblies (5ms)
			BeforeProcessingInitializeOnLoad (94ms)
			ProcessInitializeOnLoadAttributes (202ms)
			ProcessInitializeOnLoadMethodAttributes (234ms)
			AfterProcessingInitializeOnLoad (20ms)
			EditorAssembliesLoaded (0ms)
		ExecutionOrderSort2 (0ms)
		AwakeInstancesAfterBackupRestoration (16ms)
Refreshing native plugins compatible for Editor in 0.00 ms, found 0 plugins.
Preloading 0 native plugins for Editor in 0.00 ms.
Unloading 0 Unused Serialized files (Serialized files now loaded: 0)
Unloading 63 unused Assets / (1.0 KB). Loaded Objects now: 564.
Memory consumption went from 52.7 MB to 52.7 MB.
Total: 9.344000 ms (FindLiveObjects: 0.044600 ms CreateObjectMapping: 0.006600 ms MarkObjects: 9.260000 ms  DeleteObjects: 0.031800 ms)

Prepare: number of updated asset objects reloaded= 0
========================================================================
Received Prepare
Begin MonoManager ReloadAssembly
- Loaded All Assemblies, in  0.373 seconds
Refreshing native plugins compatible for Editor in 0.00 ms, found 0 plugins.
Native extension for WindowsStandalone target not found
Native extension for WebGL target not found
Mono: successfully reloaded assembly
- Finished resetting the current domain, in  0.458 seconds
Domain Reload Profiling: 830ms
	BeginReloadAssembly (261ms)
		ExecutionOrderSort (0ms)
		DisableScriptedObjects (9ms)
		BackupInstance (0ms)
		ReleaseScriptingObjects (0ms)
		CreateAndSetChildDomain (37ms)
	RebuildCommonClasses (53ms)
	RebuildNativeTypeToScriptingClass (16ms)
	initialDomainReloadingComplete (25ms)
	LoadAllAssembliesAndSetupDomain (14ms)
		LoadAssemblies (178ms)
		RebuildTransferFunctionScriptingTraits (0ms)
		AnalyzeDomain (10ms)
			TypeCache.Refresh (3ms)
				TypeCache.ScanAssembly (0ms)
			BuildScriptInfoCaches (4ms)
			ResolveRequiredComponents (1ms)
	FinalizeReload (459ms)
		ReleaseScriptCaches (0ms)
		RebuildScriptCaches (0ms)
		SetupLoadedEditorAssemblies (303ms)
			LogAssemblyErrors (0ms)
			InitializePlatformSupportModulesInManaged (4ms)
			SetLoadedEditorAssemblies (6ms)
			BeforeProcessingInitializeOnLoad (92ms)
			ProcessInitializeOnLoadAttributes (161ms)
			ProcessInitializeOnLoadMethodAttributes (32ms)
			AfterProcessingInitializeOnLoad (8ms)
			EditorAssembliesLoaded (0ms)
		ExecutionOrderSort2 (0ms)
		AwakeInstancesAfterBackupRestoration (13ms)
Refreshing native plugins compatible for Editor in 0.00 ms, found 0 plugins.
Preloading 0 native plugins for Editor in 0.00 ms.
Unloading 0 Unused Serialized files (Serialized files now loaded: 0)
Unloading 63 unused Assets / (1.0 KB). Loaded Objects now: 564.
Memory consumption went from 52.7 MB to 52.7 MB.
Total: 6.230900 ms (FindLiveObjects: 0.044700 ms CreateObjectMapping: 0.006400 ms MarkObjects: 6.145400 ms  DeleteObjects: 0.033300 ms)

Prepare: number of updated asset objects reloaded= 0
========================================================================
Received Prepare
Begin MonoManager ReloadAssembly
- Loaded All Assemblies, in  0.333 seconds
Refreshing native plugins compatible for Editor in 0.00 ms, found 0 plugins.
Native extension for WindowsStandalone target not found
Native extension for WebGL target not found
Mono: successfully reloaded assembly
- Finished resetting the current domain, in  0.522 seconds
Domain Reload Profiling: 852ms
	BeginReloadAssembly (219ms)
		ExecutionOrderSort (0ms)
		DisableScriptedObjects (9ms)
		BackupInstance (0ms)
		ReleaseScriptingObjects (0ms)
		CreateAndSetChildDomain (32ms)
	RebuildCommonClasses (50ms)
	RebuildNativeTypeToScriptingClass (16ms)
	initialDomainReloadingComplete (28ms)
	LoadAllAssembliesAndSetupDomain (16ms)
		LoadAssemblies (142ms)
		RebuildTransferFunctionScriptingTraits (0ms)
		AnalyzeDomain (11ms)
			TypeCache.Refresh (4ms)
				TypeCache.ScanAssembly (0ms)
			BuildScriptInfoCaches (4ms)
			ResolveRequiredComponents (1ms)
	FinalizeReload (523ms)
		ReleaseScriptCaches (0ms)
		RebuildScriptCaches (0ms)
		SetupLoadedEditorAssemblies (374ms)
			LogAssemblyErrors (0ms)
			InitializePlatformSupportModulesInManaged (3ms)
			SetLoadedEditorAssemblies (5ms)
			BeforeProcessingInitializeOnLoad (177ms)
			ProcessInitializeOnLoadAttributes (150ms)
			ProcessInitializeOnLoadMethodAttributes (31ms)
			AfterProcessingInitializeOnLoad (7ms)
			EditorAssembliesLoaded (0ms)
		ExecutionOrderSort2 (0ms)
		AwakeInstancesAfterBackupRestoration (9ms)
Refreshing native plugins compatible for Editor in 0.00 ms, found 0 plugins.
Preloading 0 native plugins for Editor in 0.00 ms.
Unloading 0 Unused Serialized files (Serialized files now loaded: 0)
Unloading 63 unused Assets / (1.0 KB). Loaded Objects now: 564.
Memory consumption went from 52.7 MB to 52.7 MB.
Total: 3.322900 ms (FindLiveObjects: 0.040400 ms CreateObjectMapping: 0.005000 ms MarkObjects: 3.237000 ms  DeleteObjects: 0.039800 ms)

Prepare: number of updated asset objects reloaded= 0
